ID,Typ,Gewicht,image_name,poll_withers,poll_shoulder,poll_elbow,poll_croup,poll_hip,poll_dock,poll_knee,poll_carpus,poll_front_fetlock,poll_front_hoof,poll_hock,poll_hind_fetlock,poll_hind_hoof,poll_girth,poll_lower_neck,poll_back,poll_throat,poll_belly,poll_belly_end,withers_shoulder,withers_elbow,withers_croup,withers_hip,withers_dock,withers_knee,withers_carpus,withers_front_fetlock,withers_front_hoof,withers_hock,withers_hind_fetlock,withers_hind_hoof,withers_girth,withers_lower_neck,withers_back,withers_throat,withers_belly,withers_belly_end,shoulder_elbow,shoulder_croup,shoulder_hip,shoulder_dock,shoulder_knee,shoulder_carpus,shoulder_front_fetlock,shoulder_front_hoof,shoulder_hock,shoulder_hind_fetlock,shoulder_hind_hoof,shoulder_girth,shoulder_lower_neck,shoulder_back,shoulder_throat,shoulder_belly,shoulder_belly_end,elbow_croup,elbow_hip,elbow_dock,elbow_knee,elbow_carpus,elbow_front_fetlock,elbow_front_hoof,elbow_hock,elbow_hind_fetlock,elbow_hind_hoof,elbow_girth,elbow_lower_neck,elbow_back,elbow_throat,elbow_belly,elbow_belly_end,croup_hip,croup_dock,croup_knee,croup_carpus,croup_front_fetlock,croup_front_hoof,croup_hock,croup_hind_fetlock,croup_hind_hoof,croup_girth,croup_lower_neck,croup_back,croup_throat,croup_belly,croup_belly_end,hip_dock,hip_knee,hip_carpus,hip_front_fetlock,hip_front_hoof,hip_hock,hip_hind_fetlock,hip_hind_hoof,hip_girth,hip_lower_neck,hip_back,hip_throat,hip_belly,hip_belly_end,dock_knee,dock_carpus,dock_front_fetlock,dock_front_hoof,dock_hock,dock_hind_fetlock,dock_hind_hoof,dock_girth,dock_lower_neck,dock_back,dock_throat,dock_belly,dock_belly_end,knee_carpus,knee_front_fetlock,knee_front_hoof,knee_hock,knee_hind_fetlock,knee_hind_hoof,knee_girth,knee_lower_neck,knee_back,knee_throat,knee_belly,knee_belly_end,carpus_front_fetlock,carpus_front_hoof,carpus_hock,carpus_hind_fetlock,carpus_hind_hoof,carpus_girth,carpus_lower_neck,carpus_back,carpus_throat,carpus_belly,carpus_belly_end,front_fetlock_front_hoof,front_fetlock_hock,front_fetlock_hind_fetlock,front_fetlock_hind_hoof,front_fetlock_girth,front_fetlock_lower_neck,front_fetlock_back,front_fetlock_throat,front_fetlock_belly,front_fetlock_belly_end,front_hoof_hock,front_hoof_hind_fetlock,front_hoof_hind_hoof,front_hoof_girth,front_hoof_lower_neck,front_hoof_back,front_hoof_throat,front_hoof_belly,front_hoof_belly_end,hock_hind_fetlock,hock_hind_hoof,hock_girth,hock_lower_neck,hock_back,hock_throat,hock_belly,hock_belly_end,hind_fetlock_hind_hoof,hind_fetlock_girth,hind_fetlock_lower_neck,hind_fetlock_back,hind_fetlock_throat,hind_fetlock_belly,hind_fetlock_belly_end,hind_hoof_girth,hind_hoof_lower_neck,hind_hoof_back,hind_hoof_throat,hind_hoof_belly,hind_hoof_belly_end,girth_lower_neck,girth_back,girth_throat,girth_belly,girth_belly_end,lower_neck_back,lower_neck_throat,lower_neck_belly,lower_neck_belly_end,back_throat,back_belly,back_belly_end,throat_belly,throat_belly_end,belly_belly_end,poll_height,withers_height,shoulder_height,elbow_height,croup_height,hip_height,dock_height,knee_height,carpus_height,front_fetlock_height,hock_height,hind_fetlock_height,girth_height,lower_neck_height,back_height,throat_height,belly_height,belly_end_height
1,Warmblut,565.0,001_020725_3.jpg,879.0,935.0,1260.0,1616.0,1623.0,2002.0,1803.0,1573.0,1806.0,1949.0,2123.0,2193.0,2236.0,1323.0,815.0,1079.0,343.0,1588.0,1744.0,605.0,699.0,743.0,744.0,1125.0,971.0,1085.0,1325.0,1512.0,1339.0,1500.0,1597.0,731.0,604.0,202.0,771.0,842.0,909.0,347.0,1133.0,1094.0,1359.0,1035.0,641.0,880.0,1038.0,1265.0,1276.0,1304.0,414.0,127.0,649.0,630.0,742.0,989.0,967.0,910.0,1095.0,730.0,386.0,628.0,813.0,921.0,935.0,979.0,67.0,474.0,636.0,972.0,413.0,693.0,79.0,449.0,568.0,1245.0,1417.0,1607.0,959.0,1260.0,1423.0,943.0,1202.0,558.0,1504.0,737.0,526.0,405.0,489.0,1175.0,1344.0,1532.0,882.0,1181.0,1344.0,882.0,1170.0,551.0,1495.0,663.0,446.0,408.0,1248.0,1352.0,1520.0,658.0,1007.0,1191.0,1047.0,1457.0,924.0,1842.0,726.0,419.0,842.0,948.0,1121.0,405.0,693.0,859.0,673.0,1148.0,778.0,1589.0,330.0,62.0,245.0,427.0,852.0,720.0,696.0,359.0,758.0,1009.0,1254.0,531.0,832.0,195.0,847.0,618.0,536.0,595.0,993.0,1239.0,1481.0,681.0,953.0,972.0,690.0,559.0,784.0,1143.0,1432.0,1616.0,870.0,1131.0,355.0,543.0,854.0,1389.0,1157.0,1871.0,536.0,463.0,189.0,871.0,1403.0,1343.0,1906.0,659.0,736.0,920.0,1429.0,1454.0,1932.0,772.0,898.0,541.0,650.0,1038.0,351.0,639.0,687.0,504.0,863.0,1099.0,946.0,685.0,716.0,1337.0,1534.0,307.0,1793.0,1522.0,1007.0,819.0,1416.0,1338.0,1080.0,845.0,430.0,188.0,454.0,151.0,787.0,1087.0,1425.0,1455.0,765.0,892.0
1,Warmblut,565.0,001_020725_1.jpg,720.0,873.0,1136.0,1384.0,1478.0,1728.0,1599.0,1432.0,1647.0,1779.0,1837.0,1923.0,1999.0,1178.0,727.0,909.0,367.0,1405.0,1530.0,545.0,653.0,673.0,759.0,1008.0,899.0,1011.0,1231.0,1407.0,1182.0,1340.0,1456.0,671.0,529.0,190.0,583.0,776.0,833.0,284.0,983.0,992.0,1166.0,926.0,561.0,781.0,930.0,1052.0,1072.0,1130.0,334.0,159.0,562.0,528.0,630.0,859.0,867.0,837.0,963.0,691.0,359.0,579.0,755.0,773.0,792.0,863.0,52.0,442.0,580.0,805.0,367.0,630.0,146.0,395.0,483.0,1142.0,1306.0,1495.0,842.0,1131.0,1297.0,841.0,1064.0,502.0,1242.0,660.0,459.0,261.0,350.0,1076.0,1223.0,1410.0,707.0,1006.0,1176.0,803.0,1091.0,575.0,1306.0,577.0,338.0,304.0,1130.0,1237.0,1413.0,583.0,910.0,1088.0,921.0,1284.0,819.0,1534.0,633.0,345.0,828.0,934.0,1112.0,359.0,657.0,829.0,645.0,1061.0,713.0,1355.0,338.0,70.0,224.0,396.0,741.0,607.0,610.0,349.0,706.0,933.0,1076.0,504.0,788.0,190.0,759.0,532.0,472.0,563.0,920.0,1144.0,1287.0,647.0,908.0,906.0,635.0,526.0,744.0,1057.0,1328.0,1414.0,836.0,1090.0,330.0,507.0,722.0,1206.0,1008.0,1548.0,434.0,396.0,177.0,746.0,1230.0,1190.0,1597.0,568.0,672.0,824.0,1286.0,1318.0,1658.0,701.0,839.0,491.0,584.0,852.0,317.0,585.0,598.0,373.0,780.0,992.0,740.0,622.0,648.0,1114.0,1285.0,288.0,1713.0,1412.0,928.0,755.0,1280.0,1142.0,969.0,793.0,395.0,171.0,431.0,154.0,736.0,1037.0,1307.0,1351.0,704.0,822.0
1,Warmblut,565.0,001_020725_2.jpg,765.0,838.0,1107.0,1509.0,1487.0,1901.0,1662.0,1431.0,1670.0,1802.0,2000.0,2085.0,2130.0,1162.0,728.0,963.0,319.0,1420.0,1586.0,593.0,647.0,751.0,722.0,1137.0,937.0,1031.0,1276.0,1452.0,1322.0,1491.0,1583.0,678.0,541.0,202.0,665.0,792.0,861.0,305.0,1143.0,1048.0,1378.0,1019.0,594.0,836.0,980.0,1257.0,1275.0,1301.0,362.0,110.0,637.0,540.0,680.0,951.0,974.0,856.0,1130.0,742.0,385.0,633.0,806.0,953.0,981.0,1024.0,58.0,398.0,591.0,829.0,382.0,681.0,141.0,458.0,551.0,1236.0,1410.0,1595.0,959.0,1272.0,1431.0,956.0,1155.0,571.0,1406.0,765.0,519.0,422.0,419.0,1101.0,1271.0,1455.0,837.0,1139.0,1295.0,834.0,1070.0,526.0,1356.0,627.0,381.0,422.0,1263.0,1366.0,1532.0,665.0,1024.0,1204.0,1091.0,1422.0,938.0,1750.0,793.0,461.0,841.0,951.0,1122.0,427.0,722.0,882.0,696.0,1081.0,742.0,1459.0,379.0,77.0,250.0,421.0,866.0,752.0,735.0,355.0,704.0,958.0,1127.0,484.0,808.0,187.0,857.0,643.0,570.0,598.0,946.0,1192.0,1360.0,645.0,936.0,982.0,714.0,596.0,776.0,1089.0,1375.0,1487.0,831.0,1113.0,362.0,545.0,896.0,1343.0,1139.0,1760.0,586.0,489.0,184.0,925.0,1376.0,1332.0,1810.0,700.0,762.0,970.0,1407.0,1439.0,1840.0,798.0,914.0,456.0,606.0,887.0,330.0,637.0,619.0,434.0,760.0,1011.0,836.0,641.0,667.0,1174.0,1384.0,332.0,1624.0,1452.0,928.0,805.0,1426.0,1293.0,1115.0,875.0,421.0,179.0,478.0,154.0,776.0,1025.0,1367.0,1319.0,757.0,913.0
2,Warmblut,591.0,002_030725_1.JPG,1097.0,1072.0,1463.0,1980.0,1966.0,2452.0,2150.0,1736.0,1985.0,2130.0,2604.0,2730.0,2775.0,1513.0,966.0,1296.0,446.0,1910.0,2098.0,708.0,797.0,897.0,872.0,1355.0,1089.0,1178.0,1427.0,1629.0,1581.0,1789.0,1878.0,797.0,696.0,202.0,901.0,957.0,1037.0,409.0,1423.0,1353.0,1751.0,1301.0,670.0,927.0,1094.0,1656.0,1707.0,1730.0,471.0,107.0,773.0,651.0,951.0,1256.0,1238.0,1147.0,1468.0,969.0,380.0,632.0,832.0,1266.0,1298.0,1322.0,70.0,514.0,754.0,1056.0,576.0,930.0,112.0,514.0,613.0,1531.0,1694.0,1896.0,1082.0,1435.0,1587.0,1187.0,1464.0,716.0,1791.0,883.0,589.0,492.0,507.0,1429.0,1586.0,1788.0,988.0,1333.0,1483.0,1092.0,1400.0,681.0,1754.0,773.0,480.0,537.0,1667.0,1761.0,1940.0,768.0,1162.0,1336.0,1403.0,1814.0,1157.0,2216.0,952.0,559.0,1134.0,1225.0,1407.0,517.0,830.0,976.0,900.0,1380.0,891.0,1846.0,420.0,52.0,261.0,453.0,1282.0,1196.0,1170.0,391.0,774.0,1127.0,1301.0,715.0,1108.0,210.0,1266.0,1101.0,1038.0,630.0,1028.0,1361.0,1545.0,827.0,1209.0,1395.0,1178.0,1087.0,836.0,1190.0,1569.0,1686.0,1021.0,1395.0,396.0,571.0,1197.0,1750.0,1390.0,2261.0,708.0,565.0,177.0,1236.0,1810.0,1616.0,2347.0,837.0,867.0,1266.0,1836.0,1715.0,2378.0,921.0,1008.0,574.0,736.0,1113.0,506.0,862.0,787.0,544.0,1043.0,1333.0,1076.0,796.0,839.0,1554.0,1796.0,393.0,1928.0,1626.0,1059.0,832.0,1590.0,1483.0,1287.0,976.0,454.0,199.0,536.0,158.0,828.0,1138.0,1539.0,1512.0,803.0,1004.0
2,Warmblut,591.0,002_030725_2.JPG,1056.0,1054.0,1449.0,1877.0,1868.0,2339.0,2090.0,1736.0,1986.0,2145.0,2555.0,2703.0,2771.0,1496.0,957.0,1248.0,406.0,1878.0,2024.0,699.0,799.0,838.0,817.0,1284.0,1061.0,1175.0,1427.0,1632.0,1552.0,1767.0,1874.0,784.0,681.0,196.0,931.0,941.0,996.0,415.0,1365.0,1300.0,1690.0,1281.0,685.0,941.0,1116.0,1657.0,1722.0,1761.0,481.0,98.0,747.0,697.0,958.0,1222.0,1194.0,1108.0,1419.0,954.0,376.0,631.0,834.0,1271.0,1310.0,1345.0,84.0,510.0,739.0,1109.0,588.0,903.0,104.0,491.0,593.0,1484.0,1657.0,1856.0,1042.0,1387.0,1554.0,1124.0,1395.0,673.0,1767.0,829.0,564.0,474.0,496.0,1388.0,1556.0,1755.0,960.0,1296.0,1459.0,1036.0,1336.0,638.0,1735.0,725.0,463.0,509.0,1617.0,1725.0,1900.0,724.0,1110.0,1297.0,1337.0,1741.0,1099.0,2188.0,890.0,537.0,1115.0,1216.0,1393.0,504.0,805.0,964.0,870.0,1348.0,866.0,1867.0,388.0,65.0,262.0,459.0,1293.0,1218.0,1200.0,403.0,781.0,1107.0,1361.0,728.0,1080.0,209.0,1293.0,1140.0,1083.0,644.0,1035.0,1345.0,1603.0,849.0,1195.0,1416.0,1212.0,1125.0,852.0,1207.0,1554.0,1753.0,1039.0,1377.0,388.0,577.0,1190.0,1738.0,1360.0,2299.0,700.0,564.0,190.0,1241.0,1813.0,1587.0,2404.0,835.0,851.0,1285.0,1855.0,1701.0,2453.0,934.0,1005.0,572.0,704.0,1168.0,505.0,819.0,755.0,600.0,1038.0,1287.0,1097.0,770.0,802.0,1603.0,1803.0,353.0,1994.0,1626.0,1087.0,834.0,1554.0,1456.0,1266.0,959.0,460.0,201.0,549.0,175.0,840.0,1167.0,1518.0,1591.0,809.0,993.0
3,Kleinpferd,500.0,003_030725_3.JPG,1454.0,1414.0,1879.0,2827.0,2836.0,3573.0,3068.0,2329.0,2646.0,2762.0,3713.0,3889.0,3990.0,2041.0,1176.0,1723.0,636.0,2615.0,2898.0,1034.0,1139.0,1381.0,1382.0,2124.0,1714.0,1786.0,2137.0,2366.0,2405.0,2707.0,2873.0,1133.0,959.0,280.0,1200.0,1413.0,1540.0,486.0,2121.0,2047.0,2616.0,1910.0,948.0,1292.0,1465.0,2456.0,2535.0,2608.0,687.0,240.0,1097.0,803.0,1350.0,1764.0,1894.0,1789.0,2256.0,1490.0,647.0,998.0,1230.0,1989.0,2049.0,2124.0,225.0,710.0,1078.0,1284.0,901.0,1362.0,171.0,875.0,1055.0,2399.0,2664.0,2934.0,1652.0,2173.0,2424.0,1718.0,2171.0,1138.0,2555.0,1341.0,965.0,784.0,884.0,2269.0,2524.0,2794.0,1490.0,2004.0,2254.0,1602.0,2114.0,1122.0,2528.0,1187.0,795.0,849.0,2582.0,2754.0,3015.0,1061.0,1641.0,1914.0,2038.0,2731.0,1850.0,3206.0,1427.0,918.0,1742.0,1905.0,2166.0,704.0,1139.0,1378.0,1265.0,2068.0,1440.0,2601.0,604.0,174.0,355.0,585.0,2041.0,1913.0,1903.0,718.0,1182.0,1716.0,1695.0,1156.0,1666.0,270.0,2088.0,1861.0,1800.0,1043.0,1521.0,2056.0,2009.0,1360.0,1856.0,2314.0,2042.0,1952.0,1297.0,1682.0,2301.0,2128.0,1629.0,2123.0,581.0,854.0,1771.0,2645.0,2136.0,3204.0,1112.0,873.0,273.0,1858.0,2751.0,2459.0,3326.0,1304.0,1280.0,1950.0,2833.0,2636.0,3408.0,1460.0,1506.0,894.0,1018.0,1468.0,677.0,1139.0,1082.0,575.0,1533.0,1914.0,1418.0,1181.0,1267.0,2092.0,2440.0,510.0,2511.0,2348.0,1449.0,1212.0,2408.0,2237.0,1869.0,1353.0,569.0,215.0,828.0,264.0,1223.0,1644.0,2233.0,1956.0,1192.0,1452.0
3,Kleinpferd,500.0,003_030725_1.JPG,1286.0,1455.0,1835.0,2302.0,2392.0,2846.0,2570.0,2291.0,2567.0,2688.0,2990.0,3157.0,3238.0,1903.0,1237.0,1478.0,586.0,2300.0,2463.0,854.0,942.0,1034.0,1111.0,1561.0,1322.0,1507.0,1787.0,1974.0,1787.0,2042.0,2169.0,997.0,853.0,198.0,1013.0,1167.0,1219.0,426.0,1562.0,1559.0,1855.0,1406.0,840.0,1122.0,1266.0,1696.0,1762.0,1814.0,487.0,235.0,847.0,899.0,991.0,1308.0,1330.0,1290.0,1508.0,1023.0,565.0,847.0,1032.0,1273.0,1341.0,1406.0,68.0,659.0,843.0,1305.0,576.0,933.0,153.0,626.0,744.0,1744.0,1939.0,2151.0,1221.0,1631.0,1820.0,1334.0,1693.0,868.0,2036.0,1026.0,706.0,488.0,605.0,1666.0,1846.0,2056.0,1072.0,1487.0,1678.0,1286.0,1707.0,931.0,2095.0,929.0,578.0,526.0,1741.0,1853.0,2051.0,786.0,1231.0,1435.0,1483.0,2038.0,1370.0,2504.0,1000.0,588.0,1215.0,1335.0,1538.0,504.0,888.0,1076.0,988.0,1612.0,1125.0,2153.0,479.0,107.0,288.0,467.0,1236.0,1108.0,1091.0,513.0,1054.0,1402.0,1721.0,752.0,1163.0,211.0,1244.0,1016.0,948.0,791.0,1329.0,1674.0,1992.0,916.0,1303.0,1413.0,1137.0,1036.0,980.0,1457.0,1869.0,2106.0,1127.0,1510.0,444.0,648.0,1219.0,1923.0,1593.0,2526.0,710.0,589.0,205.0,1276.0,1997.0,1861.0,2645.0,878.0,946.0,1339.0,2049.0,1994.0,2709.0,1003.0,1125.0,722.0,889.0,1371.0,530.0,902.0,900.0,670.0,1215.0,1510.0,1168.0,992.0,1022.0,1820.0,2047.0,414.0,2496.0,1990.0,1243.0,1040.0,1835.0,1687.0,1351.0,1084.0,470.0,185.0,608.0,188.0,983.0,1389.0,1866.0,1931.0,933.0,1136.0
4,Warmblut,512.0,004_030725_3.JPG,969.0,1204.0,1650.0,2107.0,2090.0,2679.0,2435.0,2053.0,2364.0,2543.0,3060.0,3350.0,3463.0,1737.0,1030.0,1282.0,440.0,2090.0,2273.0,817.0,980.0,1177.0,1137.0,1721.0,1474.0,1464.0,1789.0,2012.0,2103.0,2424.0,2558.0,998.0,730.0,313.0,810.0,1193.0,1314.0,510.0,1717.0,1609.0,2101.0,1643.0,851.0,1160.0,1346.0,2183.0,2357.0,2423.0,640.0,174.0,892.0,783.0,1137.0,1486.0,1484.0,1345.0,1744.0,1220.0,486.0,809.0,1035.0,1708.0,1852.0,1913.0,146.0,662.0,879.0,1260.0,676.0,1078.0,165.0,614.0,765.0,1855.0,2096.0,2327.0,1290.0,1742.0,1943.0,1376.0,1731.0,901.0,1986.0,1037.0,713.0,590.0,619.0,1701.0,1936.0,2166.0,1179.0,1617.0,1811.0,1231.0,1637.0,841.0,1935.0,874.0,552.0,594.0,1992.0,2158.0,2365.0,810.0,1290.0,1510.0,1608.0,2156.0,1417.0,2508.0,1121.0,685.0,1412.0,1565.0,1772.0,633.0,1019.0,1201.0,1077.0,1731.0,1163.0,2183.0,556.0,165.0,327.0,549.0,1751.0,1765.0,1769.0,517.0,1024.0,1358.0,1633.0,873.0,1307.0,236.0,1795.0,1720.0,1683.0,821.0,1334.0,1671.0,1937.0,1071.0,1487.0,1952.0,1827.0,1762.0,1055.0,1518.0,1904.0,2110.0,1296.0,1703.0,480.0,701.0,1563.0,2294.0,1794.0,2787.0,1046.0,790.0,225.0,1717.0,2491.0,2128.0,3036.0,1264.0,1150.0,1786.0,2566.0,2270.0,3130.0,1375.0,1319.0,781.0,851.0,1363.0,530.0,937.0,864.0,611.0,1251.0,1570.0,1094.0,927.0,1005.0,1773.0,2018.0,435.0,2451.0,2007.0,1320.0,1026.0,1900.0,1748.0,1510.0,1134.0,544.0,217.0,699.0,219.0,1015.0,1482.0,1852.0,2014.0,1004.0,1199.0
5,Kleinpferd,480.0,005_010725_2.JPG,1180.0,1124.0,1627.0,2183.0,2281.0,2754.0,2448.0,2013.0,2341.0,2524.0,2931.0,3105.0,3246.0,1735.0,957.0,1371.0,539.0,2183.0,2375.0,836.0,1004.0,1018.0,1108.0,1575.0,1305.0,1512.0,1862.0,2112.0,1841.0,2113.0,2305.0,994.0,792.0,196.0,950.0,1195.0,1239.0,515.0,1668.0,1718.0,2042.0,1610.0,902.0,1247.0,1459.0,1969.0,2050.0,2161.0,649.0,167.0,894.0,599.0,1179.0,1531.0,1516.0,1531.0,1735.0,1253.0,508.0,860.0,1109.0,1514.0,1546.0,1648.0,167.0,675.0,955.0,1112.0,731.0,1177.0,121.0,657.0,714.0,1924.0,2198.0,2456.0,1279.0,1719.0,1971.0,1392.0,1699.0,848.0,1954.0,1111.0,709.0,536.0,626.0,1917.0,2177.0,2433.0,1176.0,1626.0,1881.0,1398.0,1759.0,930.0,2033.0,1071.0,631.0,504.0,2011.0,2200.0,2437.0,813.0,1301.0,1562.0,1577.0,2117.0,1383.0,2447.0,1091.0,572.0,1507.0,1700.0,1941.0,588.0,1006.0,1258.0,1091.0,1707.0,1111.0,2077.0,587.0,79.0,356.0,601.0,1581.0,1452.0,1472.0,556.0,1067.0,1457.0,1475.0,921.0,1440.0,262.0,1655.0,1419.0,1376.0,885.0,1409.0,1797.0,1802.0,1125.0,1643.0,1850.0,1563.0,1480.0,1144.0,1615.0,2054.0,1987.0,1374.0,1887.0,490.0,750.0,1349.0,2096.0,1652.0,2506.0,791.0,629.0,261.0,1402.0,2199.0,1940.0,2631.0,932.0,1022.0,1518.0,2317.0,2140.0,2753.0,1111.0,1268.0,800.0,914.0,1236.0,564.0,1015.0,885.0,437.0,1311.0,1628.0,1106.0,1036.0,1045.0,1729.0,2000.0,522.0,2446.0,2074.0,1461.0,1088.0,1981.0,1889.0,1506.0,1264.0,589.0,232.0,719.0,255.0,1076.0,1611.0,1969.0,1936.0,987.0,1272.0
5,Kleinpferd,480.0,005_010725_3.JPG,1286.0,1131.0,1624.0,2234.0,2217.0,2870.0,2569.0,1950.0,2271.0,2477.0,3261.0,3549.0,3675.0,1708.0,1017.0,1418.0,560.0,2220.0,2455.0,903.0,1009.0,955.0,932.0,1586.0,1355.0,1511.0,1863.0,2156.0,2065.0,2437.0,2619.0,981.0,877.0,140.0,1039.0,1192.0,1246.0,506.0,1684.0,1617.0,2145.0,1681.0,842.0,1187.0,1436.0,2302.0,2506.0,2596.0,612.0,115.0,937.0,584.0,1196.0,1570.0,1505.0,1416.0,1823.0,1287.0,503.0,855.0,1148.0,1848.0,2012.0,2092.0,134.0,615.0,969.0,1088.0,737.0,1186.0,108.0,696.0,808.0,1938.0,2221.0,2520.0,1418.0,1906.0,2158.0,1398.0,1706.0,837.0,1975.0,1125.0,760.0,672.0,712.0,1840.0,2119.0,2417.0,1343.0,1822.0,2069.0,1306.0,1645.0,806.0,1935.0,1017.0,657.0,611.0,2142.0,2342.0,2615.0,862.0,1392.0,1675.0,1694.0,2196.0,1452.0,2542.0,1192.0,672.0,1550.0,1734.0,2005.0,710.0,1130.0,1363.0,1153.0,1752.0,1215.0,2158.0,595.0,115.0,359.0,645.0,1967.0,1998.0,2007.0,561.0,953.0,1471.0,1391.0,955.0,1471.0,302.0,2038.0,1974.0,1931.0,895.0,1295.0,1817.0,1712.0,1157.0,1673.0,2250.0,2126.0,2045.0,1195.0,1539.0,2115.0,1925.0,1440.0,1950.0,530.0,818.0,1717.0,2387.0,1925.0,2821.0,1112.0,819.0,293.0,1894.0,2604.0,2303.0,3064.0,1330.0,1221.0,1985.0,2700.0,2489.0,3169.0,1464.0,1442.0,715.0,924.0,1185.0,605.0,1053.0,928.0,473.0,1287.0,1640.0,1141.0,1076.0,1107.0,1739.0,2044.0,519.0,2352.0,2103.0,1431.0,1115.0,2071.0,1968.0,1675.0,1271.0,631.0,272.0,817.0,286.0,1124.0,1529.0,2028.0,1852.0,1032.0,1311.0
6,Warmblut,495.0,006_030725_3.JPG,1075.0,1149.0,1526.0,1950.0,1896.0,2442.0,2150.0,1851.0,2113.0,2283.0,2664.0,2840.0,2948.0,1598.0,1020.0,1295.0,446.0,1875.0,2058.0,678.0,810.0,898.0,832.0,1368.0,1099.0,1210.0,1485.0,1707.0,1649.0,1914.0,2072.0,816.0,641.0,220.0,878.0,922.0,1009.0,394.0,1364.0,1275.0,1690.0,1238.0,707.0,977.0,1169.0,1636.0,1725.0,1811.0,484.0,128.0,739.0,734.0,841.0,1148.0,1212.0,1118.0,1430.0,929.0,400.0,677.0,897.0,1260.0,1332.0,1423.0,104.0,518.0,757.0,1125.0,492.0,849.0,95.0,532.0,622.0,1501.0,1699.0,1921.0,1154.0,1589.0,1815.0,1136.0,1398.0,698.0,1773.0,884.0,598.0,558.0,561.0,1408.0,1609.0,1832.0,1113.0,1533.0,1754.0,1042.0,1312.0,626.0,1703.0,795.0,527.0,532.0,1603.0,1728.0,1923.0,811.0,1297.0,1541.0,1332.0,1755.0,1151.0,2216.0,972.0,591.0,1072.0,1201.0,1403.0,579.0,973.0,1194.0,827.0,1324.0,885.0,1855.0,448.0,94.0,279.0,497.0,1215.0,1135.0,1164.0,411.0,834.0,1145.0,1423.0,640.0,1016.0,230.0,1211.0,1019.0,994.0,674.0,1102.0,1407.0,1678.0,816.0,1163.0,1345.0,1075.0,996.0,901.0,1289.0,1635.0,1841.0,1037.0,1372.0,489.0,735.0,1160.0,1745.0,1444.0,2326.0,802.0,655.0,246.0,1248.0,1849.0,1735.0,2455.0,994.0,1021.0,1351.0,1938.0,1906.0,2545.0,1152.0,1234.0,603.0,735.0,1207.0,388.0,749.0,739.0,608.0,945.0,1232.0,1077.0,756.0,797.0,1524.0,1761.0,381.0,1933.0,1715.0,1085.0,900.0,1811.0,1737.0,1550.0,1186.0,499.0,231.0,730.0,243.0,912.0,1178.0,1654.0,1528.0,979.0,1206.0
6,Warmblut,495.0,006_030725_1.JPG,1339.0,1156.0,1602.0,2445.0,2330.0,3015.0,2645.0,1883.0,2129.0,2250.0,3278.0,3454.0,3485.0,1680.0,1045.0,1562.0,492.0,2143.0,2409.0,785.0,922.0,1106.0,1012.0,1700.0,1468.0,1426.0,1725.0,1940.0,2147.0,2458.0,2560.0,940.0,807.0,236.0,1134.0,1122.0,1228.0,445.0,1634.0,1436.0,2064.0,1559.0,803.0,1093.0,1274.0,2151.0,2299.0,2329.0,525.0,114.0,859.0,713.0,1018.0,1340.0,1436.0,1200.0,1751.0,1168.0,506.0,803.0,1021.0,1721.0,1854.0,1886.0,85.0,558.0,875.0,1153.0,606.0,972.0,260.0,659.0,885.0,1836.0,2061.0,2287.0,1459.0,1929.0,2113.0,1382.0,1714.0,885.0,2195.0,1063.0,774.0,688.0,679.0,1582.0,1803.0,2028.0,1309.0,1746.0,1916.0,1140.0,1525.0,777.0,2040.0,803.0,531.0,720.0,2020.0,2171.0,2376.0,989.0,1510.0,1730.0,1676.0,2163.0,1465.0,2707.0,1203.0,808.0,1338.0,1462.0,1661.0,681.0,1071.0,1237.0,1085.0,1670.0,1246.0,2259.0,564.0,242.0,301.0,515.0,1727.0,1710.0,1679.0,509.0,888.0,1378.0,1396.0,820.0,1212.0,230.0,1739.0,1631.0,1560.0,797.0,1170.0,1668.0,1638.0,1008.0,1379.0,1881.0,1714.0,1614.0,1021.0,1340.0,1892.0,1760.0,1230.0,1593.0,525.0,754.0,1636.0,2264.0,1927.0,2863.0,1136.0,919.0,237.0,1775.0,2411.0,2258.0,3002.0,1354.0,1274.0,1812.0,2440.0,2372.0,3020.0,1440.0,1420.0,638.0,871.0,1235.0,522.0,891.0,908.0,599.0,1131.0,1449.0,1320.0,949.0,1009.0,1728.0,2032.0,396.0,1787.0,1954.0,1228.0,1029.0,2051.0,1809.0,1743.0,1170.0,519.0,221.0,751.0,223.0,1022.0,1261.0,1898.0,1417.0,1063.0,1274.0
6,Warmblut,495.0,006_030725_2.JPG,1807.0,1571.0,2120.0,3057.0,3086.0,3714.0,3313.0,2444.0,2690.0,2861.0,3848.0,3989.0,4068.0,2268.0,1457.0,2057.0,678.0,2747.0,3113.0,1014.0,1165.0,1252.0,1285.0,1921.0,1628.0,1758.0,2069.0,2360.0,2220.0,2511.0,2670.0,1154.0,1011.0,264.0,1499.0,1283.0,1438.0,550.0,2000.0,1925.0,2462.0,1906.0,962.0,1260.0,1509.0,2367.0,2440.0,2502.0,708.0,113.0,1091.0,954.0,1247.0,1715.0,1789.0,1658.0,2104.0,1474.0,594.0,904.0,1197.0,1869.0,1900.0,1954.0,188.0,663.0,1112.0,1498.0,773.0,1301.0,230.0,759.0,923.0,2280.0,2528.0,2821.0,1455.0,1941.0,2182.0,1644.0,2053.0,1016.0,2719.0,1248.0,862.0,641.0,693.0,2118.0,2352.0,2640.0,1237.0,1714.0,1953.0,1501.0,1989.0,1029.0,2702.0,1058.0,635.0,708.0,2458.0,2638.0,2901.0,934.0,1478.0,1742.0,1925.0,2540.0,1661.0,3298.0,1375.0,825.0,1766.0,1933.0,2193.0,605.0,1028.0,1261.0,1287.0,1999.0,1370.0,2813.0,707.0,199.0,313.0,603.0,2000.0,1862.0,1834.0,663.0,1061.0,1702.0,1773.0,1089.0,1634.0,301.0,2082.0,1862.0,1790.0,953.0,1353.0,2005.0,2012.0,1299.0,1823.0,2291.0,2014.0,1907.0,1254.0,1594.0,2303.0,2183.0,1584.0,2096.0,545.0,810.0,1683.0,2470.0,1966.0,3307.0,1120.0,784.0,265.0,1732.0,2551.0,2276.0,3394.0,1266.0,1153.0,1800.0,2615.0,2445.0,3451.0,1396.0,1367.0,819.0,1058.0,1662.0,585.0,1116.0,1115.0,845.0,1350.0,1806.0,1707.0,1078.0,1182.0,2188.0,2616.0,551.0,2602.0,2317.0,1520.0,1162.0,2198.0,1966.0,1696.0,1268.0,585.0,270.0,777.0,251.0,1153.0,1599.0,2188.0,1998.0,1150.0,1348.0
7,Spezialrasse/ G-Pony,381.5,007_030725_3.JPG,1176.0,1281.0,1684.0,2169.0,2173.0,2682.0,2403.0,2034.0,2317.0,2511.0,2876.0,3046.0,3152.0,1746.0,1119.0,1348.0,576.0,2133.0,2328.0,798.0,911.0,1040.0,1020.0,1512.0,1246.0,1341.0,1635.0,1883.0,1753.0,2006.0,2165.0,891.0,782.0,173.0,975.0,1080.0,1168.0,435.0,1638.0,1566.0,1927.0,1448.0,754.0,1043.0,1254.0,1787.0,1844.0,1910.0,532.0,168.0,865.0,755.0,1019.0,1393.0,1463.0,1367.0,1632.0,1098.0,430.0,727.0,972.0,1373.0,1409.0,1480.0,123.0,601.0,892.0,1184.0,622.0,1057.0,127.0,590.0,772.0,1782.0,1995.0,2239.0,1275.0,1713.0,1956.0,1360.0,1701.0,878.0,2013.0,1089.0,717.0,531.0,647.0,1672.0,1879.0,2120.0,1157.0,1590.0,1831.0,1260.0,1640.0,851.0,1983.0,968.0,590.0,584.0,1834.0,1972.0,2185.0,871.0,1352.0,1614.0,1512.0,2030.0,1339.0,2444.0,1078.0,594.0,1256.0,1389.0,1605.0,547.0,946.0,1185.0,975.0,1576.0,1085.0,2065.0,504.0,80.0,300.0,542.0,1359.0,1245.0,1242.0,469.0,916.0,1314.0,1492.0,755.0,1240.0,254.0,1374.0,1155.0,1092.0,751.0,1199.0,1600.0,1765.0,919.0,1389.0,1528.0,1239.0,1122.0,1003.0,1402.0,1852.0,1947.0,1155.0,1612.0,481.0,745.0,1259.0,1938.0,1602.0,2480.0,771.0,625.0,264.0,1319.0,2008.0,1877.0,2586.0,930.0,1011.0,1407.0,2078.0,2049.0,2663.0,1088.0,1245.0,692.0,849.0,1267.0,502.0,935.0,879.0,587.0,1167.0,1517.0,1135.0,961.0,1006.0,1712.0,1997.0,485.0,2279.0,1882.0,1200.0,972.0,1956.0,1831.0,1562.0,1184.0,542.0,247.0,709.0,248.0,995.0,1315.0,1839.0,1722.0,969.0,1242.0
7,Spezialrasse/ G-Pony,381.5,007_030725_1.JPG,914.0,1007.0,1309.0,1719.0,1749.0,2252.0,1985.0,1704.0,1969.0,2135.0,2344.0,2473.0,2568.0,1363.0,864.0,981.0,494.0,1708.0,1857.0,709.0,753.0,888.0,877.0,1360.0,1080.0,1195.0,1464.0,1677.0,1454.0,1642.0,1776.0,729.0,667.0,71.0,771.0,886.0,951.0,351.0,1500.0,1434.0,1826.0,1333.0,698.0,963.0,1137.0,1592.0,1598.0,1645.0,446.0,144.0,752.0,543.0,900.0,1223.0,1362.0,1266.0,1590.0,1041.0,447.0,722.0,928.0,1262.0,1248.0,1297.0,113.0,481.0,765.0,877.0,575.0,946.0,159.0,592.0,780.0,1693.0,1903.0,2123.0,1143.0,1510.0,1717.0,1273.0,1507.0,819.0,1659.0,1041.0,717.0,509.0,622.0,1572.0,1772.0,1990.0,987.0,1351.0,1558.0,1171.0,1456.0,806.0,1644.0,902.0,561.0,625.0,1795.0,1937.0,2139.0,804.0,1220.0,1444.0,1481.0,1874.0,1288.0,2110.0,1089.0,668.0,1183.0,1313.0,1514.0,399.0,730.0,937.0,928.0,1413.0,1019.0,1724.0,487.0,128.0,276.0,482.0,1267.0,1105.0,1077.0,471.0,841.0,1201.0,1235.0,707.0,1127.0,222.0,1315.0,1070.0,986.0,736.0,1105.0,1467.0,1492.0,875.0,1281.0,1481.0,1193.0,1074.0,951.0,1275.0,1682.0,1648.0,1090.0,1490.0,416.0,640.0,1153.0,1694.0,1398.0,2041.0,693.0,518.0,224.0,1156.0,1722.0,1598.0,2104.0,767.0,815.0,1218.0,1778.0,1738.0,2171.0,890.0,1010.0,566.0,731.0,953.0,464.0,834.0,721.0,401.0,1003.0,1298.0,841.0,850.0,891.0,1362.0,1601.0,421.0,2097.0,1636.0,1132.0,916.0,1709.0,1551.0,1305.0,930.0,471.0,195.0,570.0,199.0,914.0,1265.0,1624.0,1603.0,818.0,1011.0
8,Warmblut,491.0,008_030725_1.JPG,1123.0,1256.0,1731.0,2184.0,2161.0,2790.0,2493.0,2131.0,2450.0,2680.0,3188.0,3470.0,3582.0,1816.0,1129.0,1433.0,458.0,2167.0,2376.0,834.0,1010.0,1086.0,1052.0,1670.0,1392.0,1542.0,1882.0,2169.0,2102.0,2434.0,2584.0,986.0,804.0,310.0,999.0,1150.0,1279.0,506.0,1660.0,1593.0,2079.0,1577.0,881.0,1212.0,1467.0,2168.0,2349.0,2416.0,644.0,130.0,932.0,849.0,1120.0,1462.0,1471.0,1391.0,1754.0,1184.0,537.0,873.0,1163.0,1702.0,1851.0,1910.0,182.0,634.0,942.0,1348.0,691.0,1080.0,86.0,644.0,756.0,1922.0,2188.0,2474.0,1377.0,1830.0,2059.0,1316.0,1703.0,803.0,2081.0,991.0,721.0,642.0,685.0,1837.0,2102.0,2388.0,1326.0,1772.0,1996.0,1234.0,1640.0,759.0,2041.0,905.0,643.0,623.0,2082.0,2272.0,2529.0,897.0,1381.0,1641.0,1574.0,2151.0,1365.0,2637.0,1099.0,695.0,1464.0,1649.0,1908.0,717.0,1112.0,1320.0,1001.0,1670.0,1091.0,2255.0,498.0,119.0,342.0,627.0,1793.0,1798.0,1780.0,629.0,1005.0,1475.0,1702.0,988.0,1387.0,295.0,1852.0,1766.0,1696.0,942.0,1331.0,1802.0,2011.0,1213.0,1590.0,2041.0,1892.0,1783.0,1237.0,1580.0,2096.0,2233.0,1493.0,1857.0,484.0,747.0,1534.0,2278.0,1805.0,2918.0,1054.0,824.0,270.0,1707.0,2470.0,2155.0,3155.0,1303.0,1199.0,1784.0,2541.0,2318.0,3243.0,1436.0,1395.0,764.0,863.0,1459.0,509.0,898.0,944.0,719.0,1226.0,1553.0,1282.0,902.0,981.0,1870.0,2136.0,405.0,2593.0,2145.0,1462.0,1138.0,2029.0,1956.0,1636.0,1272.0,617.0,275.0,738.0,255.0,1162.0,1566.0,2006.0,2136.0,1162.0,1315.0
8,Warmblut,491.0,008_030725_3.JPG,1295.0,1419.0,1862.0,2435.0,2390.0,3048.0,2720.0,2290.0,2593.0,2821.0,3275.0,3442.0,3515.0,1953.0,1318.0,1570.0,550.0,2363.0,2557.0,873.0,1031.0,1161.0,1105.0,1755.0,1462.0,1605.0,1933.0,2225.0,2060.0,2334.0,2472.0,1017.0,853.0,275.0,1080.0,1191.0,1296.0,465.0,1730.0,1641.0,2159.0,1596.0,889.0,1211.0,1473.0,2021.0,2076.0,2118.0,594.0,103.0,944.0,911.0,1135.0,1464.0,1541.0,1443.0,1855.0,1220.0,576.0,902.0,1196.0,1578.0,1611.0,1658.0,160.0,567.0,970.0,1372.0,737.0,1113.0,101.0,648.0,814.0,2001.0,2251.0,2539.0,1401.0,1894.0,2131.0,1408.0,1772.0,906.0,2233.0,1018.0,718.0,667.0,738.0,1900.0,2151.0,2439.0,1342.0,1821.0,2053.0,1308.0,1686.0,843.0,2169.0,920.0,632.0,712.0,2182.0,2361.0,2616.0,1040.0,1603.0,1873.0,1699.0,2223.0,1485.0,2794.0,1158.0,758.0,1480.0,1649.0,1905.0,634.0,1082.0,1318.0,1061.0,1677.0,1197.0,2365.0,485.0,166.0,330.0,620.0,1617.0,1443.0,1392.0,637.0,983.0,1541.0,1756.0,1031.0,1428.0,300.0,1663.0,1376.0,1265.0,945.0,1301.0,1858.0,2052.0,1246.0,1625.0,1849.0,1486.0,1323.0,1244.0,1557.0,2156.0,2273.0,1526.0,1895.0,568.0,844.0,1431.0,2115.0,1806.0,2871.0,915.0,791.0,278.0,1496.0,2178.0,2112.0,2978.0,1145.0,1206.0,1564.0,2221.0,2268.0,3029.0,1304.0,1426.0,692.0,914.0,1483.0,577.0,954.0,953.0,808.0,1222.0,1541.0,1327.0,968.0,1031.0,1957.0,2211.0,400.0,2638.0,2215.0,1458.0,1185.0,2131.0,2054.0,1775.0,1318.0,616.0,286.0,763.0,238.0,1202.0,1531.0,2104.0,2108.0,1234.0,1425.0
11,Warmblut,510.0,011_030725_3.JPG,1483.0,1126.0,1613.0,2715.0,2697.0,3302.0,2825.0,1887.0,2136.0,2301.0,3432.0,3598.0,3647.0,1849.0,1013.0,1786.0,461.0,2291.0,2686.0,996.0,1078.0,1243.0,1233.0,1879.0,1552.0,1676.0,1977.0,2273.0,2244.0,2570.0,2709.0,1095.0,968.0,345.0,1398.0,1243.0,1409.0,489.0,1944.0,1904.0,2392.0,1810.0,862.0,1157.0,1407.0,2353.0,2479.0,2522.0,738.0,118.0,1105.0,752.0,1217.0,1683.0,1690.0,1639.0,2028.0,1393.0,602.0,899.0,1200.0,1883.0,1991.0,2034.0,267.0,600.0,1027.0,1235.0,769.0,1279.0,68.0,705.0,832.0,2194.0,2420.0,2726.0,1445.0,1938.0,2166.0,1492.0,1980.0,929.0,2559.0,1153.0,770.0,683.0,767.0,2135.0,2358.0,2664.0,1389.0,1877.0,2103.0,1436.0,1944.0,911.0,2530.0,1089.0,703.0,701.0,2405.0,2563.0,2844.0,960.0,1496.0,1756.0,1779.0,2454.0,1540.0,3083.0,1307.0,770.0,1714.0,1863.0,2143.0,705.0,1132.0,1344.0,1131.0,1891.0,1216.0,2542.0,633.0,144.0,305.0,598.0,2019.0,1964.0,1926.0,709.0,973.0,1624.0,1439.0,1101.0,1635.0,312.0,2070.0,1933.0,1855.0,968.0,1265.0,1909.0,1679.0,1287.0,1803.0,2290.0,2094.0,1981.0,1280.0,1507.0,2217.0,1839.0,1586.0,2091.0,536.0,798.0,1620.0,2449.0,1914.0,3104.0,1142.0,841.0,268.0,1750.0,2588.0,2264.0,3224.0,1356.0,1244.0,1811.0,2635.0,2419.0,3253.0,1472.0,1444.0,841.0,959.0,1489.0,503.0,1021.0,1112.0,656.0,1310.0,1760.0,1642.0,978.0,1074.0,1965.0,2409.0,537.0,2060.0,2234.0,1405.0,1162.0,2149.0,2083.0,1737.0,1315.0,581.0,276.0,781.0,249.0,1145.0,1498.0,2089.0,1646.0,1165.0,1386.0
12,Vollblut,431.0,012_040725_1.JPG,564.0,454.0,681.0,1108.0,1063.0,1385.0,1167.0,837.0,977.0,1043.0,1463.0,1552.0,1600.0,751.0,410.0,684.0,206.0,941.0,1101.0,417.0,482.0,546.0,506.0,841.0,690.0,742.0,911.0,1020.0,1019.0,1175.0,1257.0,488.0,399.0,132.0,501.0,553.0,612.0,229.0,837.0,777.0,1048.0,771.0,409.0,570.0,660.0,1036.0,1104.0,1147.0,305.0,45.0,460.0,261.0,515.0,718.0,740.0,673.0,890.0,581.0,262.0,429.0,541.0,818.0,875.0,919.0,84.0,271.0,460.0,489.0,310.0,542.0,68.0,329.0,402.0,955.0,1090.0,1209.0,692.0,926.0,1044.0,679.0,845.0,424.0,1015.0,532.0,343.0,342.0,353.0,886.0,1022.0,1141.0,659.0,885.0,1000.0,611.0,786.0,379.0,962.0,465.0,288.0,344.0,1043.0,1142.0,1254.0,472.0,727.0,855.0,812.0,1067.0,711.0,1264.0,602.0,353.0,704.0,798.0,910.0,334.0,536.0,647.0,498.0,799.0,564.0,1014.0,274.0,80.0,169.0,279.0,847.0,825.0,831.0,286.0,454.0,719.0,631.0,444.0,692.0,119.0,880.0,808.0,788.0,444.0,613.0,884.0,772.0,563.0,801.0,969.0,872.0,836.0,561.0,702.0,998.0,841.0,681.0,916.0,256.0,384.0,735.0,1071.0,896.0,1292.0,523.0,414.0,129.0,801.0,1145.0,1063.0,1364.0,631.0,612.0,852.0,1190.0,1152.0,1406.0,705.0,720.0,344.0,442.0,565.0,225.0,462.0,455.0,222.0,549.0,744.0,598.0,457.0,486.0,769.0,954.0,249.0,935.0,1016.0,652.0,534.0,1025.0,971.0,852.0,624.0,274.0,106.0,381.0,127.0,534.0,689.0,974.0,769.0,553.0,684.0
12,Vollblut,431.0,012_040725_2.JPG,553.0,490.0,713.0,1053.0,1021.0,1350.0,1107.0,891.0,1022.0,1077.0,1411.0,1479.0,1502.0,748.0,449.0,641.0,204.0,920.0,1044.0,387.0,450.0,500.0,469.0,800.0,611.0,694.0,839.0,930.0,952.0,1090.0,1148.0,441.0,372.0,92.0,510.0,502.0,542.0,226.0,786.0,724.0,1007.0,689.0,412.0,552.0,623.0,950.0,993.0,1012.0,269.0,42.0,416.0,315.0,465.0,640.0,696.0,622.0,854.0,502.0,244.0,389.0,479.0,730.0,767.0,790.0,55.0,266.0,430.0,541.0,262.0,466.0,82.0,334.0,396.0,880.0,990.0,1091.0,707.0,935.0,1033.0,649.0,793.0,416.0,998.0,522.0,350.0,335.0,321.0,800.0,908.0,1009.0,646.0,865.0,960.0,573.0,734.0,380.0,952.0,440.0,270.0,378.0,968.0,1040.0,1134.0,521.0,781.0,895.0,800.0,1025.0,710.0,1266.0,610.0,392.0,591.0,664.0,760.0,351.0,547.0,639.0,447.0,716.0,524.0,983.0,243.0,71.0,146.0,236.0,700.0,652.0,641.0,261.0,454.0,670.0,697.0,367.0,583.0,101.0,700.0,598.0,563.0,401.0,594.0,811.0,824.0,468.0,670.0,770.0,639.0,586.0,496.0,664.0,906.0,875.0,569.0,768.0,261.0,378.0,682.0,985.0,869.0,1262.0,492.0,421.0,118.0,732.0,1033.0,1017.0,1307.0,590.0,609.0,762.0,1054.0,1081.0,1321.0,646.0,697.0,305.0,410.0,583.0,207.0,411.0,410.0,278.0,497.0,664.0,583.0,436.0,454.0,773.0,926.0,219.0,880.0,944.0,582.0,487.0,1036.0,956.0,905.0,634.0,241.0,98.0,374.0,112.0,506.0,614.0,924.0,699.0,538.0,680.0
13,Warmblut,585.0,013_070725_1.JPG,399.0,430.0,611.0,812.0,785.0,1044.0,911.0,772.0,896.0,976.0,1161.0,1257.0,1305.0,642.0,391.0,497.0,167.0,794.0,867.0,316.0,383.0,422.0,390.0,645.0,520.0,581.0,708.0,810.0,779.0,898.0,962.0,374.0,297.0,99.0,363.0,443.0,478.0,191.0,657.0,614.0,818.0,615.0,344.0,469.0,557.0,822.0,878.0,908.0,240.0,39.0,346.0,280.0,439.0,573.0,595.0,548.0,704.0,476.0,198.0,325.0,427.0,652.0,692.0,718.0,65.0,227.0,360.0,469.0,277.0,438.0,46.0,252.0,288.0,749.0,844.0,948.0,520.0,697.0,792.0,541.0,658.0,336.0,784.0,411.0,277.0,265.0,259.0,703.0,799.0,903.0,504.0,675.0,767.0,494.0,616.0,301.0,749.0,368.0,242.0,242.0,808.0,873.0,967.0,341.0,533.0,638.0,640.0,829.0,550.0,994.0,447.0,271.0,567.0,631.0,727.0,265.0,419.0,508.0,412.0,633.0,423.0,830.0,207.0,44.0,129.0,229.0,669.0,652.0,649.0,222.0,383.0,553.0,616.0,362.0,538.0,106.0,685.0,631.0,607.0,341.0,508.0,676.0,736.0,439.0,609.0,757.0,680.0,641.0,447.0,595.0,781.0,813.0,540.0,708.0,191.0,297.0,590.0,847.0,683.0,1065.0,384.0,303.0,107.0,638.0,909.0,808.0,1142.0,464.0,448.0,671.0,942.0,876.0,1180.0,520.0,533.0,272.0,335.0,510.0,213.0,374.0,337.0,242.0,463.0,590.0,449.0,362.0,381.0,686.0,786.0,176.0,941.0,803.0,552.0,423.0,785.0,754.0,632.0,497.0,227.0,98.0,292.0,102.0,429.0,589.0,756.0,774.0,423.0,512.0
13,Warmblut,585.0,013_070725_2.JPG,455.0,487.0,648.0,830.0,847.0,1034.0,942.0,805.0,927.0,1010.0,1145.0,1234.0,1273.0,696.0,432.0,560.0,177.0,828.0,903.0,319.0,363.0,387.0,399.0,580.0,495.0,566.0,692.0,799.0,706.0,821.0,876.0,357.0,305.0,106.0,424.0,417.0,456.0,174.0,622.0,619.0,746.0,588.0,321.0,446.0,539.0,747.0,793.0,815.0,244.0,55.0,354.0,344.0,418.0,554.0,551.0,539.0,629.0,451.0,203.0,329.0,436.0,587.0,621.0,641.0,83.0,226.0,345.0,516.0,266.0,422.0,34.0,227.0,274.0,714.0,810.0,919.0,470.0,641.0,724.0,486.0,636.0,292.0,810.0,376.0,254.0,199.0,241.0,696.0,788.0,897.0,436.0,607.0,691.0,471.0,635.0,300.0,821.0,351.0,223.0,196.0,743.0,809.0,909.0,295.0,480.0,572.0,549.0,774.0,475.0,991.0,381.0,213.0,548.0,613.0,713.0,218.0,371.0,452.0,368.0,623.0,391.0,871.0,190.0,39.0,129.0,234.0,617.0,589.0,579.0,235.0,374.0,544.0,651.0,362.0,531.0,112.0,639.0,572.0,542.0,349.0,499.0,664.0,767.0,440.0,602.0,719.0,629.0,584.0,460.0,589.0,774.0,844.0,547.0,705.0,185.0,279.0,507.0,791.0,605.0,1058.0,330.0,254.0,94.0,551.0,843.0,728.0,1126.0,408.0,401.0,580.0,867.0,788.0,1155.0,459.0,478.0,292.0,315.0,576.0,183.0,340.0,356.0,290.0,461.0,588.0,521.0,333.0,353.0,731.0,833.0,169.0,989.0,781.0,540.0,426.0,727.0,694.0,559.0,452.0,229.0,99.0,267.0,86.0,423.0,589.0,727.0,812.0,406.0,476.0
16,Vollblut,511.5,016_070725_1.JPG,502.0,443.0,645.0,889.0,867.0,1132.0,973.0,781.0,908.0,967.0,1220.0,1305.0,1312.0,693.0,415.0,588.0,180.0,846.0,929.0,321.0,377.0,391.0,366.0,630.0,493.0,585.0,725.0,822.0,759.0,886.0,920.0,368.0,324.0,88.0,464.0,422.0,451.0,204.0,648.0,610.0,832.0,613.0,352.0,489.0,568.0,823.0,877.0,876.0,262.0,29.0,354.0,297.0,443.0,571.0,580.0,537.0,709.0,463.0,208.0,348.0,446.0,637.0,675.0,671.0,74.0,234.0,360.0,501.0,269.0,426.0,45.0,263.0,287.0,757.0,869.0,976.0,531.0,721.0,793.0,522.0,664.0,314.0,852.0,403.0,272.0,271.0,253.0,713.0,825.0,931.0,507.0,692.0,761.0,478.0,627.0,285.0,823.0,359.0,235.0,260.0,839.0,920.0,1022.0,364.0,574.0,666.0,638.0,853.0,545.0,1074.0,458.0,287.0,579.0,661.0,763.0,272.0,441.0,508.0,389.0,638.0,406.0,884.0,200.0,44.0,142.0,238.0,676.0,647.0,612.0,241.0,376.0,567.0,614.0,381.0,553.0,106.0,705.0,632.0,576.0,370.0,512.0,703.0,735.0,475.0,641.0,791.0,698.0,631.0,474.0,588.0,805.0,789.0,580.0,746.0,211.0,306.0,566.0,850.0,674.0,1112.0,381.0,311.0,102.0,615.0,906.0,808.0,1174.0,468.0,469.0,619.0,905.0,848.0,1172.0,498.0,531.0,291.0,335.0,559.0,196.0,354.0,364.0,268.0,470.0,596.0,538.0,352.0,365.0,731.0,840.0,172.0,917.0,803.0,567.0,431.0,792.0,757.0,647.0,505.0,229.0,87.0,287.0,81.0,435.0,585.0,763.0,739.0,434.0,522.0
17,Warmblut,566.0,017_160725_1.JPG,1105.0,1111.0,1594.0,2251.0,2222.0,2897.0,2549.0,1963.0,2251.0,2400.0,3282.0,3587.0,3722.0,1705.0,956.0,1421.0,441.0,2148.0,2414.0,864.0,1041.0,1149.0,1120.0,1797.0,1514.0,1509.0,1824.0,2054.0,2267.0,2644.0,2829.0,1003.0,771.0,323.0,974.0,1254.0,1384.0,499.0,1738.0,1603.0,2196.0,1686.0,858.0,1160.0,1339.0,2345.0,2567.0,2665.0,659.0,162.0,968.0,696.0,1165.0,1557.0,1553.0,1370.0,1869.0,1292.0,468.0,784.0,1014.0,1890.0,2078.0,2168.0,218.0,640.0,981.0,1192.0,722.0,1174.0,231.0,723.0,833.0,1895.0,2133.0,2388.0,1468.0,1970.0,2236.0,1361.0,1734.0,853.0,2100.0,1114.0,782.0,678.0,623.0,1687.0,1915.0,2169.0,1307.0,1789.0,2044.0,1169.0,1618.0,802.0,2028.0,887.0,559.0,642.0,2072.0,2224.0,2461.0,886.0,1421.0,1719.0,1652.0,2237.0,1477.0,2684.0,1209.0,720.0,1441.0,1582.0,1819.0,754.0,1185.0,1427.0,1076.0,1758.0,1202.0,2264.0,587.0,135.0,318.0,549.0,1884.0,1949.0,1974.0,565.0,1019.0,1431.0,1534.0,863.0,1352.0,256.0,1908.0,1884.0,1860.0,858.0,1322.0,1734.0,1816.0,1044.0,1513.0,2092.0,2014.0,1953.0,1107.0,1500.0,1979.0,1960.0,1294.0,1756.0,534.0,835.0,1692.0,2441.0,1956.0,2971.0,1180.0,883.0,308.0,1911.0,2686.0,2351.0,3236.0,1440.0,1293.0,2022.0,2796.0,2550.0,3350.0,1590.0,1522.0,776.0,877.0,1330.0,515.0,957.0,924.0,555.0,1265.0,1626.0,1247.0,1007.0,1075.0,1806.0,2129.0,489.0,2146.0,2064.0,1289.0,1018.0,2099.0,1872.0,1717.0,1276.0,549.0,234.0,839.0,307.0,1085.0,1438.0,1963.0,1743.0,1054.0,1314.0
17,Warmblut,566.0,017_160725_2.JPG,1009.0,1027.0,1431.0,2040.0,2044.0,2601.0,2270.0,1791.0,2085.0,2260.0,2741.0,2904.0,3008.0,1511.0,911.0,1277.0,363.0,1940.0,2160.0,739.0,868.0,1035.0,1035.0,1593.0,1311.0,1343.0,1652.0,1894.0,1826.0,2078.0,2239.0,882.0,702.0,272.0,882.0,1112.0,1207.0,421.0,1525.0,1463.0,1931.0,1457.0,774.0,1080.0,1285.0,1834.0,1921.0,1999.0,517.0,116.0,824.0,688.0,1008.0,1348.0,1334.0,1241.0,1632.0,1107.0,476.0,785.0,1027.0,1431.0,1499.0,1581.0,105.0,531.0,813.0,1104.0,612.0,1004.0,138.0,618.0,695.0,1688.0,1908.0,2161.0,1207.0,1622.0,1865.0,1261.0,1557.0,783.0,1904.0,1000.0,669.0,566.0,560.0,1575.0,1785.0,2036.0,1081.0,1489.0,1729.0,1162.0,1504.0,770.0,1885.0,872.0,531.0,577.0,1853.0,1988.0,2216.0,828.0,1290.0,1555.0,1536.0,1991.0,1324.0,2422.0,1100.0,652.0,1281.0,1413.0,1643.0,548.0,930.0,1170.0,1005.0,1535.0,1047.0,2033.0,532.0,111.0,314.0,551.0,1428.0,1344.0,1347.0,484.0,888.0,1277.0,1437.0,753.0,1201.0,257.0,1440.0,1256.0,1198.0,779.0,1192.0,1571.0,1726.0,920.0,1351.0,1615.0,1369.0,1264.0,1029.0,1392.0,1823.0,1897.0,1167.0,1588.0,462.0,728.0,1327.0,1930.0,1573.0,2471.0,826.0,633.0,266.0,1406.0,2029.0,1850.0,2597.0,976.0,983.0,1497.0,2112.0,2027.0,2685.0,1127.0,1210.0,623.0,794.0,1192.0,508.0,903.0,824.0,574.0,1104.0,1425.0,1121.0,906.0,946.0,1653.0,1922.0,448.0,2062.0,1893.0,1250.0,1026.0,1858.0,1720.0,1515.0,1165.0,550.0,241.0,703.0,254.0,1016.0,1343.0,1795.0,1722.0,957.0,1191.0
18,Kleinpferd,415.0,018_070725_2.JPG,430.0,465.0,631.0,853.0,820.0,1109.0,963.0,801.0,925.0,987.0,1257.0,1389.0,1444.0,674.0,382.0,506.0,175.0,823.0,890.0,320.0,367.0,439.0,398.0,681.0,542.0,582.0,709.0,794.0,845.0,1001.0,1072.0,373.0,282.0,77.0,369.0,441.0,471.0,181.0,679.0,624.0,854.0,628.0,338.0,465.0,535.0,876.0,966.0,1006.0,236.0,83.0,345.0,301.0,432.0,557.0,605.0,545.0,730.0,480.0,216.0,343.0,428.0,703.0,786.0,825.0,61.0,254.0,353.0,477.0,269.0,415.0,61.0,279.0,324.0,776.0,869.0,960.0,594.0,807.0,910.0,563.0,681.0,370.0,808.0,436.0,306.0,293.0,284.0,715.0,809.0,900.0,570.0,777.0,876.0,502.0,629.0,325.0,765.0,378.0,255.0,272.0,843.0,903.0,987.0,393.0,618.0,731.0,674.0,878.0,605.0,1040.0,482.0,320.0,573.0,631.0,716.0,309.0,498.0,594.0,421.0,669.0,467.0,861.0,217.0,74.0,130.0,212.0,711.0,729.0,738.0,226.0,421.0,566.0,632.0,363.0,526.0,92.0,714.0,691.0,681.0,344.0,548.0,689.0,753.0,438.0,596.0,776.0,730.0,706.0,434.0,617.0,777.0,813.0,528.0,684.0,225.0,339.0,643.0,932.0,772.0,1140.0,446.0,376.0,116.0,731.0,1034.0,934.0,1253.0,567.0,552.0,774.0,1078.0,1009.0,1300.0,632.0,640.0,304.0,346.0,526.0,208.0,357.0,325.0,222.0,486.0,596.0,440.0,381.0,397.0,696.0,787.0,164.0,891.0,798.0,513.0,430.0,868.0,819.0,734.0,546.0,213.0,87.0,341.0,115.0,431.0,586.0,779.0,725.0,457.0,562.0
18,Kleinpferd,415.0,018_070725_1.JPG,413.0,439.0,589.0,771.0,796.0,958.0,855.0,739.0,843.0,906.0,1015.0,1077.0,1106.0,612.0,390.0,473.0,163.0,736.0,814.0,280.0,318.0,369.0,386.0,546.0,450.0,515.0,624.0,710.0,626.0,718.0,765.0,325.0,275.0,60.0,353.0,372.0,410.0,162.0,570.0,559.0,683.0,523.0,303.0,410.0,482.0,636.0,661.0,679.0,190.0,51.0,297.0,291.0,350.0,487.0,495.0,468.0,565.0,388.0,198.0,307.0,393.0,479.0,499.0,520.0,29.0,212.0,302.0,449.0,200.0,357.0,62.0,213.0,253.0,652.0,734.0,823.0,437.0,593.0,666.0,478.0,591.0,314.0,722.0,367.0,236.0,167.0,192.0,613.0,689.0,778.0,375.0,531.0,605.0,448.0,585.0,327.0,734.0,322.0,179.0,190.0,671.0,726.0,808.0,294.0,465.0,545.0,540.0,716.0,486.0,887.0,381.0,211.0,481.0,538.0,621.0,194.0,340.0,413.0,361.0,562.0,391.0,759.0,194.0,41.0,111.0,195.0,495.0,445.0,434.0,197.0,350.0,499.0,583.0,295.0,462.0,91.0,512.0,426.0,394.0,302.0,456.0,606.0,685.0,368.0,526.0,579.0,473.0,428.0,390.0,525.0,694.0,745.0,457.0,612.0,171.0,252.0,450.0,682.0,570.0,902.0,287.0,228.0,81.0,472.0,711.0,669.0,946.0,348.0,364.0,495.0,730.0,718.0,968.0,393.0,434.0,239.0,304.0,475.0,172.0,331.0,302.0,240.0,395.0,525.0,408.0,326.0,351.0,616.0,719.0,170.0,874.0,704.0,482.0,387.0,668.0,605.0,510.0,414.0,192.0,81.0,231.0,72.0,378.0,521.0,676.0,711.0,365.0,437.0
18,Kleinpferd,415.0,018_070725_3.JPG,417.0,440.0,589.0,767.0,799.0,961.0,854.0,734.0,842.0,908.0,1013.0,1078.0,1107.0,606.0,388.0,462.0,164.0,739.0,810.0,285.0,318.0,360.0,384.0,544.0,445.0,509.0,623.0,712.0,620.0,716.0,762.0,322.0,277.0,45.0,361.0,371.0,401.0,162.0,571.0,566.0,688.0,524.0,295.0,407.0,483.0,635.0,663.0,680.0,183.0,53.0,295.0,292.0,356.0,485.0,494.0,472.0,567.0,388.0,192.0,305.0,394.0,478.0,501.0,521.0,21.0,213.0,303.0,450.0,205.0,354.0,66.0,222.0,257.0,649.0,734.0,826.0,440.0,596.0,670.0,482.0,589.0,320.0,721.0,366.0,238.0,168.0,194.0,613.0,693.0,783.0,375.0,533.0,607.0,458.0,589.0,341.0,740.0,323.0,181.0,191.0,669.0,727.0,810.0,292.0,462.0,543.0,549.0,719.0,500.0,892.0,378.0,215.0,479.0,538.0,622.0,193.0,340.0,413.0,369.0,562.0,401.0,761.0,190.0,44.0,115.0,202.0,494.0,450.0,439.0,191.0,346.0,495.0,578.0,295.0,458.0,93.0,512.0,429.0,398.0,301.0,457.0,607.0,683.0,370.0,525.0,579.0,475.0,430.0,392.0,529.0,697.0,747.0,461.0,613.0,170.0,251.0,457.0,682.0,577.0,902.0,281.0,230.0,81.0,481.0,714.0,677.0,949.0,346.0,367.0,503.0,733.0,726.0,971.0,391.0,436.0,233.0,305.0,469.0,185.0,336.0,294.0,239.0,401.0,522.0,401.0,335.0,357.0,622.0,717.0,164.0,878.0,705.0,483.0,389.0,672.0,607.0,506.0,414.0,200.0,84.0,231.0,72.0,382.0,526.0,681.0,714.0,365.0,439.0
19,Warmblut,488.0,019_070725_3.JPG,541.0,528.0,737.0,1008.0,1039.0,1237.0,1116.0,896.0,1029.0,1098.0,1275.0,1352.0,1409.0,792.0,453.0,676.0,197.0,961.0,1060.0,387.0,447.0,468.0,499.0,700.0,612.0,671.0,817.0,920.0,810.0,944.0,1027.0,448.0,348.0,140.0,478.0,521.0,559.0,217.0,732.0,722.0,882.0,688.0,374.0,516.0,601.0,794.0,836.0,886.0,285.0,78.0,423.0,348.0,486.0,633.0,640.0,607.0,732.0,510.0,224.0,369.0,474.0,584.0,619.0,672.0,78.0,285.0,411.0,563.0,290.0,460.0,83.0,265.0,343.0,818.0,928.0,1038.0,573.0,782.0,886.0,580.0,736.0,343.0,936.0,458.0,326.0,204.0,261.0,770.0,872.0,981.0,490.0,701.0,806.0,541.0,734.0,364.0,953.0,397.0,249.0,253.0,854.0,931.0,1033.0,417.0,642.0,747.0,658.0,905.0,562.0,1141.0,469.0,285.0,606.0,678.0,780.0,233.0,440.0,544.0,432.0,727.0,476.0,989.0,226.0,57.0,147.0,249.0,593.0,543.0,563.0,248.0,453.0,631.0,706.0,386.0,570.0,111.0,614.0,509.0,500.0,382.0,594.0,769.0,835.0,477.0,651.0,696.0,564.0,536.0,491.0,678.0,878.0,902.0,585.0,756.0,224.0,329.0,510.0,849.0,681.0,1126.0,315.0,269.0,106.0,560.0,904.0,831.0,1183.0,424.0,461.0,621.0,957.0,919.0,1233.0,510.0,563.0,346.0,388.0,626.0,211.0,383.0,409.0,280.0,537.0,671.0,594.0,409.0,423.0,812.0,932.0,184.0,998.0,918.0,588.0,471.0,887.0,806.0,718.0,544.0,248.0,101.0,319.0,104.0,473.0,660.0,856.0,813.0,473.0,563.0
19,Warmblut,488.0,019_070725_1.JPG,589.0,625.0,815.0,1006.0,1014.0,1223.0,1111.0,984.0,1112.0,1179.0,1325.0,1413.0,1438.0,834.0,521.0,666.0,216.0,976.0,1053.0,372.0,434.0,421.0,426.0,635.0,553.0,670.0,810.0,912.0,790.0,929.0,981.0,437.0,356.0,81.0,519.0,480.0,497.0,199.0,658.0,631.0,782.0,585.0,369.0,505.0,591.0,749.0,799.0,817.0,221.0,104.0,371.0,439.0,399.0,533.0,577.0,537.0,644.0,420.0,236.0,376.0,479.0,556.0,601.0,623.0,25.0,301.0,395.0,637.0,217.0,375.0,56.0,247.0,329.0,771.0,882.0,992.0,554.0,758.0,840.0,560.0,699.0,352.0,935.0,439.0,307.0,217.0,273.0,723.0,832.0,941.0,501.0,703.0,784.0,519.0,680.0,351.0,931.0,388.0,251.0,248.0,779.0,859.0,962.0,380.0,601.0,693.0,621.0,848.0,557.0,1126.0,445.0,274.0,532.0,612.0,717.0,246.0,432.0,512.0,395.0,668.0,473.0,979.0,207.0,58.0,141.0,243.0,567.0,520.0,505.0,238.0,467.0,630.0,784.0,340.0,508.0,110.0,592.0,491.0,450.0,375.0,600.0,768.0,906.0,443.0,599.0,676.0,548.0,491.0,481.0,680.0,873.0,968.0,553.0,706.0,221.0,315.0,532.0,845.0,711.0,1174.0,354.0,296.0,96.0,580.0,903.0,856.0,1239.0,452.0,469.0,604.0,921.0,911.0,1256.0,501.0,544.0,323.0,393.0,659.0,192.0,351.0,377.0,336.0,492.0,613.0,583.0,411.0,417.0,820.0,922.0,171.0,1102.0,914.0,591.0,476.0,848.0,791.0,668.0,517.0,241.0,98.0,294.0,82.0,473.0,669.0,863.0,887.0,468.0,547.0
20,Warmblut,558.0,020_070725_2.JPG,551.0,550.0,760.0,1009.0,1019.0,1289.0,1124.0,936.0,1068.0,1150.0,1327.0,1374.0,1409.0,811.0,480.0,643.0,217.0,996.0,1085.0,366.0,430.0,466.0,470.0,738.0,593.0,662.0,801.0,915.0,827.0,927.0,989.0,430.0,340.0,94.0,468.0,525.0,558.0,217.0,738.0,709.0,925.0,686.0,391.0,529.0,624.0,829.0,839.0,864.0,282.0,71.0,387.0,350.0,497.0,645.0,658.0,611.0,779.0,514.0,232.0,371.0,484.0,621.0,621.0,649.0,77.0,283.0,401.0,567.0,299.0,475.0,72.0,314.0,353.0,839.0,942.0,1060.0,614.0,801.0,896.0,600.0,747.0,386.0,932.0,494.0,349.0,277.0,281.0,782.0,881.0,997.0,543.0,729.0,824.0,549.0,725.0,382.0,928.0,428.0,277.0,283.0,894.0,958.0,1063.0,436.0,653.0,757.0,706.0,954.0,647.0,1183.0,513.0,315.0,611.0,677.0,785.0,268.0,449.0,546.0,438.0,727.0,499.0,984.0,232.0,41.0,141.0,252.0,618.0,537.0,528.0,252.0,462.0,630.0,726.0,381.0,579.0,119.0,626.0,498.0,462.0,381.0,599.0,764.0,855.0,459.0,650.0,707.0,552.0,495.0,499.0,693.0,881.0,934.0,572.0,760.0,218.0,323.0,548.0,884.0,738.0,1162.0,334.0,288.0,104.0,563.0,903.0,848.0,1188.0,402.0,454.0,600.0,932.0,915.0,1215.0,469.0,547.0,343.0,384.0,626.0,223.0,399.0,378.0,284.0,550.0,686.0,547.0,446.0,465.0,828.0,944.0,199.0,1071.0,911.0,616.0,482.0,895.0,823.0,691.0,542.0,251.0,110.0,285.0,93.0,481.0,679.0,863.0,863.0,449.0,548.0
20,Warmblut,558.0,020_070725_1.JPG,518.0,576.0,728.0,846.0,883.0,1017.0,969.0,916.0,1059.0,1156.0,1083.0,1159.0,1210.0,756.0,525.0,569.0,214.0,898.0,942.0,327.0,364.0,333.0,366.0,498.0,466.0,603.0,752.0,869.0,607.0,727.0,797.0,385.0,328.0,52.0,454.0,441.0,442.0,167.0,544.0,541.0,625.0,504.0,344.0,493.0,600.0,559.0,596.0,638.0,193.0,56.0,325.0,396.0,374.0,475.0,466.0,446.0,501.0,359.0,239.0,388.0,505.0,394.0,433.0,482.0,28.0,223.0,338.0,560.0,213.0,331.0,59.0,195.0,268.0,660.0,778.0,894.0,440.0,613.0,700.0,467.0,575.0,288.0,784.0,370.0,263.0,141.0,212.0,627.0,738.0,852.0,384.0,559.0,646.0,445.0,577.0,317.0,809.0,328.0,210.0,167.0,636.0,724.0,830.0,309.0,491.0,580.0,491.0,668.0,448.0,929.0,329.0,186.0,470.0,557.0,665.0,173.0,347.0,435.0,345.0,554.0,415.0,851.0,165.0,30.0,151.0,266.0,407.0,337.0,342.0,221.0,391.0,577.0,722.0,308.0,450.0,119.0,450.0,319.0,284.0,367.0,538.0,723.0,861.0,410.0,543.0,543.0,388.0,330.0,485.0,641.0,842.0,952.0,524.0,653.0,183.0,271.0,370.0,614.0,558.0,940.0,188.0,183.0,88.0,406.0,652.0,682.0,992.0,286.0,350.0,455.0,693.0,755.0,1034.0,362.0,437.0,249.0,357.0,587.0,193.0,317.0,336.0,341.0,428.0,524.0,496.0,396.0,391.0,752.0,821.0,143.0,1310.0,903.0,671.0,526.0,713.0,646.0,505.0,427.0,282.0,114.0,238.0,81.0,497.0,723.0,854.0,1075.0,405.0,444.0
20,Warmblut,558.0,020_070725_3.JPG,523.0,569.0,721.0,838.0,872.0,1007.0,972.0,910.0,1055.0,1150.0,1077.0,1151.0,1198.0,746.0,520.0,572.0,210.0,891.0,934.0,328.0,354.0,322.0,350.0,485.0,471.0,596.0,743.0,865.0,597.0,714.0,783.0,374.0,333.0,50.0,459.0,432.0,428.0,171.0,548.0,534.0,630.0,501.0,344.0,493.0,599.0,562.0,597.0,634.0,193.0,55.0,328.0,392.0,375.0,481.0,462.0,429.0,499.0,343.0,243.0,390.0,511.0,392.0,432.0,477.0,24.0,226.0,329.0,558.0,207.0,332.0,70.0,193.0,304.0,662.0,777.0,901.0,445.0,613.0,699.0,467.0,580.0,279.0,779.0,377.0,259.0,138.0,235.0,613.0,721.0,844.0,375.0,545.0,632.0,430.0,571.0,302.0,798.0,320.0,191.0,204.0,639.0,724.0,841.0,317.0,495.0,584.0,494.0,673.0,436.0,924.0,337.0,182.0,441.0,519.0,636.0,142.0,310.0,398.0,330.0,552.0,422.0,850.0,147.0,48.0,151.0,269.0,405.0,337.0,335.0,224.0,390.0,571.0,720.0,303.0,457.0,125.0,443.0,315.0,273.0,369.0,537.0,715.0,861.0,401.0,546.0,548.0,397.0,333.0,491.0,639.0,838.0,950.0,524.0,666.0,178.0,268.0,373.0,617.0,549.0,937.0,190.0,190.0,90.0,408.0,652.0,671.0,988.0,282.0,354.0,453.0,687.0,742.0,1025.0,355.0,441.0,248.0,347.0,581.0,191.0,323.0,342.0,338.0,429.0,530.0,500.0,389.0,378.0,748.0,819.0,155.0,1310.0,891.0,673.0,527.0,710.0,632.0,504.0,389.0,281.0,112.0,230.0,77.0,500.0,723.0,842.0,1080.0,399.0,444.0
21,Warmblut,569.0,021_070725_1.JPG,471.0,499.0,670.0,877.0,876.0,1082.0,952.0,830.0,960.0,1036.0,1143.0,1211.0,1231.0,701.0,457.0,580.0,178.0,839.0,920.0,300.0,354.0,413.0,409.0,611.0,492.0,554.0,691.0,793.0,702.0,811.0,853.0,359.0,300.0,110.0,402.0,420.0,460.0,181.0,611.0,595.0,742.0,554.0,333.0,468.0,554.0,695.0,726.0,737.0,219.0,45.0,336.0,339.0,392.0,529.0,525.0,504.0,610.0,405.0,200.0,338.0,440.0,519.0,546.0,560.0,42.0,226.0,329.0,518.0,227.0,385.0,26.0,229.0,260.0,669.0,768.0,873.0,473.0,657.0,733.0,495.0,636.0,310.0,814.0,374.0,241.0,219.0,235.0,645.0,743.0,848.0,450.0,632.0,708.0,473.0,622.0,303.0,807.0,349.0,216.0,214.0,695.0,759.0,854.0,324.0,528.0,614.0,570.0,776.0,502.0,998.0,397.0,227.0,481.0,551.0,650.0,228.0,399.0,473.0,364.0,592.0,387.0,842.0,184.0,32.0,139.0,239.0,506.0,454.0,439.0,202.0,373.0,524.0,662.0,304.0,474.0,107.0,516.0,410.0,368.0,335.0,506.0,655.0,789.0,394.0,551.0,591.0,455.0,396.0,440.0,590.0,761.0,861.0,499.0,652.0,204.0,292.0,478.0,738.0,603.0,1015.0,307.0,258.0,90.0,511.0,771.0,725.0,1063.0,391.0,422.0,530.0,782.0,774.0,1076.0,437.0,494.0,264.0,321.0,553.0,185.0,345.0,349.0,294.0,434.0,566.0,504.0,336.0,354.0,708.0,813.0,171.0,978.0,795.0,549.0,440.0,732.0,708.0,567.0,473.0,239.0,100.0,259.0,72.0,434.0,578.0,746.0,801.0,422.0,496.0
22,Vollblut,514.0,022_070725_1.JPG,493.0,470.0,663.0,933.0,921.0,1201.0,1029.0,832.0,971.0,1032.0,1314.0,1414.0,1433.0,735.0,404.0,602.0,204.0,881.0,985.0,363.0,404.0,452.0,433.0,709.0,552.0,623.0,773.0,862.0,850.0,991.0,1031.0,405.0,323.0,109.0,429.0,469.0,511.0,205.0,751.0,716.0,945.0,687.0,365.0,510.0,581.0,927.0,981.0,987.0,296.0,71.0,412.0,279.0,474.0,643.0,673.0,630.0,814.0,527.0,219.0,370.0,458.0,737.0,777.0,782.0,102.0,261.0,397.0,481.0,289.0,485.0,50.0,290.0,346.0,847.0,965.0,1059.0,608.0,828.0,903.0,602.0,737.0,356.0,879.0,500.0,340.0,286.0,300.0,800.0,916.0,1010.0,571.0,786.0,860.0,556.0,706.0,332.0,857.0,450.0,292.0,313.0,935.0,1020.0,1108.0,423.0,667.0,758.0,721.0,949.0,602.0,1122.0,559.0,344.0,625.0,707.0,796.0,304.0,492.0,561.0,428.0,707.0,447.0,908.0,251.0,45.0,152.0,239.0,755.0,723.0,701.0,249.0,434.0,610.0,633.0,376.0,591.0,95.0,780.0,699.0,658.0,385.0,580.0,754.0,769.0,472.0,680.0,849.0,747.0,695.0,478.0,652.0,846.0,829.0,565.0,770.0,245.0,338.0,636.0,961.0,748.0,1175.0,453.0,341.0,97.0,687.0,1029.0,899.0,1251.0,534.0,516.0,699.0,1040.0,945.0,1262.0,565.0,579.0,342.0,371.0,564.0,187.0,387.0,388.0,222.0,511.0,662.0,526.0,393.0,407.0,728.0,863.0,215.0,969.0,856.0,572.0,455.0,896.0,850.0,749.0,550.0,237.0,85.0,327.0,85.0,452.0,642.0,819.0,774.0,447.0,557.0
22,Vollblut,514.0,022_070725_3.JPG,497.0,450.0,642.0,913.0,907.0,1175.0,1018.0,804.0,946.0,1008.0,1284.0,1381.0,1402.0,713.0,386.0,598.0,201.0,864.0,967.0,355.0,395.0,424.0,411.0,678.0,543.0,609.0,762.0,852.0,822.0,964.0,1006.0,396.0,318.0,101.0,423.0,458.0,494.0,200.0,718.0,684.0,912.0,677.0,359.0,509.0,582.0,904.0,960.0,970.0,286.0,70.0,400.0,258.0,465.0,625.0,644.0,599.0,788.0,520.0,214.0,369.0,458.0,720.0,761.0,770.0,96.0,256.0,388.0,457.0,285.0,472.0,58.0,282.0,338.0,813.0,934.0,1029.0,585.0,801.0,876.0,579.0,706.0,335.0,845.0,478.0,325.0,271.0,282.0,761.0,880.0,974.0,537.0,749.0,821.0,529.0,677.0,316.0,826.0,421.0,268.0,298.0,904.0,991.0,1080.0,405.0,646.0,735.0,701.0,918.0,579.0,1082.0,539.0,330.0,611.0,693.0,782.0,283.0,470.0,540.0,427.0,699.0,445.0,887.0,248.0,52.0,156.0,244.0,737.0,708.0,690.0,239.0,427.0,594.0,605.0,366.0,574.0,95.0,763.0,683.0,645.0,380.0,578.0,742.0,746.0,464.0,664.0,833.0,731.0,683.0,474.0,651.0,835.0,807.0,557.0,755.0,242.0,333.0,624.0,938.0,726.0,1136.0,439.0,328.0,94.0,676.0,1008.0,877.0,1212.0,520.0,501.0,691.0,1023.0,925.0,1226.0,552.0,565.0,333.0,364.0,536.0,189.0,380.0,377.0,203.0,502.0,646.0,511.0,386.0,397.0,703.0,835.0,208.0,945.0,843.0,574.0,454.0,867.0,810.0,726.0,530.0,241.0,85.0,322.0,83.0,448.0,642.0,805.0,757.0,437.0,543.0
22,Vollblut,514.0,022_070725_2.JPG,451.0,437.0,625.0,853.0,780.0,1089.0,916.0,789.0,918.0,961.0,1239.0,1379.0,1390.0,661.0,379.0,524.0,178.0,817.0,872.0,320.0,368.0,409.0,329.0,638.0,495.0,569.0,706.0,771.0,831.0,1013.0,1044.0,380.0,282.0,73.0,387.0,453.0,454.0,198.0,657.0,535.0,817.0,565.0,353.0,486.0,536.0,849.0,957.0,961.0,239.0,63.0,350.0,270.0,419.0,519.0,576.0,442.0,681.0,398.0,202.0,340.0,404.0,656.0,760.0,766.0,42.0,247.0,357.0,466.0,230.0,355.0,135.0,267.0,342.0,725.0,828.0,900.0,620.0,863.0,924.0,556.0,647.0,341.0,794.0,466.0,339.0,309.0,246.0,590.0,696.0,768.0,565.0,790.0,842.0,420.0,532.0,256.0,699.0,338.0,229.0,306.0,768.0,834.0,901.0,429.0,685.0,760.0,647.0,825.0,565.0,1005.0,490.0,338.0,462.0,531.0,600.0,337.0,546.0,596.0,360.0,589.0,428.0,796.0,186.0,46.0,139.0,202.0,620.0,654.0,639.0,193.0,414.0,554.0,617.0,278.0,431.0,72.0,612.0,590.0,559.0,327.0,548.0,687.0,743.0,363.0,509.0,659.0,611.0,571.0,394.0,599.0,755.0,785.0,435.0,580.0,257.0,334.0,614.0,886.0,765.0,1103.0,430.0,377.0,88.0,720.0,1006.0,955.0,1225.0,568.0,574.0,729.0,1013.0,990.0,1231.0,592.0,620.0,285.0,360.0,505.0,189.0,317.0,323.0,220.0,456.0,543.0,453.0,405.0,389.0,675.0,750.0,153.0,768.0,772.0,472.0,402.0,882.0,761.0,771.0,536.0,202.0,72.0,341.0,82.0,400.0,529.0,766.0,615.0,418.0,537.0
24,Warmblut,477.0,024_070725_1.JPG,388.0,484.0,630.0,739.0,745.0,938.0,889.0,814.0,932.0,1008.0,1130.0,1275.0,1349.0,657.0,431.0,484.0,180.0,744.0,825.0,277.0,333.0,377.0,373.0,562.0,501.0,540.0,659.0,749.0,742.0,891.0,968.0,341.0,270.0,97.0,302.0,375.0,437.0,165.0,564.0,540.0,696.0,564.0,330.0,448.0,527.0,773.0,875.0,934.0,204.0,59.0,303.0,312.0,349.0,498.0,498.0,464.0,588.0,433.0,206.0,326.0,416.0,622.0,714.0,770.0,43.0,223.0,308.0,467.0,205.0,371.0,45.0,206.0,259.0,650.0,738.0,831.0,470.0,652.0,742.0,470.0,590.0,290.0,679.0,351.0,239.0,193.0,218.0,609.0,695.0,788.0,437.0,616.0,706.0,434.0,569.0,281.0,674.0,309.0,194.0,186.0,687.0,748.0,833.0,299.0,485.0,578.0,551.0,733.0,468.0,862.0,395.0,226.0,507.0,562.0,647.0,242.0,407.0,494.0,392.0,610.0,406.0,782.0,229.0,68.0,121.0,210.0,626.0,664.0,697.0,205.0,385.0,508.0,641.0,302.0,462.0,95.0,638.0,640.0,658.0,320.0,502.0,622.0,757.0,386.0,529.0,701.0,681.0,687.0,413.0,577.0,716.0,831.0,480.0,618.0,187.0,279.0,579.0,824.0,647.0,1016.0,424.0,305.0,93.0,672.0,931.0,800.0,1146.0,538.0,461.0,730.0,991.0,879.0,1214.0,606.0,544.0,261.0,303.0,499.0,164.0,332.0,314.0,256.0,401.0,543.0,395.0,299.0,343.0,608.0,715.0,170.0,982.0,748.0,521.0,415.0,703.0,660.0,574.0,445.0,209.0,89.0,277.0,92.0,406.0,564.0,701.0,801.0,415.0,467.0
24,Warmblut,477.0,024_070725_2.JPG,398.0,478.0,626.0,737.0,769.0,938.0,927.0,814.0,932.0,1007.0,1129.0,1271.0,1343.0,641.0,432.0,453.0,173.0,735.0,813.0,285.0,326.0,366.0,386.0,552.0,528.0,537.0,652.0,743.0,731.0,878.0,953.0,330.0,269.0,55.0,317.0,359.0,415.0,173.0,576.0,570.0,707.0,605.0,337.0,453.0,530.0,786.0,886.0,939.0,194.0,47.0,303.0,313.0,349.0,501.0,498.0,476.0,587.0,456.0,211.0,328.0,418.0,625.0,715.0,766.0,22.0,216.0,313.0,472.0,194.0,364.0,58.0,210.0,297.0,654.0,737.0,831.0,471.0,650.0,743.0,484.0,584.0,315.0,683.0,359.0,237.0,169.0,239.0,619.0,696.0,789.0,415.0,593.0,685.0,461.0,583.0,332.0,703.0,322.0,184.0,192.0,687.0,741.0,828.0,291.0,476.0,573.0,568.0,726.0,497.0,868.0,403.0,228.0,516.0,557.0,641.0,202.0,364.0,451.0,434.0,634.0,475.0,824.0,262.0,114.0,119.0,207.0,632.0,666.0,692.0,208.0,383.0,522.0,649.0,297.0,461.0,96.0,638.0,639.0,648.0,322.0,500.0,634.0,765.0,378.0,525.0,704.0,683.0,679.0,414.0,575.0,727.0,837.0,474.0,616.0,185.0,282.0,603.0,820.0,677.0,1023.0,437.0,316.0,97.0,693.0,925.0,826.0,1151.0,547.0,468.0,745.0,980.0,903.0,1216.0,611.0,551.0,236.0,314.0,489.0,173.0,344.0,295.0,266.0,383.0,527.0,372.0,318.0,362.0,605.0,711.0,175.0,979.0,741.0,521.0,417.0,706.0,648.0,569.0,412.0,206.0,89.0,280.0,98.0,411.0,563.0,717.0,806.0,415.0,473.0
25,Warmblut,481.5,025_070725_1.JPG,324.0,421.0,514.0,587.0,621.0,737.0,679.0,657.0,757.0,824.0,799.0,861.0,901.0,536.0,356.0,368.0,139.0,617.0,651.0,244.0,261.0,274.0,300.0,416.0,358.0,426.0,523.0,598.0,489.0,575.0,627.0,278.0,227.0,43.0,299.0,316.0,330.0,123.0,418.0,412.0,500.0,378.0,238.0,337.0,404.0,439.0,461.0,491.0,143.0,68.0,241.0,311.0,265.0,351.0,341.0,323.0,395.0,262.0,165.0,262.0,337.0,315.0,349.0,388.0,22.0,187.0,237.0,421.0,143.0,238.0,54.0,159.0,193.0,464.0,532.0,603.0,347.0,482.0,550.0,341.0,442.0,236.0,573.0,264.0,183.0,117.0,142.0,430.0,492.0,561.0,294.0,431.0,500.0,319.0,444.0,259.0,595.0,227.0,135.0,145.0,467.0,508.0,569.0,255.0,401.0,472.0,386.0,541.0,374.0,708.0,269.0,162.0,322.0,367.0,431.0,155.0,289.0,358.0,250.0,428.0,315.0,625.0,127.0,29.0,101.0,173.0,289.0,248.0,262.0,149.0,305.0,401.0,547.0,204.0,309.0,76.0,289.0,198.0,187.0,245.0,403.0,496.0,645.0,267.0,361.0,335.0,216.0,179.0,320.0,469.0,572.0,708.0,339.0,428.0,147.0,218.0,295.0,501.0,447.0,725.0,184.0,174.0,71.0,327.0,529.0,537.0,768.0,261.0,300.0,366.0,559.0,592.0,801.0,318.0,367.0,208.0,252.0,442.0,127.0,227.0,236.0,243.0,323.0,400.0,337.0,277.0,287.0,542.0,596.0,108.0,781.0,603.0,387.0,340.0,549.0,495.0,435.0,354.0,174.0,76.0,199.0,66.0,323.0,440.0,576.0,643.0,317.0,368.0
25,Warmblut,481.5,025_070725_2.JPG,323.0,402.0,505.0,578.0,603.0,722.0,668.0,644.0,739.0,811.0,783.0,844.0,882.0,523.0,355.0,384.0,133.0,605.0,639.0,233.0,260.0,266.0,283.0,401.0,348.0,418.0,511.0,591.0,476.0,562.0,613.0,272.0,233.0,61.0,313.0,307.0,320.0,124.0,412.0,397.0,493.0,375.0,241.0,336.0,410.0,435.0,459.0,486.0,142.0,56.0,231.0,309.0,264.0,347.0,348.0,319.0,397.0,266.0,158.0,252.0,332.0,312.0,342.0,377.0,19.0,179.0,228.0,426.0,145.0,240.0,55.0,153.0,193.0,465.0,530.0,605.0,345.0,480.0,549.0,344.0,443.0,216.0,579.0,265.0,184.0,119.0,138.0,424.0,484.0,557.0,290.0,426.0,495.0,312.0,434.0,226.0,592.0,220.0,131.0,145.0,469.0,509.0,573.0,257.0,404.0,477.0,386.0,535.0,344.0,709.0,268.0,162.0,324.0,367.0,434.0,153.0,288.0,358.0,252.0,424.0,287.0,630.0,127.0,30.0,96.0,174.0,289.0,246.0,255.0,148.0,292.0,384.0,547.0,205.0,309.0,81.0,290.0,199.0,183.0,239.0,386.0,473.0,639.0,265.0,359.0,337.0,217.0,173.0,320.0,456.0,554.0,707.0,341.0,429.0,148.0,220.0,294.0,491.0,417.0,726.0,180.0,170.0,73.0,323.0,515.0,509.0,766.0,257.0,297.0,359.0,541.0,563.0,795.0,314.0,365.0,198.0,236.0,444.0,129.0,227.0,246.0,255.0,317.0,395.0,366.0,253.0,259.0,546.0,600.0,106.0,776.0,597.0,398.0,335.0,545.0,489.0,434.0,351.0,175.0,81.0,197.0,65.0,323.0,433.0,556.0,647.0,315.0,364.0
27,Kaltblut,408.0,027_070725_1.JPG,353.0,427.0,545.0,708.0,716.0,905.0,833.0,688.0,785.0,858.0,1037.0,1157.0,1201.0,573.0,370.0,426.0,170.0,691.0,771.0,289.0,319.0,373.0,370.0,558.0,482.0,493.0,593.0,679.0,686.0,816.0,868.0,319.0,272.0,73.0,310.0,367.0,420.0,138.0,582.0,551.0,715.0,563.0,261.0,359.0,437.0,741.0,813.0,839.0,181.0,58.0,308.0,272.0,359.0,504.0,519.0,476.0,620.0,449.0,174.0,274.0,360.0,614.0,676.0,701.0,47.0,193.0,304.0,403.0,235.0,395.0,64.0,207.0,261.0,656.0,732.0,814.0,429.0,604.0,677.0,484.0,595.0,308.0,683.0,357.0,237.0,189.0,200.0,605.0,677.0,758.0,378.0,549.0,620.0,438.0,569.0,300.0,676.0,299.0,174.0,202.0,718.0,773.0,844.0,268.0,452.0,533.0,576.0,741.0,487.0,862.0,403.0,234.0,525.0,573.0,642.0,205.0,356.0,424.0,402.0,599.0,409.0,755.0,217.0,63.0,102.0,186.0,646.0,661.0,665.0,185.0,318.0,476.0,530.0,316.0,484.0,87.0,666.0,652.0,644.0,280.0,415.0,573.0,623.0,380.0,540.0,718.0,684.0,665.0,367.0,490.0,660.0,693.0,459.0,614.0,184.0,265.0,567.0,783.0,614.0,953.0,382.0,266.0,82.0,632.0,863.0,747.0,1053.0,469.0,407.0,659.0,892.0,801.0,1089.0,510.0,470.0,233.0,293.0,437.0,188.0,349.0,304.0,214.0,402.0,539.0,377.0,307.0,348.0,584.0,693.0,169.0,835.0,670.0,433.0,355.0,653.0,590.0,533.0,393.0,185.0,83.0,265.0,81.0,351.0,483.0,635.0,665.0,351.0,418.0
27,Kaltblut,408.0,027_070725_2.JPG,424.0,484.0,646.0,791.0,833.0,989.0,910.0,803.0,915.0,995.0,1056.0,1126.0,1158.0,671.0,406.0,481.0,204.0,789.0,863.0,279.0,357.0,376.0,412.0,566.0,495.0,554.0,673.0,774.0,653.0,753.0,800.0,365.0,310.0,58.0,367.0,409.0,445.0,166.0,546.0,555.0,676.0,523.0,324.0,442.0,532.0,629.0,661.0,683.0,196.0,103.0,282.0,311.0,353.0,490.0,497.0,487.0,579.0,398.0,197.0,316.0,418.0,478.0,496.0,517.0,33.0,265.0,332.0,477.0,212.0,377.0,60.0,212.0,269.0,652.0,745.0,848.0,434.0,599.0,669.0,477.0,625.0,324.0,739.0,358.0,227.0,159.0,216.0,630.0,716.0,817.0,377.0,544.0,616.0,464.0,640.0,357.0,768.0,328.0,178.0,206.0,685.0,751.0,844.0,306.0,487.0,564.0,551.0,769.0,510.0,914.0,384.0,206.0,482.0,545.0,639.0,172.0,329.0,401.0,367.0,623.0,437.0,799.0,189.0,52.0,120.0,221.0,494.0,438.0,429.0,196.0,397.0,529.0,614.0,305.0,481.0,105.0,519.0,421.0,391.0,312.0,509.0,646.0,722.0,388.0,554.0,595.0,473.0,428.0,416.0,590.0,749.0,797.0,490.0,652.0,181.0,258.0,445.0,732.0,597.0,926.0,277.0,224.0,78.0,466.0,761.0,702.0,972.0,345.0,374.0,489.0,780.0,751.0,995.0,392.0,443.0,296.0,335.0,507.0,180.0,347.0,331.0,218.0,456.0,588.0,415.0,359.0,387.0,650.0,757.0,178.0,1000.0,775.0,546.0,414.0,678.0,619.0,520.0,403.0,219.0,96.0,233.0,68.0,402.0,598.0,737.0,790.0,384.0,451.0
28,Warmblut,572.5,028_080725_1.JPG,804.0,959.0,1292.0,1588.0,1565.0,2069.0,1915.0,1651.0,1907.0,2095.0,2287.0,2497.0,2588.0,1351.0,837.0,1010.0,327.0,1651.0,1764.0,614.0,735.0,818.0,776.0,1276.0,1120.0,1144.0,1393.0,1628.0,1504.0,1754.0,1875.0,749.0,565.0,206.0,705.0,914.0,969.0,370.0,1241.0,1154.0,1578.0,1228.0,692.0,948.0,1144.0,1521.0,1636.0,1690.0,450.0,123.0,672.0,665.0,848.0,1091.0,1093.0,988.0,1332.0,918.0,409.0,661.0,893.0,1171.0,1267.0,1322.0,88.0,484.0,682.0,1021.0,509.0,798.0,116.0,501.0,645.0,1391.0,1560.0,1806.0,1017.0,1388.0,1575.0,1036.0,1259.0,632.0,1522.0,811.0,565.0,504.0,553.0,1277.0,1444.0,1690.0,938.0,1298.0,1479.0,927.0,1181.0,578.0,1477.0,695.0,460.0,505.0,1514.0,1611.0,1834.0,711.0,1112.0,1321.0,1253.0,1626.0,1074.0,1971.0,887.0,557.0,1029.0,1107.0,1329.0,400.0,745.0,930.0,831.0,1304.0,919.0,1744.0,420.0,151.0,259.0,484.0,1148.0,1107.0,1098.0,407.0,815.0,1078.0,1353.0,628.0,958.0,249.0,1135.0,1005.0,950.0,646.0,1070.0,1313.0,1605.0,756.0,1069.0,1307.0,1110.0,1009.0,887.0,1263.0,1557.0,1783.0,998.0,1303.0,401.0,611.0,1084.0,1614.0,1308.0,2093.0,673.0,541.0,213.0,1187.0,1745.0,1576.0,2265.0,847.0,856.0,1249.0,1805.0,1708.0,2338.0,961.0,1026.0,559.0,671.0,1089.0,421.0,715.0,659.0,543.0,941.0,1162.0,899.0,750.0,770.0,1433.0,1594.0,330.0,1999.0,1629.0,1115.0,894.0,1573.0,1471.0,1290.0,929.0,484.0,233.0,592.0,197.0,880.0,1224.0,1538.0,1672.0,841.0,1011.0
28,Warmblut,572.5,028_080725_3.JPG,816.0,819.0,1150.0,1534.0,1471.0,1982.0,1713.0,1421.0,1656.0,1791.0,2093.0,2233.0,2277.0,1198.0,725.0,960.0,319.0,1514.0,1629.0,534.0,672.0,726.0,657.0,1166.0,945.0,1018.0,1261.0,1456.0,1357.0,1576.0,1674.0,667.0,518.0,145.0,667.0,831.0,857.0,335.0,1097.0,1008.0,1422.0,1017.0,614.0,859.0,1022.0,1337.0,1428.0,1460.0,393.0,94.0,581.0,514.0,752.0,949.0,995.0,903.0,1218.0,752.0,346.0,591.0,784.0,1023.0,1092.0,1127.0,76.0,429.0,642.0,850.0,451.0,700.0,92.0,485.0,588.0,1256.0,1431.0,1642.0,973.0,1316.0,1486.0,935.0,1133.0,590.0,1387.0,758.0,528.0,522.0,537.0,1167.0,1347.0,1558.0,940.0,1269.0,1432.0,844.0,1046.0,517.0,1312.0,679.0,468.0,518.0,1377.0,1482.0,1675.0,701.0,1080.0,1282.0,1145.0,1480.0,1022.0,1798.0,826.0,533.0,863.0,964.0,1161.0,426.0,732.0,898.0,676.0,1092.0,810.0,1471.0,318.0,88.0,249.0,438.0,992.0,937.0,911.0,362.0,703.0,982.0,1105.0,551.0,845.0,211.0,985.0,835.0,759.0,597.0,947.0,1217.0,1338.0,683.0,968.0,1136.0,926.0,805.0,798.0,1103.0,1419.0,1472.0,890.0,1170.0,379.0,583.0,953.0,1424.0,1227.0,1828.0,587.0,513.0,210.0,1037.0,1521.0,1463.0,1940.0,746.0,807.0,1082.0,1554.0,1572.0,1974.0,848.0,965.0,485.0,621.0,903.0,377.0,625.0,587.0,420.0,837.0,1021.0,796.0,724.0,721.0,1243.0,1392.0,294.0,1590.0,1456.0,985.0,785.0,1483.0,1423.0,1242.0,896.0,439.0,199.0,553.0,183.0,795.0,1050.0,1415.0,1311.0,770.0,956.0
28,Warmblut,572.5,028_080725_2.JPG,771.0,828.0,1116.0,1440.0,1421.0,1856.0,1643.0,1421.0,1660.0,1799.0,2002.0,2085.0,2219.0,1159.0,701.0,898.0,284.0,1422.0,1568.0,568.0,621.0,689.0,654.0,1087.0,898.0,988.0,1227.0,1416.0,1263.0,1410.0,1563.0,634.0,509.0,127.0,663.0,760.0,823.0,325.0,1114.0,1023.0,1396.0,1021.0,593.0,833.0,984.0,1334.0,1325.0,1437.0,377.0,128.0,612.0,561.0,702.0,953.0,952.0,838.0,1152.0,730.0,368.0,609.0,795.0,1019.0,1000.0,1116.0,53.0,431.0,596.0,867.0,387.0,670.0,133.0,446.0,568.0,1224.0,1395.0,1597.0,858.0,1157.0,1329.0,923.0,1115.0,572.0,1352.0,755.0,533.0,435.0,447.0,1097.0,1264.0,1466.0,761.0,1041.0,1212.0,806.0,1036.0,528.0,1308.0,623.0,406.0,481.0,1317.0,1421.0,1608.0,568.0,931.0,1092.0,1108.0,1431.0,961.0,1736.0,825.0,510.0,841.0,940.0,1130.0,366.0,595.0,766.0,681.0,1087.0,779.0,1463.0,361.0,75.0,246.0,427.0,1017.0,864.0,932.0,357.0,720.0,956.0,1151.0,496.0,807.0,203.0,1030.0,793.0,817.0,593.0,961.0,1187.0,1386.0,641.0,923.0,1185.0,906.0,894.0,784.0,1111.0,1382.0,1519.0,843.0,1118.0,371.0,525.0,966.0,1414.0,1144.0,1811.0,633.0,440.0,171.0,949.0,1429.0,1307.0,1858.0,665.0,647.0,1068.0,1548.0,1464.0,1982.0,809.0,817.0,480.0,599.0,914.0,335.0,621.0,577.0,439.0,789.0,1016.0,782.0,672.0,705.0,1204.0,1389.0,316.0,1732.0,1403.0,970.0,789.0,1330.0,1212.0,1041.0,764.0,423.0,179.0,492.0,172.0,770.0,1094.0,1347.0,1450.0,695.0,809.0
29,Vollblut,546.0,029_080725_1.JPG,964.0,929.0,1329.0,1830.0,1809.0,2294.0,1970.0,1644.0,1910.0,2053.0,2306.0,2382.0,2425.0,1398.0,815.0,1176.0,347.0,1709.0,1874.0,663.0,793.0,868.0,846.0,1335.0,1087.0,1175.0,1453.0,1663.0,1490.0,1695.0,1809.0,787.0,649.0,218.0,847.0,937.0,983.0,410.0,1321.0,1236.0,1647.0,1180.0,720.0,994.0,1161.0,1435.0,1459.0,1496.0,495.0,115.0,729.0,612.0,849.0,1105.0,1151.0,1035.0,1366.0,835.0,384.0,666.0,871.0,1035.0,1053.0,1106.0,106.0,524.0,738.0,1022.0,471.0,781.0,142.0,523.0,667.0,1404.0,1599.0,1823.0,1091.0,1477.0,1668.0,1065.0,1371.0,667.0,1699.0,870.0,594.0,492.0,530.0,1272.0,1461.0,1685.0,961.0,1339.0,1528.0,945.0,1295.0,633.0,1654.0,731.0,453.0,583.0,1497.0,1610.0,1815.0,836.0,1276.0,1491.0,1263.0,1723.0,1119.0,2120.0,942.0,596.0,916.0,1031.0,1241.0,445.0,810.0,1003.0,729.0,1275.0,883.0,1732.0,375.0,106.0,284.0,488.0,938.0,800.0,793.0,399.0,832.0,1103.0,1313.0,561.0,906.0,227.0,923.0,656.0,582.0,668.0,1103.0,1369.0,1572.0,729.0,1049.0,1083.0,744.0,605.0,885.0,1264.0,1588.0,1709.0,954.0,1266.0,442.0,659.0,941.0,1544.0,1299.0,2032.0,598.0,547.0,218.0,988.0,1574.0,1537.0,2071.0,761.0,889.0,1059.0,1611.0,1667.0,2101.0,896.0,1075.0,606.0,704.0,1101.0,367.0,676.0,749.0,498.0,954.0,1196.0,1032.0,776.0,777.0,1437.0,1644.0,347.0,1749.0,1659.0,1077.0,867.0,1661.0,1523.0,1372.0,994.0,488.0,217.0,582.0,184.0,884.0,1152.0,1586.0,1433.0,870.0,1072.0
30,Kleinpferd,490.0,030_090725_2.JPG,555.0,595.0,786.0,1076.0,1046.0,1363.0,1150.0,942.0,1063.0,1138.0,1442.0,1525.0,1526.0,816.0,512.0,662.0,243.0,1006.0,1099.0,396.0,443.0,535.0,495.0,809.0,614.0,648.0,777.0,891.0,920.0,1039.0,1062.0,443.0,376.0,107.0,478.0,526.0,563.0,208.0,819.0,754.0,1002.0,694.0,348.0,473.0,562.0,935.0,971.0,956.0,248.0,83.0,434.0,373.0,485.0,648.0,721.0,647.0,848.0,518.0,205.0,335.0,449.0,734.0,763.0,750.0,45.0,287.0,429.0,577.0,291.0,476.0,79.0,324.0,387.0,877.0,969.0,1092.0,641.0,839.0,909.0,687.0,842.0,435.0,1010.0,539.0,374.0,324.0,318.0,799.0,890.0,1013.0,589.0,779.0,845.0,611.0,782.0,391.0,964.0,460.0,300.0,347.0,945.0,1001.0,1113.0,428.0,645.0,735.0,805.0,1046.0,702.0,1262.0,583.0,378.0,598.0,656.0,770.0,311.0,472.0,530.0,473.0,752.0,514.0,1004.0,238.0,51.0,132.0,244.0,734.0,703.0,664.0,214.0,430.0,631.0,712.0,364.0,569.0,124.0,736.0,666.0,611.0,338.0,553.0,755.0,829.0,435.0,635.0,821.0,725.0,656.0,457.0,638.0,875.0,898.0,556.0,752.0,217.0,309.0,690.0,1004.0,823.0,1277.0,451.0,358.0,100.0,724.0,1049.0,952.0,1335.0,522.0,509.0,714.0,1036.0,982.0,1326.0,537.0,561.0,325.0,418.0,613.0,246.0,432.0,433.0,291.0,553.0,704.0,575.0,452.0,465.0,828.0,953.0,206.0,1041.0,889.0,547.0,446.0,908.0,840.0,706.0,523.0,242.0,111.0,288.0,76.0,446.0,612.0,857.0,806.0,437.0,544.0
30,Kleinpferd,490.0,030_090725_3.JPG,563.0,589.0,792.0,1074.0,1048.0,1367.0,1162.0,936.0,1061.0,1135.0,1446.0,1523.0,1525.0,825.0,501.0,665.0,244.0,1018.0,1108.0,391.0,443.0,522.0,490.0,804.0,621.0,646.0,779.0,896.0,922.0,1037.0,1062.0,447.0,371.0,103.0,485.0,533.0,568.0,218.0,802.0,752.0,995.0,699.0,350.0,479.0,570.0,932.0,968.0,955.0,260.0,88.0,421.0,368.0,497.0,652.0,700.0,644.0,833.0,513.0,204.0,336.0,455.0,720.0,750.0,739.0,45.0,302.0,419.0,583.0,292.0,472.0,58.0,328.0,385.0,863.0,957.0,1086.0,646.0,836.0,906.0,668.0,827.0,429.0,1003.0,523.0,363.0,330.0,337.0,805.0,899.0,1028.0,611.0,795.0,862.0,612.0,781.0,393.0,966.0,465.0,311.0,340.0,940.0,995.0,1114.0,436.0,645.0,736.0,791.0,1042.0,703.0,1262.0,567.0,367.0,601.0,656.0,777.0,307.0,466.0,526.0,468.0,761.0,523.0,1013.0,230.0,54.0,135.0,251.0,728.0,699.0,661.0,212.0,436.0,622.0,706.0,373.0,574.0,129.0,726.0,659.0,603.0,337.0,564.0,750.0,826.0,443.0,639.0,818.0,724.0,654.0,461.0,649.0,872.0,894.0,569.0,763.0,209.0,303.0,676.0,1007.0,826.0,1276.0,438.0,358.0,101.0,709.0,1051.0,949.0,1330.0,510.0,508.0,701.0,1040.0,980.0,1322.0,529.0,563.0,341.0,412.0,621.0,247.0,429.0,421.0,282.0,569.0,712.0,574.0,455.0,470.0,839.0,961.0,201.0,1035.0,893.0,557.0,450.0,905.0,858.0,707.0,521.0,248.0,114.0,281.0,78.0,447.0,624.0,855.0,801.0,440.0,549.0
30,Kleinpferd,490.0,030_090725_1.JPG,561.0,573.0,750.0,1001.0,1056.0,1201.0,1102.0,900.0,1016.0,1093.0,1218.0,1269.0,1315.0,777.0,508.0,621.0,258.0,944.0,1036.0,374.0,433.0,441.0,497.0,648.0,592.0,671.0,801.0,920.0,743.0,855.0,932.0,446.0,397.0,62.0,489.0,507.0,528.0,181.0,664.0,677.0,770.0,603.0,349.0,477.0,581.0,678.0,701.0,742.0,210.0,80.0,380.0,348.0,401.0,543.0,588.0,579.0,640.0,448.0,240.0,368.0,490.0,502.0,520.0,566.0,29.0,258.0,412.0,529.0,230.0,394.0,85.0,251.0,348.0,791.0,891.0,1017.0,523.0,705.0,808.0,576.0,727.0,382.0,906.0,460.0,320.0,168.0,278.0,765.0,858.0,982.0,449.0,637.0,741.0,564.0,746.0,435.0,944.0,423.0,263.0,228.0,785.0,856.0,974.0,356.0,553.0,658.0,620.0,845.0,586.0,1067.0,439.0,255.0,563.0,629.0,746.0,178.0,359.0,462.0,423.0,682.0,533.0,931.0,225.0,66.0,131.0,249.0,538.0,464.0,464.0,235.0,397.0,653.0,651.0,348.0,531.0,127.0,567.0,449.0,419.0,360.0,519.0,780.0,762.0,434.0,608.0,668.0,526.0,473.0,483.0,613.0,902.0,836.0,559.0,729.0,197.0,302.0,473.0,757.0,687.0,1022.0,278.0,227.0,105.0,492.0,775.0,806.0,1047.0,348.0,390.0,540.0,812.0,886.0,1083.0,425.0,490.0,287.0,421.0,558.0,203.0,371.0,415.0,272.0,481.0,621.0,536.0,461.0,469.0,744.0,867.0,184.0,1059.0,908.0,590.0,473.0,802.0,723.0,590.0,452.0,241.0,109.0,272.0,97.0,457.0,619.0,875.0,804.0,420.0,492.0
31,Kleinoferd,459.0,031_090725_1.JPG,458.0,525.0,704.0,897.0,896.0,1154.0,1037.0,889.0,1021.0,1102.0,1244.0,1351.0,1396.0,728.0,452.0,553.0,212.0,892.0,975.0,343.0,401.0,464.0,450.0,703.0,582.0,624.0,757.0,859.0,799.0,931.0,989.0,395.0,312.0,95.0,387.0,469.0,521.0,197.0,721.0,682.0,888.0,687.0,364.0,497.0,584.0,829.0,879.0,909.0,236.0,73.0,378.0,329.0,466.0,623.0,647.0,595.0,760.0,535.0,223.0,357.0,458.0,646.0,683.0,712.0,49.0,264.0,387.0,520.0,295.0,475.0,66.0,279.0,325.0,821.0,920.0,1022.0,559.0,770.0,851.0,607.0,726.0,377.0,851.0,452.0,311.0,260.0,264.0,762.0,858.0,960.0,502.0,709.0,789.0,554.0,692.0,358.0,835.0,388.0,246.0,246.0,876.0,941.0,1033.0,383.0,610.0,697.0,712.0,912.0,608.0,1081.0,485.0,292.0,632.0,695.0,788.0,243.0,445.0,527.0,486.0,723.0,489.0,927.0,246.0,65.0,136.0,235.0,662.0,622.0,624.0,237.0,438.0,607.0,688.0,392.0,585.0,105.0,677.0,590.0,574.0,365.0,570.0,735.0,816.0,473.0,657.0,749.0,635.0,605.0,469.0,656.0,839.0,894.0,574.0,754.0,227.0,314.0,599.0,880.0,711.0,1110.0,366.0,289.0,87.0,644.0,941.0,854.0,1191.0,464.0,472.0,678.0,975.0,915.0,1228.0,520.0,549.0,298.0,370.0,551.0,246.0,427.0,364.0,257.0,514.0,658.0,477.0,396.0,429.0,747.0,862.0,194.0,1061.0,854.0,577.0,455.0,852.0,789.0,675.0,527.0,234.0,98.0,304.0,83.0,458.0,644.0,818.0,849.0,455.0,544.0
31,Kleinoferd,459.0,031_090725_3.JPG,462.0,526.0,703.0,918.0,890.0,1166.0,1031.0,887.0,1012.0,1096.0,1245.0,1347.0,1388.0,732.0,441.0,564.0,206.0,900.0,980.0,355.0,414.0,476.0,440.0,707.0,574.0,635.0,760.0,870.0,799.0,932.0,988.0,400.0,319.0,102.0,401.0,479.0,524.0,193.0,739.0,688.0,892.0,676.0,361.0,488.0,580.0,827.0,872.0,897.0,244.0,85.0,385.0,337.0,474.0,627.0,668.0,613.0,768.0,530.0,221.0,347.0,456.0,649.0,680.0,704.0,67.0,271.0,394.0,525.0,309.0,486.0,55.0,276.0,326.0,837.0,927.0,1042.0,555.0,769.0,853.0,610.0,744.0,387.0,877.0,458.0,310.0,283.0,287.0,782.0,872.0,987.0,525.0,732.0,815.0,554.0,696.0,346.0,839.0,404.0,266.0,255.0,881.0,938.0,1043.0,375.0,604.0,696.0,702.0,920.0,607.0,1096.0,478.0,286.0,627.0,684.0,791.0,246.0,445.0,528.0,462.0,717.0,474.0,925.0,227.0,51.0,129.0,236.0,666.0,619.0,615.0,248.0,447.0,610.0,692.0,404.0,596.0,116.0,678.0,587.0,564.0,366.0,573.0,730.0,814.0,476.0,661.0,763.0,643.0,605.0,480.0,663.0,844.0,894.0,589.0,771.0,230.0,321.0,587.0,885.0,703.0,1117.0,356.0,287.0,92.0,630.0,944.0,845.0,1193.0,453.0,472.0,661.0,973.0,906.0,1226.0,510.0,552.0,314.0,364.0,564.0,243.0,419.0,369.0,255.0,530.0,667.0,493.0,396.0,424.0,763.0,874.0,192.0,1057.0,864.0,575.0,453.0,855.0,815.0,669.0,529.0,233.0,105.0,308.0,86.0,462.0,654.0,818.0,852.0,456.0,549.0
32,Warmblut,580.0,032_090725_2.JPG,500.0,461.0,646.0,901.0,901.0,1149.0,1017.0,803.0,926.0,997.0,1283.0,1379.0,1407.0,694.0,401.0,588.0,179.0,852.0,954.0,328.0,380.0,404.0,402.0,649.0,535.0,580.0,711.0,815.0,817.0,951.0,1000.0,365.0,319.0,90.0,442.0,425.0,476.0,189.0,655.0,635.0,855.0,649.0,349.0,478.0,564.0,877.0,940.0,958.0,250.0,59.0,361.0,301.0,440.0,587.0,587.0,557.0,744.0,507.0,200.0,333.0,435.0,705.0,754.0,770.0,81.0,247.0,367.0,490.0,282.0,450.0,43.0,256.0,289.0,731.0,829.0,937.0,553.0,746.0,824.0,518.0,674.0,323.0,843.0,391.0,270.0,248.0,248.0,695.0,791.0,898.0,518.0,707.0,784.0,486.0,657.0,317.0,835.0,351.0,227.0,269.0,841.0,909.0,1008.0,402.0,617.0,709.0,666.0,885.0,563.0,1078.0,483.0,307.0,578.0,640.0,739.0,288.0,462.0,536.0,427.0,690.0,447.0,911.0,228.0,63.0,134.0,235.0,700.0,689.0,680.0,229.0,407.0,559.0,632.0,359.0,534.0,109.0,708.0,656.0,629.0,352.0,535.0,685.0,751.0,442.0,606.0,782.0,703.0,662.0,459.0,618.0,792.0,820.0,548.0,709.0,216.0,310.0,630.0,926.0,731.0,1162.0,438.0,343.0,97.0,691.0,995.0,871.0,1238.0,533.0,502.0,714.0,1015.0,924.0,1259.0,576.0,570.0,304.0,333.0,547.0,202.0,370.0,366.0,244.0,488.0,627.0,520.0,354.0,389.0,724.0,848.0,177.0,908.0,811.0,551.0,434.0,805.0,762.0,707.0,519.0,234.0,101.0,305.0,90.0,447.0,597.0,776.0,737.0,454.0,535.0
32,Warmblut,580.0,032_090725_3.JPG,524.0,517.0,686.0,887.0,943.0,1072.0,992.0,862.0,982.0,1057.0,1119.0,1168.0,1201.0,715.0,461.0,573.0,172.0,850.0,942.0,309.0,345.0,364.0,419.0,548.0,492.0,581.0,706.0,816.0,651.0,752.0,815.0,362.0,331.0,50.0,494.0,408.0,443.0,177.0,566.0,581.0,699.0,552.0,354.0,480.0,572.0,632.0,656.0,685.0,206.0,66.0,315.0,391.0,367.0,506.0,471.0,463.0,567.0,396.0,237.0,362.0,471.0,456.0,483.0,519.0,30.0,243.0,323.0,567.0,197.0,354.0,85.0,196.0,256.0,649.0,740.0,856.0,450.0,613.0,704.0,465.0,618.0,318.0,852.0,356.0,235.0,130.0,180.0,614.0,695.0,809.0,371.0,540.0,633.0,451.0,638.0,370.0,895.0,317.0,169.0,206.0,687.0,751.0,860.0,357.0,537.0,635.0,551.0,759.0,499.0,1023.0,396.0,227.0,485.0,545.0,654.0,195.0,360.0,454.0,374.0,616.0,442.0,914.0,205.0,50.0,128.0,235.0,443.0,376.0,368.0,221.0,402.0,559.0,717.0,298.0,461.0,117.0,457.0,340.0,300.0,344.0,525.0,681.0,832.0,385.0,531.0,548.0,407.0,342.0,455.0,610.0,793.0,900.0,501.0,644.0,181.0,279.0,428.0,698.0,604.0,1018.0,270.0,227.0,98.0,453.0,719.0,710.0,1046.0,344.0,379.0,491.0,744.0,775.0,1070.0,410.0,469.0,272.0,338.0,597.0,173.0,334.0,346.0,327.0,433.0,569.0,536.0,366.0,394.0,749.0,865.0,171.0,1049.0,826.0,591.0,477.0,706.0,622.0,568.0,442.0,237.0,104.0,240.0,83.0,454.0,624.0,792.0,871.0,422.0,472.0
33,Warmblut,529.0,033_090725_2.JPG,513.0,557.0,726.0,937.0,974.0,1161.0,1102.0,906.0,1027.0,1081.0,1295.0,1394.0,1439.0,746.0,470.0,583.0,236.0,930.0,1014.0,383.0,407.0,434.0,463.0,648.0,604.0,644.0,774.0,863.0,807.0,936.0,997.0,405.0,361.0,70.0,444.0,486.0,516.0,194.0,713.0,701.0,843.0,691.0,350.0,476.0,541.0,841.0,891.0,921.0,224.0,88.0,395.0,340.0,455.0,612.0,611.0,580.0,694.0,516.0,237.0,367.0,456.0,652.0,697.0,728.0,33.0,275.0,384.0,526.0,269.0,444.0,82.0,253.0,357.0,803.0,905.0,1007.0,550.0,738.0,822.0,586.0,734.0,373.0,874.0,460.0,313.0,191.0,276.0,757.0,852.0,953.0,468.0,656.0,740.0,553.0,731.0,396.0,892.0,401.0,238.0,234.0,828.0,901.0,1001.0,354.0,556.0,645.0,663.0,885.0,580.0,1067.0,460.0,262.0,611.0,674.0,772.0,210.0,382.0,464.0,483.0,749.0,535.0,965.0,253.0,88.0,132.0,220.0,679.0,653.0,655.0,245.0,437.0,621.0,682.0,369.0,566.0,102.0,704.0,639.0,622.0,371.0,560.0,748.0,799.0,452.0,643.0,790.0,707.0,681.0,464.0,621.0,840.0,848.0,554.0,743.0,202.0,292.0,620.0,911.0,739.0,1142.0,386.0,292.0,90.0,668.0,970.0,872.0,1216.0,464.0,448.0,702.0,1003.0,935.0,1253.0,515.0,525.0,302.0,377.0,551.0,236.0,412.0,388.0,253.0,525.0,667.0,501.0,429.0,448.0,761.0,879.0,198.0,1032.0,849.0,537.0,445.0,817.0,736.0,639.0,461.0,211.0,80.0,286.0,87.0,444.0,611.0,812.0,799.0,412.0,507.0
34,Warmblut,527.0,034_090725_1.JPG,433.0,498.0,639.0,810.0,845.0,1004.0,917.0,818.0,956.0,1036.0,1102.0,1157.0,1179.0,666.0,404.0,486.0,190.0,792.0,874.0,328.0,355.0,386.0,415.0,571.0,496.0,587.0,721.0,816.0,692.0,777.0,816.0,369.0,307.0,53.0,387.0,416.0,454.0,165.0,609.0,605.0,716.0,552.0,322.0,462.0,547.0,688.0,699.0,705.0,194.0,96.0,335.0,332.0,366.0,512.0,521.0,502.0,587.0,405.0,233.0,366.0,461.0,526.0,535.0,545.0,29.0,255.0,337.0,488.0,208.0,368.0,64.0,219.0,287.0,711.0,805.0,898.0,474.0,624.0,691.0,510.0,639.0,338.0,771.0,396.0,272.0,165.0,227.0,679.0,765.0,855.0,411.0,562.0,631.0,488.0,644.0,364.0,793.0,357.0,217.0,206.0,721.0,781.0,863.0,313.0,482.0,559.0,567.0,769.0,519.0,939.0,401.0,228.0,517.0,576.0,659.0,205.0,339.0,404.0,381.0,621.0,444.0,819.0,204.0,44.0,141.0,231.0,554.0,488.0,464.0,225.0,414.0,569.0,642.0,325.0,494.0,97.0,562.0,456.0,411.0,354.0,553.0,700.0,778.0,409.0,562.0,624.0,499.0,442.0,450.0,635.0,796.0,854.0,502.0,649.0,171.0,250.0,497.0,770.0,642.0,987.0,323.0,242.0,79.0,506.0,790.0,731.0,1020.0,367.0,363.0,517.0,799.0,772.0,1033.0,400.0,424.0,284.0,346.0,517.0,182.0,345.0,330.0,236.0,447.0,579.0,433.0,374.0,402.0,666.0,776.0,173.0,1067.0,816.0,569.0,461.0,701.0,635.0,509.0,411.0,237.0,91.0,208.0,60.0,441.0,659.0,781.0,872.0,398.0,438.0
34,Warmblut,527.0,034_090725_2.JPG,537.0,522.0,704.0,1006.0,984.0,1276.0,1088.0,879.0,1007.0,1067.0,1363.0,1386.0,1448.0,745.0,441.0,597.0,204.0,919.0,1035.0,363.0,397.0,476.0,447.0,740.0,588.0,624.0,760.0,853.0,857.0,924.0,1001.0,408.0,344.0,61.0,453.0,474.0,532.0,193.0,746.0,672.0,924.0,652.0,361.0,495.0,569.0,915.0,894.0,946.0,238.0,81.0,382.0,330.0,448.0,608.0,652.0,560.0,777.0,479.0,227.0,364.0,456.0,732.0,701.0,753.0,46.0,269.0,386.0,520.0,266.0,441.0,112.0,313.0,397.0,817.0,915.0,1014.0,563.0,730.0,822.0,626.0,767.0,419.0,926.0,490.0,365.0,294.0,291.0,712.0,806.0,905.0,486.0,635.0,726.0,531.0,702.0,387.0,884.0,381.0,256.0,333.0,870.0,927.0,1017.0,320.0,532.0,621.0,738.0,967.0,679.0,1167.0,533.0,349.0,539.0,594.0,686.0,275.0,357.0,445.0,435.0,711.0,531.0,941.0,215.0,55.0,139.0,229.0,737.0,639.0,664.0,220.0,441.0,610.0,679.0,342.0,522.0,100.0,749.0,612.0,618.0,353.0,574.0,742.0,805.0,426.0,589.0,821.0,667.0,660.0,448.0,645.0,838.0,864.0,524.0,684.0,221.0,305.0,686.0,978.0,798.0,1214.0,468.0,328.0,92.0,656.0,968.0,872.0,1216.0,468.0,409.0,709.0,1022.0,950.0,1271.0,535.0,495.0,313.0,390.0,563.0,221.0,398.0,375.0,251.0,513.0,664.0,507.0,429.0,476.0,755.0,891.0,185.0,993.0,844.0,560.0,452.0,820.0,718.0,600.0,427.0,226.0,88.0,284.0,92.0,436.0,628.0,819.0,799.0,415.0,468.0
36,Warmblut,577.0,036_090725_3.JPG,396.0,431.0,568.0,712.0,774.0,884.0,822.0,713.0,817.0,891.0,988.0,1060.0,1088.0,585.0,371.0,445.0,158.0,696.0,778.0,260.0,327.0,317.0,378.0,489.0,444.0,518.0,629.0,725.0,620.0,719.0,762.0,334.0,276.0,51.0,351.0,373.0,399.0,139.0,471.0,502.0,576.0,461.0,295.0,406.0,494.0,598.0,644.0,664.0,157.0,71.0,259.0,296.0,289.0,424.0,436.0,447.0,496.0,359.0,191.0,302.0,398.0,474.0,508.0,526.0,20.0,206.0,304.0,435.0,168.0,330.0,73.0,195.0,244.0,592.0,679.0,776.0,410.0,550.0,613.0,427.0,524.0,272.0,662.0,341.0,214.0,122.0,192.0,585.0,663.0,759.0,346.0,491.0,556.0,435.0,560.0,330.0,715.0,327.0,173.0,158.0,601.0,663.0,752.0,255.0,407.0,477.0,480.0,641.0,439.0,815.0,347.0,170.0,446.0,504.0,594.0,181.0,309.0,370.0,342.0,530.0,393.0,729.0,198.0,45.0,112.0,207.0,493.0,467.0,458.0,188.0,343.0,495.0,563.0,259.0,432.0,99.0,514.0,453.0,427.0,296.0,450.0,604.0,664.0,338.0,500.0,584.0,503.0,464.0,394.0,531.0,702.0,735.0,436.0,593.0,153.0,224.0,454.0,669.0,570.0,883.0,309.0,224.0,72.0,488.0,714.0,672.0,939.0,364.0,346.0,507.0,732.0,716.0,960.0,396.0,404.0,226.0,308.0,453.0,149.0,313.0,287.0,229.0,361.0,492.0,391.0,331.0,348.0,579.0,687.0,177.0,889.0,718.0,503.0,392.0,625.0,565.0,468.0,377.0,204.0,90.0,213.0,64.0,382.0,540.0,683.0,727.0,351.0,411.0
39,Warmblut,505.0,039_160725_1.JPG,973.0,834.0,1243.0,1798.0,1800.0,2216.0,1907.0,1552.0,1778.0,1901.0,2192.0,2201.0,2203.0,1341.0,757.0,1105.0,419.0,1649.0,1833.0,648.0,744.0,826.0,835.0,1269.0,1056.0,1131.0,1378.0,1591.0,1413.0,1577.0,1659.0,801.0,677.0,144.0,855.0,935.0,972.0,416.0,1276.0,1228.0,1566.0,1162.0,726.0,964.0,1120.0,1392.0,1367.0,1372.0,515.0,86.0,682.0,463.0,849.0,1101.0,1068.0,988.0,1244.0,791.0,390.0,639.0,847.0,980.0,961.0,987.0,99.0,501.0,693.0,878.0,445.0,744.0,121.0,513.0,638.0,1311.0,1484.0,1724.0,1008.0,1365.0,1527.0,1041.0,1343.0,694.0,1630.0,854.0,577.0,448.0,517.0,1209.0,1375.0,1614.0,889.0,1244.0,1407.0,953.0,1299.0,696.0,1605.0,744.0,457.0,501.0,1346.0,1442.0,1665.0,708.0,1133.0,1325.0,1179.0,1645.0,1126.0,1983.0,867.0,514.0,846.0,946.0,1175.0,390.0,728.0,898.0,712.0,1247.0,918.0,1612.0,374.0,86.0,251.0,463.0,868.0,688.0,654.0,334.0,797.0,1068.0,1151.0,484.0,837.0,240.0,860.0,563.0,467.0,577.0,1029.0,1308.0,1369.0,631.0,960.0,1045.0,682.0,525.0,797.0,1175.0,1531.0,1483.0,870.0,1193.0,430.0,627.0,884.0,1477.0,1281.0,1855.0,545.0,472.0,199.0,865.0,1447.0,1466.0,1818.0,644.0,788.0,898.0,1446.0,1559.0,1805.0,748.0,950.0,599.0,734.0,977.0,355.0,671.0,726.0,378.0,935.0,1185.0,953.0,823.0,833.0,1311.0,1545.0,355.0,1676.0,1602.0,1077.0,853.0,1498.0,1377.0,1129.0,859.0,462.0,215.0,485.0,139.0,796.0,1108.0,1531.0,1292.0,749.0,928.0
40,Kleinpferd,426.0,040_140725_1.JPG,1100.0,1171.0,1577.0,2165.0,2203.0,2696.0,2475.0,1891.0,2143.0,2257.0,2969.0,3167.0,3245.0,1676.0,1032.0,1381.0,515.0,2106.0,2332.0,766.0,898.0,1085.0,1108.0,1598.0,1401.0,1343.0,1630.0,1826.0,1910.0,2171.0,2286.0,909.0,718.0,282.0,890.0,1133.0,1260.0,428.0,1614.0,1569.0,1981.0,1574.0,731.0,1003.0,1156.0,1994.0,2093.0,2137.0,554.0,139.0,854.0,681.0,1078.0,1437.0,1432.0,1351.0,1696.0,1224.0,447.0,733.0,937.0,1601.0,1670.0,1709.0,142.0,559.0,844.0,1105.0,689.0,1098.0,155.0,577.0,755.0,1794.0,2021.0,2247.0,1202.0,1624.0,1814.0,1327.0,1644.0,830.0,1965.0,1015.0,699.0,497.0,601.0,1691.0,1907.0,2133.0,1057.0,1472.0,1661.0,1237.0,1611.0,837.0,1969.0,883.0,546.0,572.0,1960.0,2127.0,2345.0,785.0,1251.0,1466.0,1565.0,2043.0,1321.0,2440.0,1087.0,639.0,1422.0,1568.0,1782.0,516.0,880.0,1062.0,1083.0,1662.0,1125.0,2132.0,553.0,144.0,288.0,491.0,1683.0,1625.0,1605.0,489.0,868.0,1287.0,1384.0,875.0,1325.0,226.0,1751.0,1614.0,1556.0,758.0,1135.0,1566.0,1630.0,1047.0,1489.0,1937.0,1762.0,1681.0,975.0,1281.0,1778.0,1743.0,1269.0,1708.0,468.0,686.0,1459.0,2098.0,1636.0,2598.0,917.0,651.0,220.0,1539.0,2214.0,1917.0,2747.0,1061.0,981.0,1587.0,2264.0,2044.0,2805.0,1157.0,1149.0,678.0,811.0,1219.0,547.0,960.0,850.0,546.0,1185.0,1522.0,1135.0,907.0,986.0,1699.0,1989.0,450.0,2120.0,1805.0,1150.0,908.0,1786.0,1632.0,1457.0,1036.0,469.0,181.0,673.0,209.0,901.0,1266.0,1695.0,1638.0,873.0,1089.0
40,Kleinpferd,426.0,040_140725_2.JPG,900.0,1012.0,1413.0,1992.0,1956.0,2660.0,2345.0,1665.0,1912.0,2065.0,2932.0,3151.0,3179.0,1477.0,894.0,1061.0,418.0,1920.0,2078.0,767.0,915.0,1126.0,1064.0,1763.0,1472.0,1304.0,1578.0,1767.0,2072.0,2349.0,2418.0,884.0,684.0,161.0,815.0,1129.0,1208.0,431.0,1702.0,1562.0,2173.0,1634.0,660.0,922.0,1093.0,2149.0,2263.0,2248.0,542.0,122.0,824.0,627.0,1099.0,1386.0,1558.0,1381.0,1904.0,1285.0,405.0,672.0,864.0,1754.0,1838.0,1817.0,152.0,530.0,893.0,1051.0,724.0,1063.0,215.0,732.0,930.0,1930.0,2150.0,2332.0,1443.0,1895.0,2074.0,1427.0,1677.0,979.0,1939.0,1115.0,818.0,706.0,737.0,1741.0,1953.0,2132.0,1283.0,1714.0,1882.0,1244.0,1549.0,906.0,1858.0,901.0,605.0,742.0,2196.0,2353.0,2508.0,946.0,1452.0,1685.0,1753.0,2182.0,1604.0,2541.0,1243.0,863.0,1513.0,1639.0,1783.0,605.0,982.0,1145.0,1135.0,1676.0,1319.0,2124.0,565.0,268.0,275.0,464.0,1884.0,1857.0,1780.0,508.0,782.0,1294.0,1262.0,958.0,1334.0,192.0,1935.0,1834.0,1720.0,755.0,1044.0,1565.0,1501.0,1113.0,1494.0,2036.0,1891.0,1753.0,947.0,1214.0,1756.0,1650.0,1276.0,1654.0,507.0,750.0,1616.0,2209.0,1921.0,2685.0,1051.0,865.0,261.0,1723.0,2345.0,2212.0,2853.0,1233.0,1194.0,1718.0,2340.0,2291.0,2856.0,1289.0,1324.0,623.0,837.0,1139.0,577.0,911.0,760.0,521.0,1158.0,1422.0,960.0,1006.0,1056.0,1643.0,1860.0,381.0,1947.0,1800.0,1091.0,868.0,2039.0,1823.0,1715.0,1114.0,472.0,191.0,750.0,234.0,919.0,1209.0,1772.0,1537.0,955.0,1206.0
41,Kleinpferd,448.0,041_140725_1.JPG,1039.0,1158.0,1570.0,2004.0,2021.0,2591.0,2326.0,1931.0,2205.0,2337.0,2892.0,3115.0,3191.0,1637.0,991.0,1194.0,470.0,1950.0,2152.0,770.0,891.0,1009.0,1006.0,1561.0,1296.0,1298.0,1568.0,1758.0,1879.0,2152.0,2263.0,882.0,705.0,155.0,823.0,1005.0,1125.0,452.0,1587.0,1537.0,1978.0,1529.0,774.0,1046.0,1184.0,1978.0,2093.0,2124.0,556.0,168.0,814.0,700.0,1001.0,1360.0,1407.0,1331.0,1674.0,1169.0,409.0,686.0,868.0,1556.0,1644.0,1671.0,125.0,605.0,853.0,1132.0,606.0,1017.0,113.0,632.0,725.0,1685.0,1864.0,2075.0,1281.0,1699.0,1894.0,1307.0,1604.0,871.0,1832.0,986.0,670.0,580.0,615.0,1593.0,1765.0,1975.0,1180.0,1591.0,1784.0,1227.0,1565.0,860.0,1824.0,884.0,557.0,555.0,1826.0,1922.0,2116.0,828.0,1287.0,1515.0,1553.0,2039.0,1409.0,2362.0,1099.0,666.0,1278.0,1367.0,1562.0,607.0,983.0,1169.0,1044.0,1618.0,1143.0,2020.0,569.0,177.0,280.0,459.0,1510.0,1480.0,1452.0,430.0,942.0,1249.0,1474.0,735.0,1164.0,211.0,1484.0,1370.0,1301.0,689.0,1214.0,1511.0,1744.0,882.0,1283.0,1632.0,1468.0,1368.0,885.0,1351.0,1707.0,1870.0,1091.0,1486.0,460.0,692.0,1435.0,2096.0,1730.0,2550.0,982.0,761.0,239.0,1538.0,2233.0,2014.0,2730.0,1166.0,1099.0,1576.0,2273.0,2132.0,2786.0,1260.0,1265.0,698.0,822.0,1212.0,481.0,893.0,780.0,533.0,1115.0,1445.0,964.0,880.0,974.0,1579.0,1843.0,433.0,2097.0,1762.0,1098.0,868.0,1851.0,1738.0,1515.0,1136.0,461.0,195.0,684.0,225.0,886.0,1243.0,1710.0,1657.0,952.0,1181.0
41,Kleinpferd,448.0,041_140725_2.JPG,1082.0,1107.0,1531.0,2043.0,2084.0,2618.0,2347.0,1896.0,2184.0,2299.0,3012.0,3294.0,3406.0,1622.0,912.0,1244.0,385.0,1938.0,2196.0,863.0,942.0,997.0,1018.0,1541.0,1284.0,1369.0,1662.0,1844.0,1965.0,2301.0,2448.0,893.0,770.0,163.0,951.0,989.0,1136.0,469.0,1708.0,1677.0,2101.0,1633.0,789.0,1077.0,1202.0,2195.0,2362.0,2427.0,626.0,198.0,928.0,739.0,1070.0,1493.0,1522.0,1459.0,1798.0,1267.0,430.0,730.0,904.0,1766.0,1900.0,1960.0,198.0,635.0,925.0,1185.0,670.0,1143.0,130.0,623.0,758.0,1838.0,2054.0,2260.0,1354.0,1825.0,2042.0,1355.0,1689.0,852.0,1948.0,1037.0,696.0,543.0,627.0,1755.0,1960.0,2166.0,1229.0,1696.0,1912.0,1283.0,1673.0,864.0,1967.0,937.0,571.0,597.0,2003.0,2145.0,2344.0,877.0,1385.0,1627.0,1604.0,2131.0,1382.0,2477.0,1162.0,673.0,1421.0,1550.0,1748.0,687.0,1097.0,1298.0,1068.0,1703.0,1125.0,2133.0,601.0,151.0,302.0,475.0,1775.0,1789.0,1794.0,509.0,984.0,1340.0,1527.0,845.0,1331.0,206.0,1792.0,1720.0,1684.0,782.0,1275.0,1624.0,1810.0,1024.0,1483.0,1955.0,1842.0,1782.0,976.0,1400.0,1814.0,1918.0,1230.0,1685.0,509.0,755.0,1579.0,2299.0,1808.0,2772.0,1128.0,831.0,250.0,1737.0,2497.0,2155.0,3013.0,1356.0,1217.0,1813.0,2577.0,2310.0,3107.0,1476.0,1405.0,764.0,843.0,1299.0,472.0,946.0,866.0,551.0,1172.0,1557.0,1102.0,868.0,978.0,1663.0,1983.0,491.0,2130.0,1842.0,1151.0,905.0,1949.0,1821.0,1629.0,1198.0,474.0,176.0,757.0,247.0,950.0,1339.0,1791.0,1756.0,1011.0,1250.0
42,Spezialrasse,506.5,042_140725_1.JPG,713.0,793.0,1061.0,1383.0,1358.0,1735.0,1593.0,1325.0,1536.0,1672.0,1907.0,2055.0,2135.0,1111.0,672.0,862.0,306.0,1352.0,1498.0,531.0,615.0,692.0,655.0,1028.0,890.0,923.0,1139.0,1298.0,1220.0,1409.0,1514.0,622.0,490.0,150.0,564.0,714.0,797.0,290.0,1075.0,1009.0,1321.0,1035.0,532.0,745.0,888.0,1268.0,1341.0,1394.0,355.0,122.0,576.0,493.0,686.0,943.0,960.0,883.0,1139.0,807.0,309.0,527.0,684.0,999.0,1052.0,1103.0,71.0,405.0,586.0,771.0,430.0,723.0,82.0,371.0,483.0,1180.0,1336.0,1483.0,817.0,1110.0,1261.0,912.0,1096.0,557.0,1256.0,677.0,452.0,379.0,420.0,1099.0,1253.0,1401.0,764.0,1048.0,1197.0,834.0,1036.0,513.0,1214.0,595.0,380.0,390.0,1284.0,1390.0,1517.0,593.0,910.0,1072.0,1076.0,1368.0,883.0,1580.0,751.0,439.0,909.0,1003.0,1127.0,354.0,628.0,778.0,739.0,1106.0,743.0,1384.0,386.0,96.0,220.0,376.0,994.0,951.0,957.0,309.0,653.0,884.0,1022.0,534.0,846.0,160.0,1011.0,898.0,867.0,518.0,865.0,1091.0,1231.0,662.0,956.0,1095.0,939.0,881.0,678.0,1006.0,1251.0,1367.0,806.0,1088.0,317.0,479.0,928.0,1359.0,1078.0,1673.0,583.0,432.0,163.0,986.0,1447.0,1279.0,1794.0,705.0,682.0,1041.0,1506.0,1391.0,1863.0,801.0,824.0,465.0,575.0,826.0,359.0,656.0,564.0,371.0,776.0,1012.0,701.0,598.0,652.0,1100.0,1287.0,314.0,1578.0,1296.0,863.0,685.0,1259.0,1190.0,1052.0,776.0,376.0,158.0,467.0,157.0,673.0,970.0,1231.0,1285.0,673.0,810.0
42,Spezialrasse,506.5,042_140725_2.JPG,997.0,1089.0,1473.0,1838.0,1860.0,2358.0,2140.0,1797.0,2032.0,2199.0,2711.0,2956.0,3061.0,1534.0,933.0,1200.0,452.0,1825.0,2048.0,754.0,863.0,880.0,877.0,1372.0,1153.0,1259.0,1511.0,1727.0,1733.0,2023.0,2158.0,818.0,687.0,203.0,818.0,929.0,1064.0,418.0,1469.0,1403.0,1826.0,1416.0,709.0,948.0,1128.0,1892.0,2024.0,2086.0,535.0,156.0,816.0,654.0,942.0,1323.0,1325.0,1226.0,1574.0,1105.0,396.0,649.0,863.0,1519.0,1616.0,1670.0,162.0,558.0,822.0,1058.0,589.0,1019.0,143.0,547.0,654.0,1637.0,1839.0,2056.0,1169.0,1584.0,1780.0,1184.0,1470.0,706.0,1698.0,916.0,626.0,499.0,515.0,1522.0,1716.0,1931.0,1049.0,1454.0,1646.0,1079.0,1418.0,687.0,1685.0,786.0,484.0,523.0,1793.0,1940.0,2136.0,764.0,1218.0,1437.0,1414.0,1864.0,1176.0,2171.0,1023.0,581.0,1282.0,1418.0,1613.0,587.0,949.0,1134.0,943.0,1485.0,951.0,1869.0,524.0,95.0,254.0,468.0,1564.0,1546.0,1546.0,476.0,864.0,1208.0,1358.0,770.0,1213.0,222.0,1615.0,1523.0,1486.0,714.0,1103.0,1453.0,1587.0,938.0,1361.0,1761.0,1619.0,1552.0,935.0,1281.0,1674.0,1749.0,1149.0,1561.0,456.0,678.0,1369.0,1986.0,1534.0,2412.0,951.0,671.0,225.0,1490.0,2143.0,1835.0,2611.0,1132.0,1011.0,1558.0,2214.0,1977.0,2696.0,1241.0,1186.0,656.0,741.0,1142.0,430.0,857.0,785.0,502.0,1038.0,1390.0,999.0,768.0,863.0,1484.0,1775.0,446.0,2091.0,1711.0,1108.0,856.0,1727.0,1585.0,1437.0,1078.0,462.0,207.0,675.0,219.0,894.0,1252.0,1621.0,1651.0,908.0,1100.0
43,Kleinpferd,490.0,043_140725_1.JPG,818.0,841.0,1204.0,1585.0,1555.0,2021.0,1789.0,1467.0,1658.0,1747.0,2269.0,2468.0,2525.0,1271.0,747.0,1012.0,338.0,1537.0,1701.0,560.0,689.0,789.0,746.0,1206.0,987.0,1027.0,1231.0,1378.0,1478.0,1720.0,1804.0,672.0,531.0,194.0,680.0,806.0,900.0,378.0,1207.0,1132.0,1517.0,1154.0,629.0,827.0,935.0,1572.0,1701.0,1733.0,476.0,94.0,631.0,522.0,806.0,1073.0,1073.0,982.0,1280.0,865.0,339.0,542.0,691.0,1231.0,1331.0,1356.0,132.0,467.0,645.0,897.0,480.0,795.0,99.0,472.0,552.0,1338.0,1489.0,1660.0,974.0,1322.0,1463.0,961.0,1225.0,616.0,1467.0,756.0,514.0,472.0,471.0,1241.0,1391.0,1562.0,917.0,1254.0,1390.0,868.0,1156.0,563.0,1418.0,657.0,426.0,453.0,1457.0,1556.0,1721.0,622.0,997.0,1161.0,1150.0,1557.0,1016.0,1864.0,833.0,497.0,1008.0,1103.0,1268.0,496.0,795.0,922.0,733.0,1211.0,796.0,1574.0,393.0,88.0,206.0,353.0,1257.0,1258.0,1240.0,396.0,722.0,978.0,1138.0,625.0,960.0,171.0,1275.0,1214.0,1169.0,583.0,919.0,1173.0,1326.0,746.0,1068.0,1411.0,1316.0,1252.0,745.0,1024.0,1332.0,1411.0,916.0,1236.0,375.0,542.0,1108.0,1642.0,1290.0,2034.0,766.0,581.0,173.0,1226.0,1783.0,1544.0,2200.0,932.0,866.0,1263.0,1819.0,1635.0,2243.0,1001.0,985.0,557.0,592.0,980.0,350.0,664.0,629.0,431.0,877.0,1128.0,855.0,651.0,710.0,1278.0,1487.0,336.0,1601.0,1375.0,908.0,687.0,1413.0,1324.0,1161.0,864.0,348.0,144.0,540.0,164.0,715.0,986.0,1305.0,1282.0,725.0,899.0
43,Kleinpferd,490.0,043_140725_2.JPG,935.0,1045.0,1415.0,1802.0,1787.0,2259.0,2015.0,1737.0,1983.0,2149.0,2392.0,2503.0,2536.0,1458.0,947.0,1149.0,400.0,1776.0,1937.0,672.0,793.0,893.0,863.0,1328.0,1094.0,1181.0,1430.0,1648.0,1500.0,1675.0,1752.0,783.0,637.0,215.0,781.0,932.0,1016.0,402.0,1360.0,1289.0,1659.0,1256.0,692.0,940.0,1120.0,1518.0,1535.0,1533.0,469.0,98.0,723.0,670.0,888.0,1185.0,1189.0,1101.0,1386.0,935.0,388.0,639.0,855.0,1136.0,1133.0,1134.0,85.0,494.0,726.0,1061.0,527.0,875.0,102.0,495.0,593.0,1474.0,1646.0,1871.0,1020.0,1353.0,1514.0,1118.0,1380.0,704.0,1672.0,846.0,560.0,479.0,501.0,1376.0,1546.0,1771.0,937.0,1261.0,1419.0,1027.0,1315.0,663.0,1635.0,745.0,463.0,485.0,1565.0,1673.0,1875.0,727.0,1105.0,1295.0,1302.0,1703.0,1119.0,2084.0,901.0,523.0,1082.0,1189.0,1395.0,450.0,760.0,922.0,850.0,1316.0,882.0,1773.0,424.0,78.0,255.0,467.0,1129.0,996.0,932.0,411.0,791.0,1105.0,1356.0,666.0,1044.0,230.0,1138.0,923.0,812.0,651.0,1037.0,1342.0,1596.0,806.0,1165.0,1296.0,1030.0,885.0,874.0,1214.0,1568.0,1756.0,1027.0,1377.0,380.0,575.0,1057.0,1595.0,1296.0,2111.0,635.0,515.0,199.0,1069.0,1625.0,1490.0,2180.0,744.0,804.0,1081.0,1628.0,1580.0,2194.0,826.0,956.0,556.0,694.0,1115.0,443.0,790.0,717.0,572.0,962.0,1243.0,972.0,754.0,804.0,1479.0,1696.0,378.0,2099.0,1654.0,1122.0,858.0,1517.0,1427.0,1167.0,918.0,468.0,210.0,485.0,148.0,860.0,1211.0,1533.0,1696.0,805.0,964.0
44,Warmblut,515.0,044_140725_1.JPG,820.0,852.0,1162.0,1543.0,1548.0,1894.0,1729.0,1404.0,1625.0,1756.0,2041.0,2187.0,2231.0,1206.0,760.0,990.0,313.0,1459.0,1611.0,552.0,664.0,727.0,728.0,1075.0,949.0,985.0,1224.0,1397.0,1289.0,1499.0,1583.0,650.0,548.0,171.0,719.0,772.0,829.0,321.0,1075.0,1035.0,1321.0,1028.0,560.0,793.0,944.0,1275.0,1366.0,1391.0,381.0,96.0,602.0,574.0,679.0,926.0,940.0,880.0,1109.0,764.0,321.0,560.0,734.0,972.0,1046.0,1072.0,82.0,417.0,625.0,894.0,388.0,680.0,84.0,378.0,507.0,1180.0,1356.0,1530.0,839.0,1149.0,1292.0,867.0,1127.0,563.0,1434.0,690.0,441.0,350.0,425.0,1109.0,1280.0,1452.0,763.0,1069.0,1210.0,805.0,1093.0,559.0,1422.0,613.0,357.0,408.0,1270.0,1392.0,1548.0,605.0,937.0,1100.0,1028.0,1390.0,904.0,1755.0,760.0,441.0,876.0,986.0,1140.0,357.0,645.0,785.0,682.0,1111.0,786.0,1535.0,383.0,120.0,241.0,413.0,970.0,937.0,913.0,352.0,647.0,942.0,1109.0,512.0,830.0,180.0,993.0,877.0,812.0,581.0,875.0,1173.0,1323.0,667.0,966.0,1108.0,945.0,850.0,760.0,1020.0,1351.0,1448.0,840.0,1130.0,332.0,497.0,899.0,1367.0,1133.0,1821.0,598.0,471.0,170.0,988.0,1462.0,1358.0,1936.0,737.0,739.0,1025.0,1487.0,1452.0,1965.0,811.0,867.0,476.0,591.0,948.0,309.0,598.0,624.0,478.0,769.0,1006.0,872.0,649.0,666.0,1226.0,1421.0,319.0,1620.0,1399.0,927.0,734.0,1296.0,1213.0,1069.0,787.0,413.0,172.0,474.0,148.0,748.0,988.0,1331.0,1316.0,710.0,862.0
44,Warmblut,515.0,044_140725_2.JPG,786.0,807.0,1097.0,1504.0,1573.0,1873.0,1672.0,1387.0,1600.0,1726.0,2019.0,2161.0,2205.0,1171.0,748.0,911.0,269.0,1443.0,1581.0,513.0,617.0,720.0,787.0,1088.0,926.0,1005.0,1231.0,1406.0,1305.0,1508.0,1590.0,660.0,556.0,127.0,747.0,787.0,838.0,298.0,1034.0,1035.0,1301.0,992.0,598.0,823.0,974.0,1277.0,1373.0,1405.0,375.0,88.0,538.0,604.0,689.0,903.0,900.0,863.0,1092.0,742.0,388.0,614.0,789.0,990.0,1075.0,1109.0,77.0,377.0,577.0,902.0,408.0,659.0,141.0,400.0,485.0,1190.0,1355.0,1538.0,855.0,1156.0,1292.0,874.0,1114.0,601.0,1457.0,679.0,458.0,301.0,351.0,1118.0,1267.0,1447.0,714.0,1017.0,1155.0,826.0,1119.0,662.0,1503.0,588.0,336.0,399.0,1281.0,1390.0,1558.0,602.0,927.0,1082.0,1042.0,1387.0,962.0,1797.0,743.0,453.0,886.0,991.0,1161.0,398.0,676.0,807.0,681.0,1080.0,803.0,1549.0,356.0,92.0,229.0,401.0,980.0,942.0,919.0,360.0,641.0,963.0,1152.0,540.0,829.0,186.0,995.0,881.0,821.0,577.0,860.0,1183.0,1357.0,679.0,952.0,1125.0,965.0,878.0,758.0,1001.0,1363.0,1473.0,861.0,1127.0,325.0,482.0,916.0,1361.0,1186.0,1867.0,589.0,474.0,161.0,998.0,1450.0,1399.0,1977.0,729.0,730.0,1034.0,1477.0,1487.0,2007.0,803.0,851.0,453.0,606.0,979.0,338.0,601.0,597.0,531.0,773.0,991.0,858.0,686.0,716.0,1280.0,1456.0,290.0,1609.0,1404.0,966.0,786.0,1294.0,1157.0,1049.0,808.0,399.0,171.0,459.0,141.0,743.0,977.0,1345.0,1340.0,707.0,843.0
44,Warmblut,515.0,044_140725_3.JPG,814.0,808.0,1219.0,1774.0,1750.0,2246.0,1961.0,1586.0,1864.0,2032.0,2302.0,2414.0,2466.0,1302.0,820.0,961.0,326.0,1683.0,1860.0,707.0,843.0,960.0,937.0,1438.0,1225.0,1354.0,1657.0,1869.0,1620.0,1829.0,1936.0,871.0,745.0,150.0,831.0,1053.0,1114.0,435.0,1448.0,1370.0,1783.0,1346.0,790.0,1083.0,1270.0,1604.0,1646.0,1676.0,529.0,38.0,755.0,550.0,984.0,1270.0,1263.0,1160.0,1487.0,979.0,517.0,818.0,1032.0,1185.0,1211.0,1248.0,99.0,441.0,809.0,984.0,582.0,925.0,127.0,539.0,722.0,1699.0,1945.0,2159.0,1137.0,1514.0,1702.0,1207.0,1482.0,818.0,1766.0,937.0,630.0,510.0,602.0,1583.0,1824.0,2037.0,1024.0,1394.0,1579.0,1099.0,1404.0,789.0,1720.0,811.0,506.0,588.0,1808.0,1993.0,2187.0,845.0,1265.0,1477.0,1405.0,1812.0,1288.0,2190.0,980.0,584.0,1233.0,1406.0,1600.0,436.0,792.0,982.0,886.0,1367.0,1085.0,1830.0,416.0,117.0,305.0,516.0,1264.0,1109.0,1053.0,523.0,771.0,1326.0,1293.0,828.0,1225.0,219.0,1344.0,1097.0,984.0,812.0,1060.0,1626.0,1560.0,1030.0,1419.0,1500.0,1209.0,1065.0,1031.0,1245.0,1841.0,1719.0,1237.0,1620.0,421.0,634.0,1086.0,1618.0,1487.0,2130.0,625.0,551.0,215.0,1120.0,1650.0,1715.0,2195.0,776.0,891.0,1165.0,1675.0,1833.0,2226.0,897.0,1073.0,537.0,820.0,1075.0,484.0,837.0,794.0,552.0,1000.0,1294.0,957.0,940.0,971.0,1505.0,1740.0,397.0,2007.0,1833.0,1277.0,993.0,1685.0,1568.0,1314.0,964.0,500.0,196.0,542.0,172.0,957.0,1250.0,1768.0,1680.0,881.0,1067.0
46,Warmblut,521.0,046_140725_1.JPG,464.0,493.0,646.0,790.0,853.0,975.0,906.0,791.0,910.0,990.0,1065.0,1147.0,1188.0,666.0,437.0,541.0,186.0,804.0,861.0,300.0,358.0,327.0,390.0,514.0,468.0,577.0,708.0,812.0,647.0,767.0,828.0,370.0,306.0,79.0,394.0,416.0,427.0,157.0,505.0,533.0,616.0,490.0,316.0,446.0,542.0,609.0,664.0,699.0,177.0,62.0,308.0,325.0,346.0,444.0,448.0,454.0,510.0,364.0,221.0,350.0,456.0,459.0,507.0,543.0,20.0,219.0,329.0,482.0,203.0,321.0,76.0,207.0,255.0,643.0,751.0,856.0,438.0,602.0,681.0,444.0,545.0,254.0,711.0,336.0,243.0,132.0,198.0,632.0,731.0,834.0,372.0,541.0,622.0,446.0,579.0,313.0,764.0,311.0,197.0,167.0,654.0,735.0,831.0,286.0,461.0,546.0,498.0,668.0,435.0,874.0,328.0,197.0,489.0,568.0,665.0,190.0,347.0,426.0,349.0,548.0,391.0,781.0,168.0,46.0,132.0,236.0,502.0,470.0,470.0,215.0,361.0,550.0,609.0,327.0,458.0,107.0,539.0,462.0,438.0,342.0,487.0,678.0,725.0,420.0,545.0,617.0,517.0,476.0,448.0,578.0,785.0,804.0,523.0,645.0,175.0,260.0,440.0,671.0,573.0,923.0,265.0,222.0,85.0,487.0,726.0,699.0,989.0,354.0,368.0,523.0,759.0,763.0,1023.0,412.0,443.0,239.0,337.0,502.0,186.0,307.0,329.0,264.0,407.0,502.0,459.0,352.0,352.0,658.0,734.0,132.0,984.0,799.0,551.0,440.0,692.0,627.0,527.0,433.0,231.0,97.0,248.0,79.0,426.0,589.0,749.0,797.0,399.0,451.0
46,Warmblut,521.0,046_140725_2.JPG,442.0,468.0,627.0,804.0,804.0,1000.0,914.0,787.0,909.0,972.0,1105.0,1191.0,1228.0,654.0,438.0,502.0,191.0,782.0,854.0,304.0,351.0,363.0,362.0,559.0,501.0,580.0,710.0,806.0,702.0,825.0,882.0,366.0,316.0,60.0,381.0,416.0,441.0,169.0,549.0,523.0,677.0,522.0,329.0,458.0,539.0,683.0,738.0,766.0,197.0,38.0,314.0,296.0,354.0,469.0,467.0,430.0,549.0,371.0,232.0,360.0,458.0,518.0,570.0,601.0,28.0,207.0,330.0,464.0,192.0,325.0,48.0,217.0,285.0,662.0,764.0,870.0,464.0,639.0,721.0,458.0,580.0,305.0,732.0,358.0,253.0,200.0,239.0,619.0,719.0,825.0,424.0,595.0,676.0,419.0,555.0,302.0,721.0,313.0,205.0,212.0,688.0,760.0,862.0,305.0,495.0,586.0,531.0,712.0,499.0,906.0,379.0,233.0,479.0,548.0,650.0,203.0,358.0,437.0,348.0,560.0,443.0,788.0,182.0,60.0,131.0,227.0,546.0,517.0,511.0,224.0,352.0,562.0,602.0,314.0,457.0,106.0,569.0,495.0,466.0,349.0,478.0,690.0,721.0,406.0,538.0,656.0,559.0,515.0,450.0,555.0,789.0,782.0,512.0,643.0,191.0,283.0,491.0,721.0,645.0,966.0,330.0,261.0,93.0,542.0,775.0,774.0,1034.0,415.0,406.0,574.0,801.0,834.0,1063.0,467.0,480.0,235.0,341.0,492.0,167.0,304.0,332.0,262.0,392.0,507.0,431.0,370.0,384.0,637.0,730.0,146.0,936.0,801.0,542.0,448.0,726.0,680.0,576.0,440.0,222.0,90.0,272.0,86.0,433.0,555.0,772.0,749.0,418.0,477.0
48,Kaltblut,510.0,048_140725_1.JPG,1167.0,1276.0,1713.0,2340.0,2239.0,3101.0,2558.0,2146.0,2444.0,2617.0,3192.0,3242.0,3261.0,1787.0,1084.0,1334.0,514.0,2182.0,2424.0,885.0,997.0,1182.0,1072.0,1934.0,1451.0,1492.0,1794.0,2023.0,2141.0,2306.0,2392.0,1012.0,765.0,168.0,960.0,1205.0,1327.0,481.0,1749.0,1564.0,2297.0,1557.0,870.0,1169.0,1352.0,2056.0,2013.0,2004.0,576.0,199.0,926.0,780.0,1055.0,1421.0,1493.0,1288.0,1914.0,1126.0,498.0,806.0,1028.0,1578.0,1540.0,1548.0,100.0,640.0,954.0,1241.0,594.0,996.0,210.0,817.0,840.0,1794.0,1989.0,2219.0,1498.0,1894.0,2090.0,1422.0,1745.0,1022.0,2123.0,1133.0,825.0,865.0,681.0,1583.0,1781.0,2013.0,1377.0,1739.0,1923.0,1214.0,1573.0,906.0,1986.0,926.0,644.0,829.0,2027.0,2111.0,2301.0,1082.0,1587.0,1834.0,1820.0,2350.0,1767.0,2820.0,1367.0,935.0,1199.0,1299.0,1503.0,723.0,1058.0,1251.0,1027.0,1648.0,1295.0,2190.0,547.0,138.0,310.0,531.0,1410.0,1221.0,1163.0,484.0,1063.0,1437.0,1647.0,683.0,1102.0,240.0,1342.0,1049.0,938.0,783.0,1365.0,1731.0,1940.0,856.0,1229.0,1456.0,1090.0,927.0,1014.0,1551.0,1965.0,2107.0,1088.0,1443.0,515.0,770.0,1481.0,2192.0,1993.0,2776.0,1017.0,825.0,257.0,1458.0,2180.0,2179.0,2780.0,1101.0,1109.0,1477.0,2183.0,2277.0,2781.0,1193.0,1281.0,725.0,952.0,1324.0,494.0,898.0,838.0,600.0,1178.0,1511.0,1107.0,1085.0,1174.0,1758.0,2052.0,432.0,2111.0,2001.0,1160.0,1006.0,2106.0,1923.0,1759.0,1260.0,524.0,241.0,688.0,217.0,1012.0,1338.0,1969.0,1664.0,1046.0,1274.0
48,Kaltblut,510.0,048_140725_2.JPG,1192.0,1512.0,1917.0,2242.0,2458.0,2811.0,2632.0,2327.0,2617.0,2830.0,3068.0,3285.0,3404.0,1974.0,1319.0,1413.0,622.0,2314.0,2508.0,885.0,1074.0,1070.0,1273.0,1619.0,1460.0,1623.0,1941.0,2215.0,1924.0,2202.0,2356.0,1065.0,863.0,220.0,973.0,1234.0,1342.0,436.0,1537.0,1630.0,1850.0,1477.0,830.0,1139.0,1388.0,1775.0,1877.0,1955.0,528.0,217.0,906.0,944.0,992.0,1349.0,1378.0,1408.0,1557.0,1132.0,560.0,873.0,1156.0,1366.0,1442.0,1520.0,120.0,652.0,1001.0,1373.0,608.0,1012.0,245.0,623.0,749.0,1863.0,2122.0,2406.0,1236.0,1649.0,1862.0,1278.0,1655.0,859.0,2023.0,992.0,714.0,378.0,572.0,1845.0,2079.0,2357.0,1029.0,1457.0,1678.0,1298.0,1771.0,1055.0,2202.0,933.0,574.0,478.0,1907.0,2097.0,2357.0,780.0,1225.0,1453.0,1438.0,2017.0,1399.0,2516.0,989.0,563.0,1436.0,1619.0,1880.0,503.0,899.0,1114.0,1012.0,1666.0,1248.0,2251.0,534.0,131.0,318.0,596.0,1485.0,1386.0,1377.0,616.0,1008.0,1561.0,1729.0,924.0,1345.0,289.0,1574.0,1384.0,1323.0,917.0,1305.0,1874.0,2009.0,1147.0,1545.0,1787.0,1543.0,1443.0,1204.0,1535.0,2157.0,2213.0,1425.0,1813.0,445.0,673.0,1255.0,1983.0,1721.0,2635.0,788.0,595.0,228.0,1351.0,2093.0,2016.0,2795.0,976.0,957.0,1442.0,2172.0,2180.0,2890.0,1122.0,1160.0,743.0,968.0,1449.0,489.0,892.0,935.0,735.0,1197.0,1536.0,1167.0,1062.0,1133.0,1853.0,2120.0,426.0,2848.0,2209.0,1419.0,1116.0,1905.0,1702.0,1407.0,1138.0,579.0,256.0,648.0,217.0,1120.0,1569.0,2093.0,2213.0,1050.0,1187.0
49,G-Pony,451.5,049_150725_1.JPG,1345.0,1351.0,1852.0,2659.0,2666.0,3313.0,2897.0,2268.0,2550.0,2705.0,3248.0,3293.0,3336.0,1963.0,1147.0,1635.0,562.0,2503.0,2794.0,985.0,1081.0,1326.0,1324.0,1968.0,1610.0,1614.0,1927.0,2153.0,2038.0,2220.0,2336.0,1099.0,903.0,293.0,1125.0,1355.0,1510.0,545.0,2032.0,1969.0,2483.0,1861.0,919.0,1211.0,1388.0,2070.0,2005.0,2016.0,679.0,205.0,1083.0,811.0,1328.0,1764.0,1744.0,1651.0,2071.0,1386.0,534.0,848.0,1073.0,1537.0,1463.0,1486.0,142.0,723.0,1026.0,1339.0,814.0,1297.0,142.0,731.0,905.0,2118.0,2346.0,2580.0,1434.0,1885.0,2105.0,1644.0,2058.0,1058.0,2436.0,1246.0,871.0,668.0,764.0,2005.0,2225.0,2457.0,1294.0,1743.0,1963.0,1546.0,2008.0,1043.0,2415.0,1116.0,729.0,761.0,2299.0,2449.0,2657.0,1107.0,1632.0,1877.0,1942.0,2557.0,1679.0,3023.0,1343.0,816.0,1549.0,1688.0,1896.0,537.0,986.0,1214.0,1247.0,1974.0,1327.0,2514.0,600.0,103.0,315.0,540.0,1511.0,1256.0,1193.0,539.0,1124.0,1544.0,1719.0,956.0,1484.0,240.0,1549.0,1195.0,1074.0,840.0,1416.0,1846.0,1994.0,1127.0,1638.0,1713.0,1308.0,1150.0,1075.0,1590.0,2081.0,2144.0,1352.0,1852.0,527.0,773.0,1396.0,2220.0,1774.0,2808.0,753.0,603.0,245.0,1338.0,2185.0,1995.0,2799.0,868.0,1014.0,1374.0,2206.0,2129.0,2822.0,1011.0,1234.0,849.0,1006.0,1461.0,672.0,1160.0,1053.0,616.0,1471.0,1874.0,1378.0,1127.0,1228.0,2056.0,2412.0,528.0,2485.0,2147.0,1345.0,1069.0,2072.0,1931.0,1614.0,1166.0,535.0,219.0,636.0,200.0,1047.0,1531.0,2028.0,1956.0,988.0,1210.0
51,Spezialrasse,411.0,051_150725_2.JPG,1294.0,1398.0,1832.0,2249.0,2272.0,2744.0,2492.0,2185.0,2451.0,2591.0,3025.0,3187.0,3239.0,1919.0,1166.0,1498.0,579.0,2260.0,2404.0,872.0,975.0,1015.0,1003.0,1461.0,1211.0,1414.0,1680.0,1878.0,1773.0,2012.0,2104.0,933.0,825.0,205.0,1052.0,1076.0,1127.0,475.0,1701.0,1622.0,1971.0,1497.0,787.0,1056.0,1209.0,1876.0,1910.0,1923.0,626.0,234.0,948.0,854.0,1090.0,1406.0,1518.0,1404.0,1665.0,1132.0,440.0,709.0,903.0,1431.0,1435.0,1447.0,191.0,698.0,948.0,1315.0,673.0,1047.0,159.0,558.0,751.0,1863.0,2051.0,2258.0,1290.0,1707.0,1869.0,1357.0,1752.0,830.0,2067.0,1071.0,744.0,479.0,592.0,1731.0,1910.0,2116.0,1140.0,1550.0,1711.0,1235.0,1691.0,806.0,2049.0,922.0,585.0,574.0,1907.0,2030.0,2221.0,890.0,1351.0,1535.0,1477.0,2077.0,1258.0,2491.0,1048.0,637.0,1337.0,1456.0,1649.0,595.0,964.0,1120.0,941.0,1642.0,1015.0,2141.0,481.0,93.0,276.0,464.0,1460.0,1321.0,1276.0,526.0,1019.0,1379.0,1632.0,858.0,1269.0,209.0,1468.0,1243.0,1160.0,766.0,1286.0,1632.0,1891.0,999.0,1401.0,1615.0,1343.0,1235.0,972.0,1432.0,1836.0,2022.0,1201.0,1597.0,467.0,655.0,1255.0,2062.0,1587.0,2621.0,794.0,661.0,190.0,1295.0,2123.0,1848.0,2724.0,941.0,1000.0,1326.0,2144.0,1951.0,2755.0,1029.0,1146.0,830.0,868.0,1431.0,484.0,857.0,948.0,621.0,1269.0,1549.0,1243.0,925.0,934.0,1831.0,2048.0,411.0,2427.0,1862.0,1176.0,898.0,1870.0,1712.0,1475.0,1120.0,462.0,189.0,600.0,163.0,929.0,1373.0,1784.0,1859.0,919.0,1140.0
51,Spezialrasse,411.0,051_150725_1.JPG,1324.0,1297.0,1742.0,2430.0,2415.0,3162.0,2767.0,2104.0,2342.0,2514.0,3291.0,3430.0,3464.0,1835.0,1126.0,1455.0,593.0,2277.0,2534.0,942.0,1013.0,1143.0,1103.0,1839.0,1513.0,1512.0,1777.0,2004.0,2057.0,2292.0,2390.0,1004.0,875.0,135.0,1018.0,1194.0,1281.0,480.0,1908.0,1803.0,2399.0,1741.0,814.0,1065.0,1260.0,2194.0,2229.0,2223.0,600.0,173.0,972.0,708.0,1122.0,1533.0,1702.0,1566.0,2057.0,1318.0,500.0,765.0,991.0,1735.0,1750.0,1745.0,135.0,631.0,977.0,1169.0,667.0,1131.0,175.0,816.0,1075.0,2106.0,2313.0,2531.0,1523.0,1945.0,2146.0,1605.0,1912.0,1032.0,2158.0,1344.0,964.0,764.0,906.0,1954.0,2154.0,2369.0,1370.0,1780.0,1978.0,1462.0,1820.0,981.0,2104.0,1176.0,788.0,878.0,2324.0,2460.0,2643.0,1028.0,1511.0,1759.0,1930.0,2453.0,1710.0,2807.0,1478.0,962.0,1489.0,1598.0,1772.0,547.0,883.0,1072.0,1183.0,1840.0,1381.0,2297.0,665.0,235.0,268.0,492.0,1777.0,1654.0,1576.0,534.0,987.0,1474.0,1512.0,846.0,1363.0,230.0,1811.0,1617.0,1499.0,785.0,1237.0,1734.0,1750.0,1000.0,1505.0,1935.0,1689.0,1541.0,1015.0,1429.0,1963.0,1925.0,1204.0,1697.0,484.0,736.0,1603.0,2312.0,1926.0,2797.0,1072.0,777.0,258.0,1631.0,2372.0,2170.0,2892.0,1153.0,1068.0,1637.0,2376.0,2274.0,2908.0,1211.0,1229.0,741.0,951.0,1271.0,533.0,999.0,928.0,541.0,1245.0,1624.0,1126.0,1089.0,1149.0,1749.0,2069.0,517.0,2295.0,2010.0,1231.0,995.0,2158.0,1984.0,1704.0,1075.0,494.0,225.0,691.0,222.0,997.0,1385.0,1951.0,1780.0,938.0,1196.0
52,Warmblut,570.0,052_150725_1.JPG,1448.0,1336.0,1771.0,2625.0,2619.0,3229.0,2816.0,2215.0,2504.0,2684.0,3340.0,3459.0,3476.0,1888.0,1208.0,1585.0,641.0,2402.0,2680.0,904.0,948.0,1181.0,1172.0,1785.0,1445.0,1620.0,1937.0,2194.0,2032.0,2274.0,2361.0,1030.0,912.0,142.0,1168.0,1205.0,1312.0,457.0,1827.0,1780.0,2268.0,1692.0,923.0,1238.0,1461.0,2113.0,2156.0,2152.0,568.0,132.0,939.0,733.0,1162.0,1564.0,1557.0,1495.0,1905.0,1281.0,673.0,990.0,1246.0,1662.0,1701.0,1705.0,118.0,588.0,912.0,1187.0,719.0,1163.0,89.0,665.0,784.0,2072.0,2304.0,2558.0,1348.0,1782.0,1965.0,1547.0,1902.0,1051.0,2316.0,1134.0,741.0,636.0,697.0,1996.0,2223.0,2476.0,1267.0,1696.0,1878.0,1480.0,1859.0,1037.0,2290.0,1050.0,651.0,694.0,2259.0,2418.0,2644.0,964.0,1455.0,1675.0,1856.0,2366.0,1645.0,2854.0,1277.0,771.0,1569.0,1724.0,1953.0,619.0,1005.0,1181.0,1213.0,1805.0,1306.0,2351.0,598.0,136.0,323.0,574.0,1717.0,1558.0,1471.0,603.0,1034.0,1583.0,1578.0,986.0,1491.0,264.0,1761.0,1514.0,1383.0,911.0,1343.0,1894.0,1864.0,1180.0,1667.0,1933.0,1633.0,1474.0,1171.0,1558.0,2154.0,2045.0,1428.0,1904.0,492.0,717.0,1565.0,2238.0,1897.0,2822.0,953.0,736.0,231.0,1588.0,2288.0,2151.0,2888.0,1083.0,1086.0,1589.0,2284.0,2245.0,2885.0,1156.0,1247.0,700.0,983.0,1301.0,634.0,1101.0,966.0,602.0,1287.0,1676.0,1278.0,1091.0,1174.0,1870.0,2218.0,507.0,2539.0,2155.0,1466.0,1223.0,1970.0,1885.0,1540.0,1186.0,566.0,241.0,627.0,177.0,1126.0,1554.0,2082.0,1944.0,1050.0,1255.0
54,Spezialrasse,355.0,054_200825_1.jpeg,442.0,479.0,645.0,823.0,831.0,1074.0,990.0,805.0,927.0,994.0,1234.0,1350.0,1406.0,664.0,426.0,489.0,199.0,827.0,926.0,329.0,361.0,396.0,394.0,634.0,554.0,543.0,668.0,760.0,800.0,930.0,996.0,364.0,324.0,47.0,392.0,431.0,492.0,189.0,647.0,617.0,820.0,655.0,327.0,448.0,519.0,873.0,947.0,986.0,213.0,55.0,340.0,301.0,430.0,594.0,558.0,512.0,681.0,491.0,183.0,311.0,400.0,695.0,760.0,797.0,25.0,243.0,346.0,484.0,253.0,436.0,64.0,266.0,317.0,684.0,775.0,874.0,525.0,698.0,784.0,542.0,668.0,355.0,787.0,408.0,286.0,243.0,257.0,630.0,717.0,815.0,475.0,643.0,727.0,495.0,642.0,349.0,779.0,347.0,223.0,227.0,750.0,805.0,895.0,310.0,494.0,587.0,659.0,853.0,589.0,1013.0,451.0,257.0,533.0,579.0,668.0,246.0,394.0,474.0,467.0,697.0,508.0,892.0,243.0,64.0,128.0,218.0,685.0,704.0,721.0,179.0,381.0,525.0,626.0,300.0,493.0,100.0,689.0,674.0,675.0,304.0,501.0,648.0,744.0,371.0,551.0,758.0,723.0,711.0,396.0,569.0,743.0,805.0,469.0,644.0,184.0,278.0,669.0,920.0,754.0,1129.0,443.0,309.0,94.0,735.0,998.0,885.0,1225.0,528.0,448.0,773.0,1039.0,952.0,1272.0,580.0,524.0,266.0,347.0,506.0,228.0,413.0,342.0,246.0,478.0,635.0,432.0,392.0,445.0,697.0,828.0,195.0,936.0,759.0,501.0,401.0,744.0,680.0,587.0,430.0,217.0,90.0,278.0,94.0,394.0,542.0,736.0,737.0,381.0,457.0
58,Kleinpferd,525.0,058_200825_1.jpeg,975.0,1014.0,1348.0,1886.0,1828.0,2384.0,2074.0,1740.0,1992.0,2129.0,2529.0,2664.0,2736.0,1431.0,912.0,1084.0,427.0,1769.0,1966.0,692.0,730.0,922.0,854.0,1409.0,1147.0,1194.0,1449.0,1644.0,1621.0,1827.0,1941.0,790.0,701.0,110.0,857.0,944.0,1040.0,380.0,1402.0,1283.0,1721.0,1265.0,727.0,981.0,1131.0,1652.0,1709.0,1755.0,457.0,112.0,713.0,633.0,867.0,1166.0,1166.0,1031.0,1395.0,905.0,466.0,726.0,916.0,1274.0,1334.0,1391.0,83.0,491.0,692.0,1000.0,491.0,812.0,145.0,573.0,689.0,1461.0,1628.0,1838.0,1082.0,1433.0,1612.0,1158.0,1469.0,822.0,1767.0,907.0,649.0,571.0,570.0,1316.0,1484.0,1694.0,995.0,1328.0,1501.0,1020.0,1355.0,749.0,1681.0,763.0,519.0,546.0,1524.0,1607.0,1794.0,671.0,1063.0,1261.0,1354.0,1811.0,1301.0,2201.0,965.0,605.0,979.0,1065.0,1258.0,478.0,764.0,931.0,850.0,1367.0,1040.0,1818.0,434.0,108.0,263.0,451.0,1184.0,1104.0,1099.0,405.0,830.0,1148.0,1348.0,573.0,925.0,212.0,1162.0,997.0,948.0,659.0,1081.0,1398.0,1592.0,721.0,1035.0,1306.0,1087.0,1001.0,855.0,1222.0,1598.0,1717.0,931.0,1235.0,393.0,591.0,1203.0,1761.0,1515.0,2244.0,786.0,581.0,199.0,1254.0,1822.0,1730.0,2334.0,900.0,844.0,1309.0,1867.0,1849.0,2387.0,999.0,1001.0,569.0,744.0,1081.0,426.0,762.0,739.0,522.0,975.0,1266.0,948.0,856.0,934.0,1463.0,1712.0,360.0,1894.0,1644.0,1058.0,914.0,1608.0,1489.0,1221.0,920.0,451.0,199.0,564.0,187.0,855.0,1118.0,1597.0,1479.0,823.0,972.0
58,Kleinpferd,525.0,058_200825_2.jpeg,1027.0,1140.0,1515.0,1963.0,2001.0,2386.0,2174.0,1903.0,2132.0,2294.0,2499.0,2600.0,2690.0,1593.0,994.0,1178.0,486.0,1866.0,2061.0,726.0,797.0,964.0,983.0,1362.0,1168.0,1264.0,1497.0,1707.0,1518.0,1685.0,1811.0,851.0,735.0,151.0,872.0,962.0,1057.0,433.0,1467.0,1417.0,1710.0,1324.0,764.0,993.0,1163.0,1550.0,1551.0,1606.0,511.0,162.0,759.0,699.0,874.0,1218.0,1221.0,1135.0,1365.0,933.0,467.0,701.0,910.0,1124.0,1120.0,1185.0,80.0,593.0,743.0,1113.0,452.0,837.0,150.0,487.0,663.0,1550.0,1707.0,1919.0,1014.0,1347.0,1531.0,1207.0,1558.0,827.0,1830.0,954.0,629.0,394.0,513.0,1435.0,1581.0,1790.0,865.0,1197.0,1381.0,1113.0,1519.0,837.0,1832.0,832.0,484.0,490.0,1565.0,1661.0,1850.0,690.0,1062.0,1252.0,1324.0,1831.0,1213.0,2190.0,970.0,548.0,1078.0,1171.0,1362.0,381.0,685.0,868.0,879.0,1464.0,1020.0,1896.0,500.0,114.0,238.0,442.0,1111.0,953.0,942.0,420.0,915.0,1205.0,1455.0,608.0,1020.0,220.0,1125.0,893.0,836.0,647.0,1140.0,1431.0,1677.0,753.0,1132.0,1275.0,997.0,902.0,860.0,1300.0,1646.0,1827.0,966.0,1332.0,373.0,562.0,1053.0,1704.0,1375.0,2180.0,676.0,475.0,190.0,1041.0,1712.0,1556.0,2229.0,737.0,744.0,1105.0,1768.0,1689.0,2298.0,850.0,918.0,672.0,786.0,1193.0,388.0,787.0,798.0,541.0,1028.0,1356.0,1003.0,845.0,910.0,1515.0,1783.0,422.0,2236.0,1714.0,1158.0,914.0,1526.0,1375.0,1127.0,865.0,444.0,203.0,497.0,175.0,853.0,1273.0,1627.0,1743.0,794.0,929.0
59,Spezialrasse,399.0,059_200825_1.jpeg,294.0,411.0,519.0,622.0,609.0,795.0,731.0,674.0,787.0,854.0,892.0,973.0,1000.0,529.0,378.0,363.0,141.0,606.0,647.0,243.0,279.0,365.0,336.0,519.0,437.0,437.0,549.0,627.0,598.0,687.0,721.0,278.0,234.0,71.0,248.0,317.0,354.0,142.0,529.0,478.0,630.0,478.0,272.0,382.0,444.0,593.0,622.0,630.0,165.0,37.0,259.0,285.0,312.0,409.0,455.0,396.0,522.0,352.0,160.0,273.0,349.0,453.0,481.0,493.0,26.0,177.0,257.0,409.0,185.0,294.0,64.0,185.0,252.0,548.0,623.0,704.0,410.0,565.0,630.0,432.0,542.0,302.0,611.0,309.0,217.0,185.0,199.0,485.0,559.0,640.0,366.0,513.0,575.0,373.0,494.0,269.0,585.0,245.0,154.0,196.0,566.0,610.0,683.0,288.0,455.0,529.0,496.0,652.0,450.0,767.0,341.0,229.0,373.0,415.0,489.0,173.0,314.0,378.0,326.0,506.0,368.0,671.0,168.0,83.0,114.0,189.0,410.0,382.0,373.0,160.0,308.0,409.0,555.0,240.0,347.0,83.0,403.0,329.0,299.0,272.0,417.0,517.0,666.0,317.0,410.0,458.0,357.0,310.0,350.0,479.0,597.0,729.0,400.0,490.0,168.0,243.0,429.0,626.0,532.0,819.0,293.0,251.0,77.0,462.0,658.0,628.0,881.0,371.0,375.0,477.0,667.0,666.0,900.0,409.0,431.0,199.0,249.0,423.0,159.0,268.0,260.0,250.0,341.0,434.0,317.0,257.0,285.0,527.0,589.0,112.0,807.0,625.0,412.0,346.0,630.0,575.0,509.0,378.0,189.0,80.0,227.0,66.0,349.0,439.0,597.0,667.0,374.0,426.0
59,Spezialrasse,399.0,059_200825_2.jpeg,259.0,334.0,437.0,542.0,529.0,695.0,640.0,570.0,663.0,718.0,786.0,860.0,876.0,451.0,313.0,324.0,118.0,510.0,571.0,203.0,236.0,308.0,284.0,448.0,381.0,378.0,470.0,538.0,528.0,611.0,633.0,239.0,196.0,66.0,215.0,263.0,312.0,126.0,451.0,411.0,553.0,423.0,239.0,330.0,384.0,537.0,572.0,574.0,148.0,23.0,219.0,225.0,252.0,366.0,389.0,342.0,462.0,312.0,142.0,236.0,302.0,415.0,447.0,450.0,24.0,147.0,215.0,339.0,138.0,265.0,50.0,161.0,221.0,480.0,544.0,616.0,358.0,491.0,540.0,372.0,457.0,251.0,522.0,283.0,183.0,166.0,181.0,430.0,493.0,566.0,326.0,454.0,500.0,324.0,418.0,223.0,499.0,232.0,136.0,180.0,512.0,552.0,619.0,255.0,400.0,459.0,440.0,564.0,385.0,663.0,329.0,199.0,338.0,372.0,439.0,153.0,273.0,320.0,289.0,439.0,316.0,580.0,174.0,70.0,95.0,160.0,389.0,373.0,358.0,139.0,262.0,351.0,464.0,198.0,318.0,74.0,385.0,334.0,305.0,231.0,353.0,440.0,556.0,265.0,368.0,436.0,365.0,324.0,300.0,406.0,510.0,607.0,339.0,440.0,145.0,205.0,391.0,556.0,465.0,718.0,289.0,221.0,64.0,426.0,594.0,553.0,777.0,350.0,331.0,431.0,596.0,578.0,787.0,370.0,371.0,169.0,212.0,356.0,115.0,243.0,219.0,203.0,269.0,381.0,278.0,210.0,247.0,432.0,513.0,130.0,682.0,537.0,365.0,302.0,540.0,497.0,446.0,319.0,160.0,68.0,194.0,52.0,299.0,384.0,508.0,564.0,314.0,363.0
60,Kaltblut,575.0,060_200825_1.jpeg,346.0,330.0,477.0,666.0,654.0,865.0,754.0,602.0,696.0,737.0,968.0,1057.0,1089.0,507.0,300.0,390.0,147.0,626.0,709.0,257.0,286.0,328.0,310.0,519.0,418.0,443.0,545.0,608.0,639.0,752.0,796.0,283.0,250.0,43.0,301.0,336.0,375.0,157.0,539.0,507.0,681.0,516.0,272.0,369.0,417.0,701.0,759.0,780.0,198.0,31.0,273.0,193.0,342.0,471.0,475.0,435.0,573.0,389.0,157.0,260.0,322.0,554.0,602.0,623.0,47.0,186.0,278.0,348.0,197.0,346.0,46.0,220.0,254.0,596.0,676.0,745.0,448.0,610.0,677.0,439.0,545.0,290.0,628.0,358.0,243.0,215.0,214.0,552.0,631.0,700.0,417.0,574.0,640.0,398.0,515.0,270.0,607.0,313.0,199.0,204.0,651.0,705.0,771.0,284.0,460.0,536.0,528.0,694.0,476.0,806.0,397.0,235.0,449.0,502.0,567.0,224.0,364.0,427.0,342.0,535.0,376.0,669.0,199.0,46.0,103.0,165.0,559.0,559.0,560.0,169.0,303.0,434.0,460.0,254.0,416.0,69.0,573.0,541.0,528.0,266.0,399.0,534.0,552.0,321.0,475.0,625.0,578.0,556.0,333.0,446.0,599.0,591.0,390.0,542.0,176.0,252.0,508.0,725.0,597.0,871.0,360.0,265.0,78.0,562.0,786.0,713.0,944.0,431.0,395.0,585.0,809.0,760.0,969.0,466.0,453.0,225.0,268.0,384.0,150.0,299.0,271.0,163.0,366.0,489.0,339.0,304.0,333.0,517.0,623.0,162.0,676.0,609.0,403.0,322.0,652.0,608.0,538.0,400.0,164.0,62.0,253.0,77.0,327.0,427.0,595.0,537.0,324.0,409.0
61,Warmblut,593.0,061_200825_1.jpeg,398.0,411.0,566.0,716.0,710.0,907.0,827.0,710.0,813.0,874.0,1006.0,1099.0,1142.0,590.0,381.0,453.0,139.0,722.0,787.0,252.0,304.0,324.0,314.0,510.0,438.0,479.0,584.0,669.0,625.0,739.0,795.0,316.0,263.0,56.0,355.0,373.0,400.0,162.0,501.0,468.0,636.0,500.0,301.0,407.0,477.0,650.0,713.0,746.0,187.0,37.0,263.0,293.0,349.0,459.0,436.0,392.0,527.0,371.0,175.0,281.0,365.0,499.0,552.0,584.0,25.0,198.0,283.0,454.0,199.0,332.0,51.0,203.0,233.0,565.0,640.0,731.0,409.0,563.0,640.0,428.0,529.0,274.0,679.0,329.0,222.0,197.0,189.0,515.0,589.0,680.0,373.0,522.0,597.0,382.0,497.0,260.0,664.0,277.0,174.0,176.0,605.0,651.0,734.0,262.0,426.0,509.0,510.0,669.0,455.0,856.0,354.0,204.0,430.0,475.0,560.0,192.0,334.0,408.0,351.0,536.0,382.0,753.0,182.0,42.0,108.0,190.0,496.0,494.0,501.0,165.0,329.0,456.0,584.0,252.0,401.0,92.0,499.0,461.0,450.0,268.0,433.0,558.0,684.0,313.0,453.0,565.0,506.0,480.0,355.0,499.0,645.0,741.0,403.0,540.0,164.0,247.0,476.0,687.0,570.0,922.0,302.0,226.0,84.0,527.0,750.0,687.0,1001.0,377.0,358.0,559.0,782.0,745.0,1037.0,425.0,428.0,223.0,291.0,478.0,176.0,312.0,281.0,259.0,385.0,495.0,405.0,326.0,345.0,627.0,712.0,149.0,814.0,669.0,466.0,365.0,631.0,584.0,508.0,399.0,190.0,84.0,246.0,82.0,352.0,481.0,640.0,676.0,338.0,409.0
61,Warmblut,593.0,061_200825_2.jpeg,336.0,362.0,487.0,657.0,650.0,857.0,762.0,619.0,719.0,770.0,976.0,1073.0,1100.0,527.0,319.0,401.0,137.0,645.0,714.0,241.0,280.0,337.0,320.0,525.0,428.0,452.0,556.0,629.0,645.0,757.0,794.0,291.0,222.0,64.0,277.0,345.0,382.0,134.0,524.0,491.0,670.0,510.0,261.0,365.0,426.0,693.0,756.0,769.0,183.0,43.0,264.0,230.0,335.0,460.0,476.0,434.0,587.0,408.0,173.0,277.0,350.0,573.0,625.0,635.0,51.0,174.0,270.0,361.0,214.0,360.0,49.0,210.0,240.0,619.0,700.0,779.0,433.0,590.0,656.0,447.0,525.0,280.0,614.0,352.0,230.0,207.0,197.0,573.0,652.0,731.0,401.0,553.0,616.0,403.0,495.0,260.0,596.0,303.0,183.0,202.0,693.0,751.0,826.0,285.0,454.0,532.0,545.0,682.0,463.0,799.0,401.0,237.0,495.0,549.0,623.0,221.0,359.0,419.0,361.0,531.0,364.0,678.0,205.0,50.0,106.0,177.0,606.0,611.0,598.0,178.0,304.0,442.0,483.0,291.0,456.0,79.0,625.0,601.0,574.0,274.0,407.0,543.0,582.0,355.0,516.0,687.0,647.0,612.0,351.0,467.0,619.0,633.0,433.0,592.0,169.0,248.0,521.0,721.0,582.0,883.0,359.0,264.0,83.0,574.0,790.0,698.0,967.0,429.0,391.0,586.0,805.0,738.0,987.0,455.0,444.0,220.0,270.0,405.0,164.0,315.0,255.0,188.0,365.0,481.0,337.0,296.0,319.0,538.0,629.0,164.0,747.0,621.0,426.0,343.0,638.0,591.0,533.0,399.0,173.0,67.0,247.0,78.0,329.0,466.0,596.0,614.0,323.0,407.0
65,Warmblut,575.0,065_200825_1.jpeg,1026.0,887.0,1259.0,1911.0,1862.0,2367.0,1996.0,1581.0,1825.0,1941.0,2410.0,2517.0,2580.0,1348.0,789.0,1190.0,342.0,1718.0,1927.0,637.0,717.0,885.0,841.0,1361.0,1061.0,1172.0,1445.0,1635.0,1566.0,1803.0,1938.0,752.0,636.0,166.0,910.0,914.0,993.0,377.0,1325.0,1232.0,1652.0,1207.0,723.0,989.0,1143.0,1549.0,1630.0,1696.0,468.0,98.0,711.0,588.0,870.0,1143.0,1126.0,1012.0,1355.0,879.0,455.0,730.0,918.0,1175.0,1259.0,1339.0,92.0,474.0,703.0,964.0,511.0,822.0,129.0,551.0,584.0,1439.0,1636.0,1841.0,1108.0,1500.0,1706.0,1078.0,1377.0,722.0,1768.0,828.0,560.0,534.0,469.0,1313.0,1508.0,1712.0,1007.0,1388.0,1590.0,960.0,1290.0,675.0,1700.0,700.0,438.0,496.0,1517.0,1635.0,1820.0,761.0,1196.0,1422.0,1278.0,1726.0,1196.0,2175.0,890.0,541.0,1023.0,1157.0,1350.0,554.0,919.0,1122.0,797.0,1290.0,911.0,1764.0,394.0,69.0,276.0,463.0,1091.0,1012.0,1023.0,431.0,814.0,1147.0,1251.0,639.0,989.0,206.0,1088.0,900.0,854.0,697.0,1076.0,1413.0,1489.0,810.0,1136.0,1229.0,979.0,885.0,893.0,1223.0,1610.0,1600.0,1013.0,1333.0,435.0,662.0,1083.0,1644.0,1430.0,2136.0,693.0,609.0,228.0,1174.0,1728.0,1691.0,2210.0,889.0,957.0,1260.0,1794.0,1839.0,2261.0,1036.0,1153.0,565.0,717.0,1056.0,421.0,742.0,731.0,491.0,962.0,1226.0,1057.0,804.0,844.0,1451.0,1697.0,352.0,1541.0,1635.0,1058.0,918.0,1706.0,1584.0,1400.0,1121.0,465.0,200.0,645.0,218.0,898.0,1108.0,1619.0,1257.0,929.0,1144.0
65,Warmblut,575.0,065_200825_2.jpeg,988.0,982.0,1330.0,1800.0,1800.0,2284.0,1968.0,1695.0,1943.0,2084.0,2417.0,2545.0,2647.0,1375.0,898.0,1118.0,389.0,1723.0,1896.0,638.0,730.0,818.0,811.0,1298.0,1023.0,1189.0,1460.0,1665.0,1537.0,1768.0,1923.0,743.0,638.0,131.0,855.0,883.0,952.0,363.0,1257.0,1192.0,1582.0,1165.0,724.0,986.0,1155.0,1503.0,1575.0,1666.0,412.0,87.0,682.0,635.0,825.0,1097.0,1087.0,996.0,1309.0,862.0,459.0,732.0,935.0,1145.0,1217.0,1319.0,52.0,449.0,707.0,996.0,488.0,802.0,123.0,546.0,559.0,1413.0,1624.0,1841.0,1104.0,1484.0,1694.0,1057.0,1303.0,692.0,1661.0,793.0,532.0,498.0,440.0,1303.0,1508.0,1725.0,992.0,1365.0,1573.0,964.0,1245.0,682.0,1635.0,676.0,410.0,463.0,1482.0,1618.0,1817.0,756.0,1185.0,1408.0,1264.0,1648.0,1168.0,2092.0,856.0,511.0,1022.0,1175.0,1382.0,566.0,925.0,1135.0,815.0,1238.0,900.0,1726.0,394.0,73.0,274.0,477.0,1062.0,966.0,1000.0,447.0,802.0,1158.0,1324.0,643.0,987.0,219.0,1080.0,873.0,848.0,717.0,1060.0,1425.0,1564.0,833.0,1154.0,1233.0,963.0,886.0,925.0,1223.0,1635.0,1698.0,1049.0,1364.0,432.0,654.0,1094.0,1587.0,1425.0,2123.0,695.0,621.0,223.0,1170.0,1662.0,1674.0,2210.0,886.0,962.0,1277.0,1752.0,1837.0,2296.0,1050.0,1166.0,499.0,711.0,1045.0,438.0,756.0,698.0,548.0,907.0,1170.0,972.0,789.0,830.0,1432.0,1654.0,348.0,1799.0,1667.0,1097.0,936.0,1691.0,1569.0,1379.0,1134.0,478.0,210.0,633.0,217.0,927.0,1142.0,1638.0,1441.0,954.0,1158.0
66,Kleinpferd,435.0,066_200825_2.jpeg,1529.0,1712.0,2188.0,2755.0,2822.0,3390.0,3083.0,2657.0,2956.0,3119.0,3804.0,3991.0,4042.0,2236.0,1590.0,1726.0,696.0,2709.0,2942.0,1034.0,1126.0,1264.0,1302.0,1866.0,1583.0,1731.0,2045.0,2286.0,2322.0,2592.0,2680.0,1126.0,1011.0,198.0,1276.0,1320.0,1440.0,542.0,1968.0,1896.0,2348.0,1785.0,946.0,1252.0,1439.0,2377.0,2418.0,2431.0,611.0,127.0,1061.0,1080.0,1245.0,1668.0,1677.0,1556.0,1929.0,1306.0,605.0,919.0,1161.0,1848.0,1877.0,1894.0,75.0,664.0,1054.0,1599.0,736.0,1205.0,218.0,697.0,894.0,2142.0,2370.0,2630.0,1524.0,1999.0,2159.0,1619.0,2018.0,1088.0,2534.0,1196.0,821.0,572.0,676.0,1983.0,2197.0,2454.0,1317.0,1783.0,1942.0,1493.0,1957.0,1113.0,2549.0,1014.0,608.0,694.0,2237.0,2388.0,2628.0,985.0,1530.0,1716.0,1857.0,2426.0,1673.0,3092.0,1250.0,744.0,1550.0,1694.0,1935.0,746.0,1130.0,1277.0,1232.0,1882.0,1388.0,2669.0,583.0,142.0,319.0,556.0,1873.0,1719.0,1673.0,616.0,1068.0,1656.0,2006.0,994.0,1495.0,262.0,1893.0,1646.0,1566.0,922.0,1370.0,1963.0,2293.0,1184.0,1662.0,2079.0,1777.0,1672.0,1171.0,1549.0,2212.0,2442.0,1440.0,1911.0,559.0,753.0,1774.0,2489.0,2130.0,3347.0,1139.0,886.0,196.0,1811.0,2541.0,2412.0,3462.0,1288.0,1247.0,1833.0,2555.0,2506.0,3490.0,1362.0,1384.0,731.0,1042.0,1658.0,660.0,1132.0,1062.0,953.0,1353.0,1760.0,1446.0,1153.0,1246.0,2215.0,2533.0,506.0,2917.0,2283.0,1412.0,1154.0,2164.0,1945.0,1688.0,1266.0,551.0,232.0,700.0,172.0,1151.0,1505.0,2182.0,2227.0,1128.0,1353.0
69,Kleinpferd,450.0,069_200825_1.jpeg,1195.0,1226.0,1683.0,2330.0,2337.0,2953.0,2599.0,2065.0,2308.0,2500.0,3180.0,3387.0,3455.0,1751.0,1099.0,1297.0,534.0,2207.0,2462.0,891.0,978.0,1167.0,1149.0,1760.0,1434.0,1449.0,1710.0,1982.0,2044.0,2325.0,2445.0,985.0,917.0,103.0,1153.0,1156.0,1301.0,504.0,1858.0,1759.0,2274.0,1719.0,839.0,1086.0,1297.0,2187.0,2285.0,2307.0,590.0,147.0,920.0,804.0,1187.0,1585.0,1621.0,1480.0,1911.0,1294.0,471.0,735.0,1004.0,1706.0,1782.0,1805.0,92.0,651.0,952.0,1303.0,726.0,1170.0,201.0,694.0,848.0,1961.0,2154.0,2435.0,1404.0,1855.0,2079.0,1558.0,1947.0,1075.0,2315.0,1145.0,813.0,621.0,650.0,1795.0,1978.0,2256.0,1224.0,1665.0,1884.0,1412.0,1859.0,1050.0,2276.0,959.0,612.0,683.0,2120.0,2245.0,2496.0,932.0,1425.0,1686.0,1828.0,2390.0,1659.0,2863.0,1240.0,768.0,1448.0,1563.0,1813.0,630.0,1025.0,1234.0,1205.0,1850.0,1333.0,2404.0,580.0,139.0,265.0,534.0,1697.0,1639.0,1592.0,472.0,970.0,1419.0,1620.0,882.0,1352.0,287.0,1717.0,1581.0,1492.0,728.0,1209.0,1677.0,1845.0,1031.0,1483.0,1903.0,1703.0,1572.0,1006.0,1406.0,1953.0,2012.0,1302.0,1743.0,493.0,757.0,1614.0,2330.0,1945.0,2934.0,1004.0,749.0,271.0,1696.0,2433.0,2233.0,3074.0,1185.0,1110.0,1724.0,2454.0,2359.0,3107.0,1290.0,1302.0,737.0,949.0,1384.0,635.0,1082.0,961.0,659.0,1328.0,1715.0,1241.0,1072.0,1201.0,1932.0,2266.0,472.0,2282.0,1977.0,1243.0,1001.0,2060.0,1860.0,1660.0,1214.0,530.0,267.0,734.0,246.0,993.0,1314.0,1940.0,1748.0,1030.0,1251.0
70,Kleinpferd,509.0,070_200825_1.jpeg,1249.0,1286.0,1746.0,2392.0,2401.0,2986.0,2609.0,2172.0,2487.0,2618.0,3131.0,3284.0,3349.0,1832.0,1174.0,1465.0,480.0,2230.0,2472.0,871.0,955.0,1160.0,1154.0,1737.0,1411.0,1514.0,1845.0,2031.0,1982.0,2238.0,2360.0,991.0,838.0,220.0,1109.0,1170.0,1273.0,506.0,1772.0,1691.0,2159.0,1599.0,888.0,1213.0,1362.0,1999.0,2056.0,2092.0,602.0,113.0,920.0,860.0,1084.0,1477.0,1492.0,1374.0,1757.0,1144.0,559.0,891.0,1076.0,1498.0,1555.0,1604.0,96.0,609.0,882.0,1353.0,594.0,1036.0,172.0,672.0,818.0,1906.0,2142.0,2336.0,1371.0,1822.0,2028.0,1443.0,1802.0,965.0,2261.0,1144.0,761.0,598.0,647.0,1762.0,1987.0,2180.0,1209.0,1653.0,1858.0,1318.0,1730.0,945.0,2236.0,988.0,590.0,670.0,2011.0,2156.0,2330.0,947.0,1449.0,1680.0,1680.0,2217.0,1522.0,2791.0,1228.0,737.0,1343.0,1490.0,1668.0,607.0,1011.0,1211.0,1057.0,1675.0,1195.0,2333.0,574.0,138.0,337.0,517.0,1472.0,1342.0,1311.0,539.0,1000.0,1435.0,1727.0,793.0,1281.0,198.0,1482.0,1239.0,1152.0,860.0,1323.0,1756.0,2031.0,999.0,1455.0,1614.0,1321.0,1201.0,1051.0,1469.0,1948.0,2154.0,1192.0,1640.0,503.0,736.0,1402.0,2093.0,1773.0,2807.0,920.0,730.0,235.0,1462.0,2162.0,2049.0,2907.0,1076.0,1102.0,1517.0,2202.0,2181.0,2952.0,1190.0,1290.0,703.0,897.0,1445.0,501.0,953.0,914.0,750.0,1175.0,1549.0,1297.0,995.0,1058.0,1888.0,2198.0,492.0,2319.0,2032.0,1285.0,1076.0,2028.0,1857.0,1609.0,1210.0,517.0,187.0,690.0,212.0,1046.0,1374.0,1938.0,1855.0,1028.0,1278.0
71,Warmblut,560.0,071_200825_1.jpeg,1014.0,1190.0,1574.0,2105.0,2131.0,2683.0,2331.0,2053.0,2414.0,2620.0,2752.0,2867.0,2950.0,1637.0,1072.0,1231.0,442.0,2000.0,2229.0,782.0,886.0,1111.0,1119.0,1670.0,1352.0,1465.0,1829.0,2095.0,1821.0,2044.0,2191.0,917.0,713.0,218.0,888.0,1130.0,1248.0,440.0,1594.0,1501.0,1992.0,1416.0,864.0,1229.0,1452.0,1705.0,1715.0,1770.0,512.0,119.0,812.0,791.0,945.0,1332.0,1345.0,1209.0,1642.0,1011.0,580.0,944.0,1210.0,1265.0,1295.0,1380.0,71.0,537.0,801.0,1209.0,510.0,937.0,210.0,619.0,785.0,1762.0,2014.0,2296.0,1295.0,1753.0,2002.0,1310.0,1600.0,915.0,1991.0,1087.0,728.0,551.0,576.0,1586.0,1822.0,2103.0,1090.0,1544.0,1793.0,1166.0,1522.0,907.0,1974.0,901.0,519.0,710.0,1894.0,2047.0,2306.0,1019.0,1545.0,1821.0,1587.0,2028.0,1458.0,2518.0,1219.0,738.0,1186.0,1343.0,1609.0,533.0,968.0,1221.0,946.0,1480.0,1139.0,2072.0,531.0,104.0,371.0,630.0,1183.0,972.0,951.0,558.0,983.0,1375.0,1642.0,690.0,1159.0,286.0,1184.0,818.0,699.0,914.0,1348.0,1727.0,1995.0,929.0,1343.0,1394.0,956.0,762.0,1186.0,1570.0,2002.0,2190.0,1214.0,1615.0,529.0,806.0,1194.0,1794.0,1620.0,2442.0,767.0,624.0,278.0,1230.0,1823.0,1870.0,2501.0,914.0,1030.0,1323.0,1885.0,2034.0,2562.0,1080.0,1274.0,607.0,817.0,1277.0,440.0,875.0,773.0,678.0,1029.0,1392.0,1076.0,958.0,1036.0,1677.0,1975.0,481.0,2495.0,2099.0,1427.0,1210.0,1958.0,1751.0,1569.0,1177.0,630.0,264.0,658.0,221.0,1180.0,1539.0,1987.0,2055.0,1069.0,1250.0
71,Warmblut,560.0,071_200825_2.jpeg,1122.0,1190.0,1617.0,2223.0,2288.0,2793.0,2434.0,2051.0,2407.0,2612.0,2816.0,2894.0,2972.0,1689.0,1083.0,1342.0,422.0,2068.0,2314.0,778.0,904.0,1107.0,1167.0,1673.0,1384.0,1466.0,1839.0,2109.0,1833.0,2044.0,2201.0,937.0,727.0,226.0,942.0,1151.0,1256.0,455.0,1580.0,1533.0,1975.0,1431.0,870.0,1240.0,1472.0,1708.0,1716.0,1781.0,534.0,109.0,812.0,792.0,960.0,1336.0,1334.0,1234.0,1619.0,1014.0,563.0,936.0,1206.0,1254.0,1277.0,1371.0,79.0,551.0,816.0,1236.0,514.0,936.0,219.0,631.0,801.0,1740.0,2004.0,2281.0,1296.0,1735.0,1990.0,1293.0,1599.0,902.0,2034.0,1078.0,713.0,507.0,586.0,1590.0,1830.0,2103.0,1077.0,1521.0,1779.0,1183.0,1567.0,947.0,2063.0,913.0,507.0,688.0,1857.0,2018.0,2265.0,995.0,1502.0,1782.0,1555.0,2023.0,1452.0,2557.0,1189.0,707.0,1173.0,1334.0,1589.0,513.0,935.0,1196.0,941.0,1502.0,1165.0,2125.0,527.0,130.0,378.0,643.0,1170.0,966.0,954.0,542.0,978.0,1374.0,1638.0,682.0,1155.0,284.0,1176.0,819.0,705.0,905.0,1347.0,1735.0,1990.0,927.0,1350.0,1372.0,943.0,750.0,1181.0,1578.0,2013.0,2191.0,1207.0,1615.0,510.0,791.0,1175.0,1798.0,1626.0,2467.0,754.0,634.0,280.0,1206.0,1820.0,1866.0,2507.0,894.0,1026.0,1309.0,1889.0,2039.0,2570.0,1069.0,1277.0,628.0,832.0,1311.0,435.0,866.0,790.0,687.0,1046.0,1402.0,1133.0,974.0,1036.0,1714.0,2012.0,482.0,2440.0,2116.0,1450.0,1208.0,1947.0,1727.0,1528.0,1148.0,644.0,268.0,644.0,228.0,1176.0,1547.0,2000.0,2039.0,1062.0,1253.0
72,Spezialrasse,528.0,072_200825_1.jpeg,1263.0,1286.0,1717.0,2327.0,2372.0,3002.0,2660.0,2185.0,2499.0,2654.0,3170.0,3345.0,3401.0,1806.0,1212.0,1490.0,528.0,2207.0,2477.0,813.0,912.0,1082.0,1114.0,1740.0,1450.0,1504.0,1827.0,2038.0,1986.0,2254.0,2372.0,947.0,829.0,230.0,1033.0,1157.0,1262.0,459.0,1655.0,1627.0,2151.0,1590.0,909.0,1234.0,1411.0,2027.0,2111.0,2138.0,557.0,84.0,881.0,791.0,1010.0,1437.0,1426.0,1365.0,1807.0,1176.0,593.0,919.0,1127.0,1580.0,1653.0,1688.0,99.0,542.0,859.0,1242.0,562.0,1044.0,135.0,715.0,872.0,1853.0,2082.0,2297.0,1348.0,1794.0,2008.0,1377.0,1712.0,872.0,2107.0,1162.0,750.0,637.0,738.0,1763.0,1980.0,2192.0,1215.0,1660.0,1874.0,1309.0,1689.0,894.0,2124.0,1060.0,622.0,749.0,2057.0,2192.0,2381.0,939.0,1445.0,1700.0,1729.0,2222.0,1514.0,2727.0,1349.0,793.0,1325.0,1444.0,1633.0,543.0,928.0,1136.0,1085.0,1671.0,1231.0,2285.0,645.0,189.0,331.0,534.0,1541.0,1426.0,1370.0,566.0,976.0,1436.0,1669.0,719.0,1268.0,220.0,1545.0,1322.0,1209.0,882.0,1297.0,1747.0,1978.0,920.0,1428.0,1685.0,1406.0,1256.0,1095.0,1468.0,1963.0,2128.0,1135.0,1629.0,507.0,765.0,1481.0,2110.0,1770.0,2766.0,1018.0,731.0,264.0,1556.0,2195.0,2059.0,2892.0,1139.0,1088.0,1596.0,2220.0,2190.0,2928.0,1223.0,1278.0,641.0,870.0,1337.0,463.0,957.0,917.0,711.0,1094.0,1515.0,1235.0,996.0,1042.0,1769.0,2112.0,556.0,2381.0,2038.0,1354.0,1127.0,2004.0,1871.0,1632.0,1133.0,534.0,210.0,717.0,229.0,1092.0,1390.0,1948.0,1890.0,995.0,1259.0
73,Kleinpfer,450.0,073_200825_1.jpeg,1312.0,1547.0,1925.0,2358.0,2607.0,2889.0,2718.0,2370.0,2647.0,2850.0,3108.0,3236.0,3325.0,1956.0,1300.0,1489.0,653.0,2384.0,2601.0,1002.0,1072.0,1068.0,1301.0,1579.0,1429.0,1676.0,1975.0,2253.0,1849.0,2062.0,2192.0,1060.0,942.0,179.0,1154.0,1222.0,1321.0,445.0,1731.0,1839.0,2044.0,1632.0,830.0,1120.0,1358.0,1876.0,1847.0,1886.0,500.0,254.0,1010.0,971.0,1088.0,1498.0,1499.0,1547.0,1713.0,1248.0,608.0,904.0,1187.0,1447.0,1402.0,1445.0,64.0,685.0,1004.0,1394.0,668.0,1118.0,286.0,568.0,754.0,2017.0,2256.0,2547.0,1194.0,1598.0,1792.0,1445.0,1807.0,910.0,2207.0,1081.0,747.0,287.0,557.0,2006.0,2219.0,2503.0,958.0,1393.0,1595.0,1488.0,1948.0,1131.0,2411.0,1022.0,596.0,546.0,2113.0,2298.0,2571.0,829.0,1296.0,1503.0,1651.0,2175.0,1407.0,2672.0,1119.0,641.0,1585.0,1756.0,2027.0,458.0,846.0,1043.0,1185.0,1803.0,1251.0,2391.0,603.0,134.0,301.0,579.0,1617.0,1386.0,1339.0,633.0,1071.0,1612.0,1763.0,995.0,1474.0,294.0,1715.0,1408.0,1318.0,924.0,1352.0,1906.0,2026.0,1197.0,1658.0,1949.0,1602.0,1483.0,1211.0,1574.0,2191.0,2213.0,1481.0,1934.0,472.0,679.0,1386.0,2082.0,1674.0,2725.0,789.0,534.0,207.0,1349.0,2082.0,1900.0,2775.0,856.0,864.0,1399.0,2130.0,2037.0,2835.0,971.0,1050.0,733.0,982.0,1437.0,605.0,1054.0,995.0,717.0,1294.0,1670.0,1298.0,1071.0,1145.0,1953.0,2262.0,483.0,2962.0,2183.0,1406.0,1116.0,1830.0,1575.0,1373.0,1049.0,544.0,238.0,585.0,184.0,1110.0,1641.0,2053.0,2285.0,956.0,1084.0
79,Warmblut,567.0,079_200825_1.JPG,1129.0,1085.0,1540.0,2114.0,2067.0,2714.0,2384.0,1972.0,2289.0,2424.0,2780.0,2888.0,2943.0,1580.0,968.0,1241.0,433.0,1990.0,2231.0,804.0,942.0,997.0,940.0,1585.0,1326.0,1474.0,1804.0,1997.0,1781.0,2007.0,2129.0,927.0,790.0,114.0,1016.0,1063.0,1162.0,469.0,1609.0,1503.0,2040.0,1509.0,897.0,1225.0,1382.0,1807.0,1837.0,1870.0,522.0,118.0,838.0,700.0,1021.0,1388.0,1446.0,1318.0,1746.0,1129.0,534.0,868.0,1057.0,1363.0,1368.0,1404.0,71.0,586.0,916.0,1168.0,609.0,1037.0,138.0,655.0,847.0,1843.0,2092.0,2298.0,1328.0,1739.0,1945.0,1386.0,1652.0,893.0,2004.0,1058.0,728.0,657.0,730.0,1707.0,1954.0,2160.0,1221.0,1619.0,1820.0,1257.0,1552.0,830.0,1932.0,920.0,601.0,715.0,1996.0,2161.0,2352.0,1010.0,1482.0,1716.0,1677.0,2109.0,1473.0,2549.0,1189.0,730.0,1295.0,1446.0,1637.0,500.0,893.0,1104.0,1057.0,1602.0,1217.0,2125.0,524.0,166.0,337.0,523.0,1330.0,1149.0,1097.0,549.0,1009.0,1442.0,1561.0,817.0,1268.0,207.0,1362.0,1069.0,950.0,877.0,1335.0,1766.0,1869.0,1037.0,1455.0,1517.0,1180.0,1027.0,1071.0,1486.0,1964.0,1997.0,1242.0,1654.0,474.0,711.0,1298.0,1914.0,1678.0,2476.0,795.0,659.0,238.0,1317.0,1953.0,1918.0,2535.0,945.0,1021.0,1363.0,1988.0,2047.0,2569.0,1071.0,1219.0,637.0,893.0,1217.0,538.0,966.0,839.0,582.0,1124.0,1475.0,1112.0,977.0,1053.0,1681.0,1984.0,459.0,2274.0,1983.0,1359.0,1053.0,1934.0,1816.0,1547.0,1087.0,520.0,184.0,613.0,195.0,1059.0,1449.0,1933.0,1849.0,1023.0,1216.0
80,Warmblut,550.0,080_200825_1.JPG,1247.0,1249.0,1693.0,2466.0,2432.0,3190.0,2675.0,2112.0,2367.0,2507.0,3150.0,3238.0,3283.0,1747.0,1154.0,1453.0,529.0,2256.0,2543.0,816.0,980.0,1226.0,1185.0,1944.0,1495.0,1518.0,1790.0,2020.0,2041.0,2258.0,2375.0,998.0,788.0,208.0,1065.0,1218.0,1363.0,451.0,1761.0,1628.0,2312.0,1620.0,886.0,1156.0,1339.0,1986.0,2006.0,2037.0,509.0,95.0,871.0,772.0,1094.0,1499.0,1579.0,1405.0,2008.0,1253.0,538.0,812.0,1040.0,1555.0,1555.0,1590.0,61.0,544.0,935.0,1223.0,685.0,1146.0,222.0,779.0,843.0,1947.0,2133.0,2389.0,1423.0,1873.0,2093.0,1543.0,1793.0,1032.0,2269.0,1156.0,789.0,759.0,633.0,1745.0,1923.0,2177.0,1228.0,1662.0,1878.0,1365.0,1668.0,980.0,2191.0,941.0,570.0,814.0,2213.0,2318.0,2552.0,1101.0,1625.0,1879.0,1958.0,2365.0,1737.0,2930.0,1386.0,884.0,1401.0,1505.0,1743.0,611.0,1030.0,1253.0,1197.0,1690.0,1295.0,2324.0,587.0,132.0,276.0,504.0,1484.0,1304.0,1257.0,523.0,977.0,1462.0,1600.0,835.0,1333.0,257.0,1475.0,1201.0,1105.0,793.0,1246.0,1725.0,1848.0,985.0,1458.0,1658.0,1321.0,1179.0,1028.0,1424.0,1966.0,1981.0,1238.0,1702.0,524.0,780.0,1494.0,2070.0,1853.0,2742.0,899.0,720.0,257.0,1497.0,2098.0,2095.0,2777.0,1040.0,1101.0,1537.0,2131.0,2226.0,2802.0,1167.0,1310.0,601.0,939.0,1281.0,626.0,1091.0,866.0,680.0,1175.0,1567.0,1240.0,1060.0,1164.0,1844.0,2195.0,502.0,2141.0,2024.0,1279.0,1042.0,2098.0,1881.0,1758.0,1256.0,505.0,238.0,714.0,227.0,1030.0,1345.0,1967.0,1667.0,1049.0,1310.0
80,Warmblut,550.0,080_200825_2.JPG,1262.0,1284.0,1737.0,2497.0,2487.0,3198.0,2685.0,2110.0,2397.0,2551.0,3180.0,3259.0,3312.0,1788.0,1189.0,1477.0,537.0,2291.0,2563.0,804.0,989.0,1243.0,1226.0,1937.0,1487.0,1497.0,1795.0,2027.0,2053.0,2259.0,2388.0,1011.0,785.0,218.0,1076.0,1230.0,1370.0,460.0,1750.0,1645.0,2278.0,1590.0,855.0,1157.0,1352.0,1976.0,1990.0,2030.0,513.0,95.0,857.0,805.0,1090.0,1471.0,1569.0,1422.0,1972.0,1222.0,509.0,807.0,1039.0,1538.0,1530.0,1575.0,54.0,554.0,934.0,1264.0,677.0,1112.0,204.0,758.0,826.0,1938.0,2130.0,2376.0,1418.0,1860.0,2098.0,1543.0,1793.0,1040.0,2296.0,1147.0,800.0,713.0,626.0,1764.0,1944.0,2188.0,1229.0,1661.0,1896.0,1392.0,1696.0,1012.0,2245.0,956.0,597.0,802.0,2195.0,2296.0,2513.0,1089.0,1606.0,1878.0,1931.0,2340.0,1722.0,2935.0,1356.0,884.0,1396.0,1497.0,1720.0,629.0,1035.0,1273.0,1175.0,1667.0,1277.0,2331.0,566.0,123.0,306.0,530.0,1499.0,1321.0,1281.0,493.0,942.0,1439.0,1593.0,843.0,1313.0,251.0,1471.0,1192.0,1095.0,784.0,1242.0,1724.0,1872.0,991.0,1434.0,1632.0,1289.0,1142.0,1021.0,1431.0,1966.0,2018.0,1233.0,1664.0,519.0,791.0,1484.0,2065.0,1856.0,2768.0,894.0,718.0,273.0,1477.0,2084.0,2088.0,2794.0,1030.0,1082.0,1525.0,2124.0,2231.0,2825.0,1173.0,1306.0,607.0,946.0,1318.0,626.0,1066.0,862.0,712.0,1177.0,1547.0,1260.0,1061.0,1162.0,1876.0,2208.0,472.0,2151.0,2029.0,1284.0,1041.0,2104.0,1901.0,1766.0,1277.0,531.0,241.0,725.0,244.0,1024.0,1341.0,1970.0,1670.0,1060.0,1305.0
81,Warmblut,595.0,081_200825_1.JPG,545.0,501.0,691.0,1003.0,1002.0,1254.0,1114.0,835.0,946.0,1009.0,1241.0,1262.0,1287.0,725.0,444.0,602.0,221.0,960.0,1065.0,374.0,417.0,461.0,456.0,708.0,607.0,634.0,757.0,858.0,758.0,838.0,895.0,414.0,382.0,57.0,485.0,532.0,558.0,195.0,746.0,715.0,934.0,698.0,345.0,465.0,548.0,791.0,776.0,792.0,235.0,61.0,393.0,305.0,493.0,654.0,666.0,621.0,809.0,534.0,217.0,340.0,441.0,607.0,581.0,597.0,46.0,256.0,409.0,500.0,308.0,494.0,63.0,269.0,382.0,842.0,937.0,1044.0,545.0,719.0,810.0,631.0,781.0,408.0,938.0,524.0,358.0,254.0,320.0,791.0,882.0,988.0,485.0,656.0,747.0,585.0,753.0,401.0,923.0,464.0,295.0,338.0,941.0,1009.0,1110.0,442.0,645.0,744.0,766.0,979.0,652.0,1166.0,573.0,350.0,624.0,679.0,776.0,170.0,338.0,432.0,487.0,753.0,553.0,975.0,249.0,49.0,125.0,225.0,641.0,544.0,523.0,229.0,396.0,625.0,622.0,375.0,597.0,108.0,666.0,534.0,491.0,347.0,512.0,746.0,728.0,437.0,660.0,749.0,599.0,541.0,452.0,589.0,850.0,788.0,539.0,760.0,204.0,303.0,562.0,850.0,707.0,1085.0,300.0,211.0,99.0,542.0,837.0,794.0,1081.0,311.0,362.0,562.0,852.0,854.0,1096.0,363.0,452.0,296.0,400.0,539.0,262.0,449.0,410.0,244.0,553.0,708.0,532.0,492.0,505.0,792.0,929.0,224.0,966.0,839.0,552.0,428.0,806.0,744.0,659.0,421.0,217.0,91.0,257.0,86.0,424.0,589.0,815.0,749.0,344.0,450.0
83,Warmblut,577.0,083_200825_1.jpeg,1343.0,1307.0,1740.0,2494.0,2479.0,3104.0,2677.0,2172.0,2457.0,2591.0,3220.0,3213.0,3391.0,1800.0,1156.0,1489.0,549.0,2320.0,2575.0,848.0,947.0,1160.0,1137.0,1763.0,1431.0,1556.0,1853.0,2087.0,1982.0,2115.0,2335.0,977.0,839.0,151.0,1150.0,1205.0,1321.0,450.0,1752.0,1607.0,2163.0,1538.0,898.0,1199.0,1383.0,2038.0,1938.0,2100.0,511.0,152.0,872.0,816.0,1101.0,1457.0,1527.0,1332.0,1823.0,1132.0,609.0,907.0,1141.0,1605.0,1488.0,1654.0,62.0,600.0,896.0,1265.0,670.0,1065.0,271.0,698.0,927.0,1988.0,2193.0,2458.0,1307.0,1719.0,1964.0,1506.0,1824.0,1027.0,2292.0,1160.0,850.0,626.0,659.0,1751.0,1942.0,2206.0,1076.0,1458.0,1703.0,1303.0,1697.0,990.0,2221.0,903.0,579.0,790.0,2112.0,2234.0,2484.0,839.0,1372.0,1592.0,1781.0,2269.0,1616.0,2829.0,1238.0,801.0,1331.0,1444.0,1696.0,552.0,806.0,1051.0,1080.0,1669.0,1285.0,2299.0,479.0,112.0,306.0,532.0,1645.0,1324.0,1407.0,585.0,1034.0,1503.0,1641.0,879.0,1312.0,265.0,1663.0,1255.0,1286.0,876.0,1332.0,1792.0,1919.0,1042.0,1449.0,1877.0,1428.0,1420.0,1117.0,1504.0,2035.0,2045.0,1305.0,1705.0,556.0,758.0,1547.0,2177.0,1835.0,2824.0,937.0,662.0,245.0,1427.0,2088.0,1983.0,2753.0,918.0,905.0,1593.0,2251.0,2206.0,2915.0,1130.0,1149.0,661.0,918.0,1326.0,614.0,1016.0,890.0,665.0,1242.0,1584.0,1269.0,1081.0,1174.0,1895.0,2207.0,438.0,2417.0,2076.0,1382.0,1130.0,1976.0,1715.0,1497.0,1055.0,524.0,219.0,688.0,247.0,1095.0,1488.0,1997.0,1890.0,989.0,1147.0
86,Warmblut,560.0,086_200825_1.JPG,1077.0,1114.0,1586.0,2340.0,2306.0,3014.0,2507.0,1991.0,2318.0,2485.0,3201.0,3473.0,3637.0,1672.0,950.0,1285.0,459.0,2047.0,2320.0,863.0,1014.0,1288.0,1239.0,1938.0,1474.0,1473.0,1810.0,2028.0,2217.0,2593.0,2812.0,1004.0,748.0,210.0,878.0,1171.0,1302.0,500.0,1938.0,1840.0,2401.0,1702.0,877.0,1207.0,1384.0,2261.0,2426.0,2558.0,620.0,176.0,935.0,660.0,1080.0,1502.0,1746.0,1623.0,2070.0,1307.0,463.0,806.0,1017.0,1787.0,1927.0,2062.0,147.0,640.0,978.0,1144.0,630.0,1113.0,148.0,773.0,914.0,2040.0,2269.0,2490.0,1607.0,2205.0,2511.0,1628.0,1905.0,1099.0,2161.0,1333.0,933.0,739.0,772.0,1903.0,2126.0,2346.0,1484.0,2072.0,2375.0,1501.0,1818.0,1040.0,2101.0,1191.0,785.0,810.0,2216.0,2345.0,2535.0,1123.0,1767.0,2091.0,1928.0,2417.0,1731.0,2767.0,1491.0,976.0,1409.0,1538.0,1735.0,783.0,1314.0,1609.0,1161.0,1755.0,1271.0,2178.0,695.0,200.0,344.0,555.0,1682.0,1668.0,1743.0,483.0,1045.0,1420.0,1536.0,735.0,1244.0,229.0,1647.0,1503.0,1521.0,809.0,1379.0,1745.0,1861.0,936.0,1403.0,1769.0,1543.0,1513.0,1032.0,1559.0,1970.0,2026.0,1157.0,1610.0,644.0,968.0,1649.0,2356.0,2024.0,2827.0,1183.0,920.0,324.0,1814.0,2556.0,2423.0,3056.0,1439.0,1388.0,1965.0,2701.0,2654.0,3205.0,1643.0,1664.0,742.0,938.0,1243.0,484.0,967.0,853.0,504.0,1173.0,1556.0,1062.0,1024.0,1106.0,1652.0,1983.0,515.0,1970.0,2014.0,1176.0,994.0,2442.0,2291.0,2141.0,1523.0,549.0,234.0,991.0,332.0,1043.0,1338.0,1996.0,1607.0,1143.0,1486.0
87,Spezialrasse,460.0,087_200825_1.JPG,1086.0,1241.0,1596.0,2012.0,2039.0,2545.0,2302.0,2038.0,2325.0,2468.0,2843.0,3067.0,3143.0,1637.0,1053.0,1212.0,480.0,2020.0,2208.0,836.0,912.0,968.0,974.0,1469.0,1231.0,1439.0,1735.0,1942.0,1793.0,2078.0,2195.0,906.0,782.0,127.0,994.0,1043.0,1140.0,408.0,1595.0,1547.0,1935.0,1460.0,798.0,1089.0,1250.0,1869.0,1968.0,1995.0,470.0,190.0,850.0,829.0,1009.0,1368.0,1415.0,1342.0,1655.0,1125.0,527.0,826.0,1030.0,1480.0,1561.0,1589.0,71.0,584.0,867.0,1221.0,638.0,1040.0,117.0,569.0,731.0,1822.0,2052.0,2282.0,1257.0,1689.0,1886.0,1361.0,1629.0,863.0,1962.0,1011.0,704.0,512.0,614.0,1731.0,1954.0,2184.0,1146.0,1574.0,1770.0,1286.0,1594.0,860.0,1961.0,907.0,587.0,596.0,1937.0,2102.0,2325.0,881.0,1351.0,1577.0,1589.0,2014.0,1350.0,2441.0,1081.0,649.0,1349.0,1506.0,1728.0,582.0,969.0,1157.0,1055.0,1575.0,1104.0,2097.0,504.0,96.0,302.0,505.0,1508.0,1424.0,1373.0,537.0,985.0,1388.0,1610.0,859.0,1288.0,230.0,1556.0,1378.0,1280.0,830.0,1274.0,1680.0,1886.0,1052.0,1460.0,1743.0,1522.0,1394.0,1041.0,1427.0,1893.0,2014.0,1281.0,1685.0,470.0,701.0,1410.0,2016.0,1668.0,2593.0,864.0,662.0,237.0,1499.0,2138.0,1960.0,2758.0,1050.0,1025.0,1533.0,2173.0,2082.0,2806.0,1152.0,1202.0,641.0,852.0,1273.0,567.0,970.0,824.0,641.0,1151.0,1480.0,1101.0,933.0,1013.0,1736.0,2001.0,433.0,2380.0,1917.0,1240.0,1016.0,1885.0,1768.0,1540.0,1154.0,493.0,191.0,668.0,208.0,1014.0,1403.0,1846.0,1900.0,994.0,1187.0
91,Vollblut,447.0,091_200825_1.JPG,889.0,913.0,1296.0,1833.0,1867.0,2323.0,2094.0,1689.0,1981.0,2131.0,2392.0,2531.0,2570.0,1395.0,791.0,1079.0,376.0,1818.0,1985.0,689.0,787.0,956.0,978.0,1434.0,1240.0,1244.0,1539.0,1741.0,1575.0,1802.0,1894.0,847.0,637.0,194.0,782.0,1084.0,1128.0,415.0,1456.0,1390.0,1814.0,1414.0,776.0,1071.0,1232.0,1627.0,1674.0,1685.0,516.0,123.0,742.0,562.0,1005.0,1323.0,1257.0,1144.0,1521.0,1056.0,459.0,759.0,955.0,1227.0,1259.0,1277.0,101.0,523.0,731.0,968.0,600.0,979.0,200.0,529.0,698.0,1563.0,1766.0,1980.0,1072.0,1485.0,1665.0,1234.0,1468.0,785.0,1729.0,1011.0,623.0,456.0,498.0,1410.0,1595.0,1807.0,877.0,1285.0,1465.0,1107.0,1419.0,791.0,1723.0,831.0,423.0,566.0,1701.0,1827.0,2024.0,810.0,1268.0,1479.0,1466.0,1855.0,1247.0,2176.0,1073.0,583.0,1157.0,1263.0,1458.0,385.0,789.0,979.0,982.0,1482.0,1048.0,1869.0,525.0,112.0,303.0,497.0,1180.0,1042.0,987.0,402.0,899.0,1172.0,1331.0,632.0,1119.0,217.0,1191.0,939.0,826.0,692.0,1194.0,1456.0,1617.0,769.0,1251.0,1351.0,1043.0,893.0,897.0,1354.0,1665.0,1760.0,978.0,1453.0,459.0,672.0,1135.0,1714.0,1390.0,2132.0,627.0,487.0,218.0,1158.0,1781.0,1637.0,2223.0,723.0,864.0,1177.0,1799.0,1740.0,2244.0,812.0,1042.0,624.0,771.0,1069.0,508.0,910.0,721.0,445.0,1099.0,1387.0,943.0,929.0,936.0,1529.0,1766.0,490.0,2011.0,1737.0,1197.0,955.0,1655.0,1455.0,1343.0,957.0,496.0,197.0,589.0,170.0,889.0,1312.0,1639.0,1640.0,762.0,1035.0
99,Warmblut,517.0,099_100925_1.JPG,1202.0,1466.0,1975.0,2293.0,2399.0,2992.0,2696.0,2564.0,3013.0,3262.0,3301.0,3605.0,3707.0,2042.0,1313.0,1348.0,530.0,2346.0,2469.0,892.0,1049.0,1193.0,1246.0,1826.0,1499.0,1661.0,2094.0,2378.0,2120.0,2486.0,2630.0,1077.0,880.0,147.0,1052.0,1237.0,1271.0,600.0,1862.0,1816.0,2292.0,1682.0,1116.0,1559.0,1798.0,2136.0,2281.0,2327.0,689.0,172.0,922.0,1003.0,1115.0,1504.0,1603.0,1489.0,1862.0,1162.0,618.0,1064.0,1338.0,1549.0,1684.0,1747.0,93.0,770.0,990.0,1566.0,542.0,1026.0,232.0,750.0,975.0,1996.0,2287.0,2570.0,1571.0,2142.0,2389.0,1555.0,1933.0,1066.0,2241.0,1310.0,839.0,595.0,748.0,1829.0,2095.0,2374.0,1339.0,1911.0,2161.0,1431.0,1905.0,1107.0,2297.0,1139.0,632.0,781.0,2039.0,2193.0,2440.0,1101.0,1719.0,2003.0,1785.0,2404.0,1683.0,2871.0,1390.0,841.0,1260.0,1425.0,1685.0,653.0,1174.0,1415.0,1076.0,1823.0,1356.0,2449.0,640.0,229.0,451.0,720.0,1367.0,1275.0,1253.0,584.0,1285.0,1589.0,2119.0,690.0,1232.0,293.0,1315.0,1022.0,913.0,1020.0,1726.0,2013.0,2562.0,996.0,1466.0,1494.0,1091.0,906.0,1301.0,1960.0,2300.0,2796.0,1287.0,1743.0,618.0,905.0,1457.0,2297.0,1981.0,3007.0,1022.0,874.0,294.0,1601.0,2453.0,2361.0,3241.0,1261.0,1359.0,1671.0,2500.0,2514.0,3312.0,1393.0,1581.0,857.0,1006.0,1644.0,451.0,946.0,938.0,837.0,1275.0,1637.0,1190.0,1122.0,1127.0,2005.0,2233.0,556.0,3011.0,2366.0,1634.0,1316.0,2390.0,2161.0,1906.0,1415.0,709.0,290.0,844.0,250.0,1293.0,1754.0,2299.0,2482.0,1253.0,1574.0
99,Warmblut,517.0,099_100925_2.JPG,1119.0,1477.0,2012.0,2293.0,2285.0,3133.0,3010.0,2563.0,2983.0,3236.0,3731.0,4217.0,4393.0,2073.0,1285.0,1330.0,552.0,2486.0,2639.0,961.0,1172.0,1319.0,1256.0,2091.0,1894.0,1804.0,2228.0,2538.0,2614.0,3101.0,3286.0,1165.0,879.0,218.0,973.0,1408.0,1521.0,633.0,2069.0,1940.0,2661.0,2192.0,1091.0,1507.0,1762.0,2850.0,3170.0,3264.0,755.0,196.0,1039.0,977.0,1396.0,1826.0,1868.0,1701.0,2282.0,1695.0,635.0,1056.0,1370.0,2298.0,2565.0,2642.0,154.0,812.0,1126.0,1566.0,841.0,1366.0,192.0,863.0,1110.0,2398.0,2729.0,3065.0,1720.0,2346.0,2624.0,1751.0,2076.0,1125.0,2284.0,1372.0,937.0,848.0,960.0,2217.0,2542.0,2877.0,1606.0,2216.0,2483.0,1579.0,1962.0,1049.0,2229.0,1181.0,754.0,774.0,2661.0,2891.0,3207.0,1040.0,1696.0,2014.0,2136.0,2717.0,1878.0,3064.0,1530.0,945.0,1965.0,2150.0,2456.0,721.0,1270.0,1525.0,1542.0,2294.0,1680.0,2808.0,866.0,381.0,429.0,735.0,2429.0,2534.0,2529.0,685.0,1287.0,1759.0,2067.0,1130.0,1716.0,336.0,2508.0,2500.0,2439.0,1086.0,1702.0,2174.0,2478.0,1390.0,1961.0,2767.0,2698.0,2601.0,1412.0,1952.0,2493.0,2715.0,1720.0,2284.0,656.0,975.0,2146.0,2969.0,2401.0,3519.0,1462.0,1096.0,334.0,2423.0,3317.0,2897.0,3945.0,1791.0,1600.0,2509.0,3422.0,3089.0,4088.0,1923.0,1822.0,922.0,1091.0,1653.0,687.0,1215.0,995.0,781.0,1530.0,1921.0,1186.0,1237.0,1310.0,2165.0,2427.0,585.0,3213.0,2496.0,1756.0,1332.0,2493.0,2317.0,2011.0,1407.0,714.0,285.0,975.0,325.0,1330.0,1940.0,2405.0,2670.0,1271.0,1563.0
R17,Vollblut,517.0,R17_18042026_1.JPG,1095.0,1069.0,1466.0,2044.0,2042.0,2583.0,2352.0,1876.0,2145.0,2323.0,2891.0,3168.0,3284.0,1531.0,988.0,1286.0,447.0,1982.0,2194.0,733.0,812.0,962.0,948.0,1488.0,1287.0,1340.0,1619.0,1871.0,1843.0,2176.0,2328.0,793.0,714.0,191.0,945.0,1027.0,1132.0,421.0,1504.0,1433.0,1907.0,1520.0,816.0,1096.0,1304.0,1987.0,2187.0,2272.0,513.0,81.0,814.0,664.0,1036.0,1368.0,1296.0,1196.0,1605.0,1161.0,528.0,809.0,1059.0,1589.0,1768.0,1851.0,113.0,497.0,792.0,1081.0,643.0,1021.0,138.0,570.0,678.0,1684.0,1884.0,2149.0,1180.0,1617.0,1829.0,1197.0,1527.0,780.0,1898.0,916.0,611.0,542.0,552.0,1563.0,1756.0,2021.0,1075.0,1503.0,1710.0,1093.0,1462.0,759.0,1867.0,783.0,476.0,531.0,1859.0,1989.0,2234.0,767.0,1227.0,1460.0,1493.0,1948.0,1298.0,2392.0,1038.0,613.0,1345.0,1461.0,1703.0,563.0,959.0,1159.0,1048.0,1574.0,1103.0,2087.0,539.0,159.0,286.0,531.0,1612.0,1650.0,1665.0,562.0,895.0,1308.0,1446.0,823.0,1247.0,269.0,1632.0,1589.0,1564.0,831.0,1174.0,1576.0,1710.0,981.0,1388.0,1824.0,1724.0,1664.0,1091.0,1378.0,1837.0,1879.0,1242.0,1640.0,459.0,693.0,1482.0,2051.0,1663.0,2597.0,952.0,713.0,237.0,1675.0,2259.0,2007.0,2832.0,1186.0,1084.0,1766.0,2348.0,2167.0,2928.0,1313.0,1271.0,585.0,747.0,1162.0,533.0,908.0,812.0,585.0,1100.0,1421.0,1119.0,886.0,950.0,1657.0,1929.0,425.0,2185.0,1854.0,1287.0,1050.0,1773.0,1640.0,1460.0,1101.0,525.0,241.0,692.0,233.0,1061.0,1354.0,1785.0,1751.0,968.0,1165.0
R17,Vollblut,517.0,R17_18042026_2.JPG,1029.0,1042.0,1457.0,2043.0,2002.0,2592.0,2364.0,1849.0,2106.0,2259.0,2934.0,3251.0,3383.0,1511.0,935.0,1239.0,431.0,1930.0,2173.0,715.0,848.0,1028.0,975.0,1564.0,1364.0,1319.0,1591.0,1806.0,1947.0,2317.0,2480.0,813.0,694.0,210.0,900.0,1041.0,1176.0,432.0,1537.0,1419.0,1951.0,1553.0,811.0,1077.0,1252.0,2060.0,2296.0,2400.0,516.0,108.0,805.0,655.0,1004.0,1370.0,1357.0,1209.0,1668.0,1201.0,472.0,747.0,958.0,1664.0,1872.0,1970.0,124.0,537.0,828.0,1085.0,615.0,1034.0,172.0,583.0,728.0,1678.0,1874.0,2100.0,1237.0,1720.0,1941.0,1243.0,1575.0,827.0,1919.0,972.0,649.0,590.0,592.0,1513.0,1705.0,1930.0,1137.0,1604.0,1817.0,1092.0,1466.0,766.0,1845.0,801.0,489.0,573.0,1862.0,1990.0,2195.0,809.0,1314.0,1552.0,1545.0,2011.0,1354.0,2423.0,1118.0,664.0,1318.0,1425.0,1625.0,587.0,1019.0,1227.0,1081.0,1632.0,1165.0,2115.0,598.0,192.0,276.0,488.0,1640.0,1717.0,1760.0,519.0,916.0,1283.0,1441.0,747.0,1198.0,229.0,1655.0,1649.0,1655.0,783.0,1179.0,1546.0,1690.0,909.0,1335.0,1806.0,1744.0,1719.0,1005.0,1350.0,1769.0,1835.0,1131.0,1547.0,505.0,743.0,1555.0,2149.0,1751.0,2660.0,1057.0,771.0,241.0,1781.0,2396.0,2135.0,2934.0,1321.0,1176.0,1889.0,2503.0,2307.0,3047.0,1459.0,1370.0,615.0,765.0,1158.0,500.0,911.0,810.0,549.0,1096.0,1446.0,1093.0,894.0,979.0,1620.0,1924.0,455.0,2049.0,1820.0,1209.0,966.0,1834.0,1674.0,1556.0,1115.0,491.0,217.0,745.0,242.0,1006.0,1288.0,1769.0,1633.0,958.0,1182.0
R17,Vollblut,517.0,R17_18042026_3.JPG,1047.0,1020.0,1432.0,2052.0,1950.0,2587.0,2336.0,1825.0,2084.0,2235.0,2947.0,3258.0,3397.0,1493.0,936.0,1240.0,421.0,1911.0,2138.0,722.0,828.0,1020.0,904.0,1540.0,1323.0,1306.0,1568.0,1791.0,1947.0,2314.0,2489.0,809.0,693.0,193.0,918.0,1015.0,1129.0,431.0,1560.0,1390.0,1957.0,1536.0,810.0,1075.0,1250.0,2088.0,2321.0,2430.0,516.0,84.0,805.0,640.0,1004.0,1349.0,1369.0,1179.0,1665.0,1176.0,480.0,747.0,964.0,1687.0,1895.0,2000.0,109.0,508.0,808.0,1068.0,610.0,1006.0,195.0,577.0,739.0,1696.0,1870.0,2111.0,1262.0,1744.0,1983.0,1274.0,1575.0,838.0,1931.0,988.0,663.0,637.0,623.0,1502.0,1678.0,1919.0,1202.0,1662.0,1889.0,1083.0,1410.0,714.0,1797.0,798.0,509.0,593.0,1864.0,1968.0,2190.0,826.0,1331.0,1589.0,1558.0,1991.0,1349.0,2419.0,1121.0,686.0,1297.0,1380.0,1598.0,626.0,1047.0,1267.0,1068.0,1587.0,1139.0,2088.0,578.0,198.0,271.0,485.0,1661.0,1738.0,1783.0,506.0,893.0,1271.0,1425.0,746.0,1179.0,243.0,1647.0,1644.0,1651.0,760.0,1159.0,1521.0,1678.0,887.0,1295.0,1814.0,1752.0,1724.0,989.0,1331.0,1753.0,1820.0,1125.0,1525.0,505.0,764.0,1585.0,2149.0,1765.0,2676.0,1084.0,818.0,262.0,1805.0,2392.0,2144.0,2944.0,1347.0,1214.0,1918.0,2505.0,2328.0,3064.0,1494.0,1420.0,588.0,765.0,1145.0,504.0,897.0,795.0,561.0,1067.0,1398.0,1093.0,877.0,947.0,1605.0,1892.0,435.0,1998.0,1806.0,1195.0,972.0,1867.0,1711.0,1589.0,1132.0,489.0,228.0,766.0,264.0,994.0,1265.0,1758.0,1596.0,971.0,1201.0
R17,Vollblut,517.0,R17_18042026_5.JPG,1350.0,1371.0,1847.0,2477.0,2547.0,2978.0,2732.0,2183.0,2468.0,2617.0,3274.0,3486.0,3590.0,1915.0,1281.0,1629.0,580.0,2339.0,2613.0,826.0,998.0,1131.0,1197.0,1629.0,1437.0,1485.0,1803.0,2048.0,2017.0,2321.0,2477.0,960.0,839.0,281.0,1106.0,1178.0,1318.0,485.0,1646.0,1637.0,1989.0,1573.0,836.0,1145.0,1344.0,2023.0,2156.0,2237.0,582.0,99.0,909.0,839.0,1069.0,1468.0,1436.0,1385.0,1666.0,1180.0,489.0,805.0,1055.0,1568.0,1673.0,1753.0,144.0,583.0,935.0,1324.0,635.0,1092.0,154.0,553.0,730.0,1814.0,2047.0,2316.0,1267.0,1723.0,1948.0,1301.0,1715.0,864.0,2211.0,1013.0,668.0,440.0,581.0,1734.0,1952.0,2219.0,1113.0,1569.0,1796.0,1245.0,1712.0,920.0,2250.0,910.0,527.0,564.0,1931.0,2095.0,2348.0,868.0,1360.0,1603.0,1522.0,2073.0,1350.0,2658.0,1086.0,602.0,1384.0,1533.0,1784.0,597.0,1006.0,1223.0,1040.0,1666.0,1167.0,2329.0,557.0,120.0,321.0,567.0,1602.0,1557.0,1567.0,566.0,913.0,1419.0,1618.0,846.0,1329.0,271.0,1635.0,1491.0,1452.0,867.0,1216.0,1725.0,1894.0,1042.0,1499.0,1837.0,1635.0,1558.0,1128.0,1405.0,1985.0,2037.0,1308.0,1757.0,494.0,739.0,1446.0,2121.0,1754.0,2830.0,956.0,711.0,246.0,1580.0,2255.0,2081.0,2992.0,1159.0,1099.0,1675.0,2335.0,2250.0,3076.0,1300.0,1308.0,681.0,859.0,1412.0,501.0,949.0,950.0,742.0,1167.0,1560.0,1350.0,966.0,1049.0,1876.0,2215.0,486.0,2350.0,2046.0,1324.0,1046.0,1932.0,1783.0,1597.0,1202.0,560.0,240.0,729.0,239.0,1093.0,1366.0,1943.0,1818.0,1048.0,1266.0
R17,Vollblut,517.0,R17_18042026_7.JPG,1286.0,1218.0,1719.0,2428.0,2458.0,2996.0,2591.0,2126.0,2426.0,2612.0,3133.0,3280.0,3316.0,1765.0,1158.0,1509.0,463.0,2236.0,2509.0,815.0,968.0,1144.0,1172.0,1713.0,1367.0,1518.0,1852.0,2119.0,1972.0,2236.0,2331.0,946.0,835.0,227.0,1114.0,1172.0,1291.0,510.0,1695.0,1661.0,2120.0,1574.0,929.0,1252.0,1477.0,2010.0,2087.0,2107.0,571.0,70.0,888.0,801.0,1100.0,1490.0,1460.0,1389.0,1766.0,1163.0,551.0,885.0,1152.0,1524.0,1577.0,1599.0,87.0,578.0,914.0,1311.0,630.0,1084.0,138.0,620.0,692.0,1857.0,2105.0,2379.0,1282.0,1735.0,1913.0,1380.0,1750.0,930.0,2239.0,1062.0,685.0,548.0,555.0,1759.0,1996.0,2267.0,1147.0,1597.0,1775.0,1306.0,1719.0,950.0,2244.0,951.0,551.0,639.0,2019.0,2189.0,2436.0,923.0,1429.0,1636.0,1679.0,2183.0,1488.0,2761.0,1200.0,703.0,1380.0,1557.0,1812.0,643.0,1051.0,1222.0,1077.0,1641.0,1147.0,2290.0,565.0,84.0,337.0,602.0,1510.0,1381.0,1330.0,582.0,979.0,1455.0,1678.0,826.0,1319.0,281.0,1552.0,1312.0,1211.0,910.0,1297.0,1781.0,1971.0,1045.0,1509.0,1743.0,1438.0,1302.0,1183.0,1516.0,2056.0,2151.0,1317.0,1769.0,507.0,718.0,1449.0,2080.0,1761.0,2785.0,912.0,702.0,215.0,1520.0,2155.0,2048.0,2887.0,1072.0,1083.0,1551.0,2173.0,2154.0,2907.0,1158.0,1245.0,640.0,873.0,1368.0,548.0,997.0,924.0,734.0,1170.0,1557.0,1311.0,1000.0,1073.0,1875.0,2206.0,497.0,2449.0,2114.0,1471.0,1146.0,1922.0,1783.0,1532.0,1230.0,596.0,257.0,648.0,176.0,1161.0,1500.0,2010.0,2002.0,1052.0,1252.0
R17,Vollblut,517.0,R17_18042026_4.JPG,1173.0,1254.0,1660.0,2208.0,2280.0,2675.0,2463.0,2069.0,2345.0,2531.0,2916.0,3111.0,3205.0,1711.0,1171.0,1372.0,527.0,2133.0,2353.0,803.0,922.0,1048.0,1109.0,1502.0,1321.0,1479.0,1783.0,2034.0,1807.0,2083.0,2217.0,908.0,807.0,199.0,1012.0,1105.0,1211.0,432.0,1578.0,1559.0,1884.0,1494.0,832.0,1126.0,1345.0,1838.0,1932.0,1996.0,506.0,92.0,859.0,785.0,1025.0,1398.0,1376.0,1317.0,1586.0,1138.0,559.0,861.0,1115.0,1429.0,1500.0,1565.0,93.0,524.0,880.0,1213.0,630.0,1055.0,164.0,511.0,678.0,1822.0,2059.0,2316.0,1153.0,1589.0,1785.0,1295.0,1633.0,859.0,2045.0,972.0,623.0,397.0,517.0,1729.0,1953.0,2206.0,989.0,1426.0,1623.0,1231.0,1621.0,913.0,2081.0,856.0,470.0,519.0,1915.0,2095.0,2333.0,804.0,1277.0,1486.0,1494.0,1954.0,1304.0,2458.0,1023.0,557.0,1407.0,1577.0,1814.0,514.0,916.0,1108.0,1045.0,1574.0,1129.0,2161.0,528.0,110.0,305.0,556.0,1515.0,1405.0,1392.0,594.0,905.0,1437.0,1566.0,894.0,1358.0,263.0,1592.0,1390.0,1331.0,888.0,1194.0,1734.0,1831.0,1098.0,1546.0,1783.0,1527.0,1436.0,1147.0,1406.0,1992.0,2009.0,1350.0,1789.0,475.0,685.0,1342.0,1926.0,1621.0,2568.0,814.0,614.0,210.0,1428.0,2023.0,1916.0,2705.0,988.0,993.0,1501.0,2087.0,2059.0,2777.0,1112.0,1178.0,597.0,846.0,1278.0,538.0,962.0,883.0,695.0,1113.0,1477.0,1187.0,953.0,1019.0,1758.0,2055.0,466.0,2476.0,2004.0,1358.0,1085.0,1802.0,1638.0,1444.0,1119.0,540.0,233.0,653.0,197.0,1089.0,1415.0,1910.0,1947.0,996.0,1186.0
R17,Vollblut,517.0,R17_18042026_6.JPG,1341.0,1268.0,1774.0,2514.0,2572.0,3069.0,2742.0,2167.0,2465.0,2651.0,3180.0,3284.0,3330.0,1841.0,1198.0,1550.0,506.0,2337.0,2623.0,886.0,1006.0,1174.0,1231.0,1733.0,1482.0,1560.0,1887.0,2165.0,1987.0,2216.0,2329.0,996.0,882.0,215.0,1177.0,1237.0,1364.0,524.0,1763.0,1761.0,2165.0,1682.0,916.0,1233.0,1462.0,2019.0,2048.0,2074.0,609.0,72.0,941.0,816.0,1167.0,1572.0,1487.0,1451.0,1775.0,1229.0,555.0,882.0,1160.0,1509.0,1524.0,1557.0,101.0,595.0,942.0,1338.0,672.0,1131.0,129.0,613.0,758.0,1895.0,2129.0,2417.0,1283.0,1707.0,1908.0,1400.0,1801.0,972.0,2318.0,1074.0,706.0,515.0,634.0,1830.0,2051.0,2336.0,1154.0,1582.0,1786.0,1360.0,1803.0,1023.0,2353.0,991.0,590.0,620.0,2042.0,2199.0,2460.0,928.0,1409.0,1636.0,1675.0,2216.0,1521.0,2820.0,1178.0,673.0,1432.0,1579.0,1842.0,553.0,949.0,1151.0,1127.0,1742.0,1272.0,2418.0,581.0,119.0,331.0,606.0,1512.0,1349.0,1299.0,582.0,982.0,1492.0,1682.0,867.0,1369.0,294.0,1543.0,1279.0,1175.0,898.0,1296.0,1810.0,1971.0,1061.0,1537.0,1749.0,1424.0,1280.0,1184.0,1520.0,2096.0,2149.0,1345.0,1808.0,484.0,714.0,1415.0,2086.0,1785.0,2808.0,855.0,653.0,231.0,1447.0,2119.0,2034.0,2863.0,984.0,1017.0,1490.0,2146.0,2159.0,2889.0,1094.0,1207.0,679.0,912.0,1418.0,572.0,1030.0,953.0,744.0,1233.0,1631.0,1354.0,1065.0,1155.0,1954.0,2302.0,505.0,2508.0,2163.0,1465.0,1154.0,1919.0,1790.0,1507.0,1153.0,600.0,265.0,627.0,193.0,1154.0,1516.0,2052.0,2012.0,1031.0,1220.0
R18,Spezial Rasse,548.0,R18_18042026_3.JPG,1302.0,1289.0,1714.0,2321.0,2310.0,2873.0,2579.0,2056.0,2274.0,2427.0,3156.0,3282.0,3367.0,1764.0,1124.0,1484.0,517.0,2205.0,2457.0,788.0,899.0,1043.0,1015.0,1574.0,1300.0,1340.0,1584.0,1813.0,1900.0,2087.0,2214.0,872.0,726.0,185.0,999.0,1047.0,1181.0,440.0,1631.0,1550.0,2026.0,1557.0,776.0,1009.0,1194.0,2042.0,2084.0,2134.0,511.0,168.0,833.0,782.0,1048.0,1443.0,1446.0,1340.0,1737.0,1212.0,442.0,688.0,914.0,1638.0,1653.0,1695.0,98.0,593.0,848.0,1216.0,659.0,1109.0,135.0,589.0,694.0,1761.0,1943.0,2176.0,1229.0,1561.0,1764.0,1358.0,1651.0,883.0,2040.0,1003.0,650.0,566.0,570.0,1641.0,1817.0,2049.0,1127.0,1446.0,1645.0,1249.0,1582.0,844.0,2004.0,872.0,518.0,583.0,1941.0,2066.0,2276.0,818.0,1203.0,1429.0,1640.0,2083.0,1398.0,2550.0,1132.0,649.0,1367.0,1483.0,1692.0,611.0,885.0,1076.0,1114.0,1645.0,1116.0,2185.0,569.0,122.0,247.0,473.0,1646.0,1555.0,1537.0,476.0,944.0,1279.0,1541.0,810.0,1292.0,239.0,1675.0,1528.0,1474.0,716.0,1176.0,1517.0,1758.0,956.0,1423.0,1831.0,1642.0,1557.0,949.0,1358.0,1751.0,1911.0,1182.0,1640.0,390.0,620.0,1547.0,2155.0,1717.0,2733.0,994.0,723.0,230.0,1573.0,2219.0,1912.0,2826.0,1077.0,974.0,1624.0,2278.0,2047.0,2895.0,1177.0,1153.0,654.0,803.0,1275.0,563.0,1011.0,807.0,623.0,1164.0,1528.0,1160.0,892.0,997.0,1756.0,2064.0,483.0,2226.0,1795.0,1173.0,906.0,1746.0,1618.0,1412.0,1052.0,465.0,218.0,595.0,219.0,924.0,1326.0,1702.0,1763.0,887.0,1102.0
R18,Spezial Rasse,548.0,R18_18042026_4.JPG,1348.0,1287.0,1737.0,2333.0,2334.0,2891.0,2630.0,2075.0,2291.0,2451.0,3158.0,3278.0,3361.0,1785.0,1140.0,1519.0,498.0,2250.0,2472.0,802.0,906.0,1014.0,995.0,1546.0,1305.0,1343.0,1582.0,1812.0,1854.0,2039.0,2167.0,856.0,756.0,174.0,1072.0,1038.0,1145.0,464.0,1647.0,1575.0,2037.0,1610.0,797.0,1025.0,1214.0,2052.0,2084.0,2132.0,539.0,149.0,850.0,806.0,1106.0,1473.0,1462.0,1362.0,1737.0,1250.0,439.0,680.0,906.0,1633.0,1632.0,1670.0,119.0,602.0,861.0,1266.0,705.0,1134.0,137.0,603.0,717.0,1781.0,1959.0,2186.0,1215.0,1554.0,1756.0,1350.0,1667.0,867.0,2086.0,983.0,629.0,562.0,588.0,1663.0,1836.0,2061.0,1104.0,1432.0,1629.0,1247.0,1607.0,836.0,2060.0,853.0,493.0,550.0,1941.0,2062.0,2262.0,777.0,1174.0,1398.0,1619.0,2093.0,1380.0,2597.0,1081.0,614.0,1405.0,1514.0,1713.0,561.0,847.0,1041.0,1134.0,1691.0,1131.0,2269.0,556.0,160.0,242.0,468.0,1654.0,1544.0,1522.0,496.0,946.0,1287.0,1583.0,861.0,1329.0,236.0,1687.0,1519.0,1462.0,729.0,1174.0,1519.0,1794.0,1000.0,1460.0,1834.0,1623.0,1536.0,962.0,1360.0,1753.0,1952.0,1218.0,1670.0,404.0,631.0,1529.0,2154.0,1682.0,2769.0,946.0,717.0,227.0,1545.0,2204.0,1875.0,2852.0,1029.0,977.0,1595.0,2261.0,2008.0,2918.0,1134.0,1157.0,665.0,791.0,1326.0,593.0,1016.0,834.0,664.0,1208.0,1548.0,1224.0,888.0,972.0,1836.0,2115.0,468.0,2258.0,1786.0,1193.0,898.0,1743.0,1611.0,1374.0,1028.0,461.0,219.0,599.0,215.0,932.0,1328.0,1694.0,1797.0,889.0,1119.0
R18,Spezial Rasse,548.0,R18_18042026_5.JPG,1444.0,1245.0,1773.0,2620.0,2758.0,3230.0,2823.0,2190.0,2476.0,2612.0,3436.0,3484.0,3699.0,1862.0,1086.0,1676.0,462.0,2392.0,2701.0,944.0,1035.0,1181.0,1315.0,1792.0,1477.0,1517.0,1810.0,2043.0,2099.0,2279.0,2536.0,1006.0,895.0,241.0,1187.0,1202.0,1346.0,540.0,1918.0,1948.0,2347.0,1777.0,950.0,1245.0,1409.0,2343.0,2297.0,2489.0,651.0,164.0,1032.0,790.0,1260.0,1676.0,1669.0,1630.0,1962.0,1322.0,497.0,802.0,1019.0,1846.0,1761.0,1949.0,139.0,689.0,995.0,1326.0,772.0,1241.0,263.0,708.0,889.0,1952.0,2139.0,2390.0,1336.0,1760.0,2042.0,1549.0,1943.0,966.0,2360.0,1155.0,802.0,487.0,660.0,1852.0,2009.0,2255.0,1073.0,1508.0,1788.0,1501.0,1994.0,1082.0,2464.0,1019.0,595.0,717.0,2086.0,2182.0,2410.0,795.0,1323.0,1582.0,1825.0,2412.0,1555.0,2918.0,1244.0,744.0,1379.0,1465.0,1694.0,623.0,897.0,1179.0,1183.0,1873.0,1244.0,2449.0,558.0,133.0,307.0,526.0,1771.0,1542.0,1671.0,513.0,1113.0,1444.0,1730.0,847.0,1343.0,254.0,1757.0,1439.0,1522.0,805.0,1409.0,1722.0,2015.0,991.0,1456.0,1938.0,1569.0,1610.0,1039.0,1572.0,1965.0,2151.0,1239.0,1693.0,550.0,791.0,1712.0,2454.0,1864.0,3050.0,1084.0,753.0,282.0,1646.0,2433.0,2065.0,3061.0,1104.0,1018.0,1843.0,2632.0,2328.0,3266.0,1345.0,1298.0,789.0,934.0,1423.0,635.0,1103.0,1019.0,637.0,1375.0,1767.0,1394.0,1012.0,1112.0,1985.0,2333.0,500.0,2251.0,2041.0,1317.0,1017.0,2016.0,1775.0,1567.0,1127.0,526.0,231.0,773.0,275.0,1035.0,1462.0,1939.0,1866.0,1009.0,1222.0
R18,Spezial Rasse,548.0,R18_18042026_6.JPG,1309.0,1212.0,1685.0,2475.0,2618.0,3033.0,2717.0,2084.0,2341.0,2479.0,3259.0,3369.0,3422.0,1800.0,1060.0,1566.0,478.0,2250.0,2588.0,853.0,934.0,1177.0,1311.0,1724.0,1454.0,1418.0,1694.0,1908.0,2038.0,2244.0,2358.0,931.0,778.0,261.0,1079.0,1141.0,1322.0,495.0,1822.0,1888.0,2222.0,1747.0,875.0,1142.0,1303.0,2194.0,2218.0,2242.0,636.0,162.0,955.0,752.0,1155.0,1633.0,1566.0,1586.0,1860.0,1326.0,489.0,770.0,976.0,1720.0,1724.0,1749.0,159.0,629.0,894.0,1240.0,691.0,1226.0,200.0,622.0,772.0,1865.0,2052.0,2275.0,1325.0,1730.0,1941.0,1440.0,1825.0,940.0,2249.0,1121.0,702.0,434.0,616.0,1837.0,2002.0,2219.0,1138.0,1558.0,1777.0,1448.0,1907.0,1061.0,2367.0,1065.0,572.0,613.0,2022.0,2137.0,2337.0,901.0,1370.0,1613.0,1709.0,2262.0,1467.0,2758.0,1239.0,661.0,1424.0,1526.0,1724.0,611.0,964.0,1170.0,1168.0,1818.0,1198.0,2375.0,656.0,132.0,283.0,491.0,1650.0,1519.0,1478.0,502.0,1034.0,1349.0,1614.0,786.0,1361.0,228.0,1647.0,1437.0,1352.0,769.0,1303.0,1612.0,1867.0,937.0,1485.0,1793.0,1532.0,1413.0,989.0,1466.0,1835.0,2002.0,1156.0,1691.0,478.0,727.0,1565.0,2292.0,1788.0,2882.0,1039.0,736.0,250.0,1585.0,2342.0,2017.0,2951.0,1127.0,1062.0,1623.0,2376.0,2144.0,2988.0,1220.0,1255.0,757.0,847.0,1367.0,533.0,1070.0,920.0,612.0,1254.0,1699.0,1310.0,942.0,1066.0,1851.0,2249.0,579.0,2138.0,1912.0,1217.0,978.0,1934.0,1779.0,1587.0,1164.0,491.0,215.0,686.0,229.0,984.0,1369.0,1819.0,1717.0,956.0,1232.0
R18,Spezial Rasse,548.0,R18_18042026_7.JPG,1238.0,1138.0,1601.0,2351.0,2459.0,2927.0,2589.0,1957.0,2213.0,2350.0,3159.0,3272.0,3306.0,1675.0,970.0,1465.0,435.0,2149.0,2454.0,835.0,924.0,1123.0,1222.0,1689.0,1397.0,1348.0,1616.0,1820.0,2006.0,2214.0,2310.0,880.0,733.0,231.0,1041.0,1096.0,1264.0,482.0,1763.0,1798.0,2196.0,1693.0,821.0,1084.0,1240.0,2169.0,2198.0,2201.0,590.0,187.0,920.0,720.0,1138.0,1567.0,1533.0,1524.0,1861.0,1294.0,430.0,705.0,901.0,1713.0,1718.0,1719.0,146.0,631.0,886.0,1196.0,701.0,1181.0,175.0,624.0,751.0,1794.0,1968.0,2176.0,1319.0,1718.0,1917.0,1398.0,1746.0,915.0,2158.0,1059.0,699.0,476.0,599.0,1748.0,1902.0,2105.0,1147.0,1555.0,1760.0,1384.0,1799.0,1002.0,2241.0,984.0,567.0,643.0,2003.0,2104.0,2288.0,921.0,1389.0,1628.0,1716.0,2220.0,1463.0,2691.0,1218.0,710.0,1377.0,1463.0,1646.0,631.0,974.0,1166.0,1150.0,1756.0,1169.0,2285.0,606.0,134.0,276.0,472.0,1644.0,1531.0,1474.0,477.0,1000.0,1285.0,1532.0,785.0,1293.0,215.0,1624.0,1433.0,1335.0,737.0,1266.0,1539.0,1783.0,918.0,1401.0,1749.0,1507.0,1376.0,946.0,1426.0,1751.0,1916.0,1121.0,1591.0,476.0,726.0,1584.0,2266.0,1783.0,2822.0,1032.0,753.0,253.0,1613.0,2328.0,2010.0,2897.0,1136.0,1063.0,1631.0,2345.0,2118.0,2914.0,1215.0,1238.0,716.0,807.0,1286.0,562.0,1036.0,861.0,570.0,1235.0,1627.0,1243.0,912.0,1037.0,1795.0,2152.0,510.0,1985.0,1830.0,1134.0,901.0,1904.0,1758.0,1617.0,1156.0,474.0,209.0,692.0,227.0,950.0,1314.0,1752.0,1603.0,947.0,1201.0
R18,Spezial Rasse,548.0,R18_18042026_1.JPG,1178.0,1377.0,1788.0,2165.0,2248.0,2722.0,2544.0,2227.0,2491.0,2681.0,2919.0,3050.0,3165.0,1832.0,1190.0,1358.0,567.0,2192.0,2400.0,847.0,968.0,1031.0,1088.0,1556.0,1374.0,1494.0,1769.0,2008.0,1771.0,1962.0,2117.0,953.0,788.0,183.0,894.0,1110.0,1233.0,462.0,1619.0,1596.0,1972.0,1573.0,851.0,1118.0,1321.0,1817.0,1817.0,1880.0,540.0,189.0,853.0,823.0,1043.0,1435.0,1418.0,1353.0,1653.0,1194.0,526.0,801.0,1040.0,1382.0,1356.0,1419.0,97.0,639.0,883.0,1257.0,626.0,1069.0,164.0,592.0,743.0,1822.0,2030.0,2271.0,1175.0,1543.0,1771.0,1336.0,1661.0,883.0,1923.0,1009.0,685.0,476.0,580.0,1724.0,1919.0,2157.0,1011.0,1381.0,1611.0,1266.0,1656.0,926.0,1969.0,891.0,530.0,534.0,1923.0,2067.0,2283.0,808.0,1232.0,1475.0,1558.0,2058.0,1387.0,2424.0,1077.0,607.0,1402.0,1535.0,1749.0,444.0,802.0,1035.0,1096.0,1691.0,1192.0,2157.0,578.0,146.0,278.0,514.0,1428.0,1241.0,1211.0,555.0,1037.0,1404.0,1669.0,852.0,1316.0,248.0,1481.0,1219.0,1135.0,821.0,1302.0,1673.0,1929.0,1029.0,1469.0,1653.0,1347.0,1223.0,1066.0,1500.0,1917.0,2115.0,1266.0,1693.0,428.0,670.0,1290.0,1963.0,1589.0,2490.0,776.0,558.0,243.0,1279.0,1986.0,1789.0,2570.0,862.0,870.0,1353.0,2058.0,1950.0,2664.0,1007.0,1090.0,708.0,851.0,1313.0,530.0,972.0,834.0,634.0,1187.0,1549.0,1044.0,944.0,1050.0,1730.0,2010.0,470.0,2665.0,1991.0,1336.0,1029.0,1784.0,1618.0,1354.0,1030.0,507.0,225.0,596.0,222.0,1029.0,1509.0,1861.0,2095.0,950.0,1104.0
R19,Warmblut,588.0,R19_18042026_1.JPG,1177.0,1129.0,1650.0,2426.0,2456.0,3084.0,2660.0,2092.0,2425.0,2609.0,3183.0,3334.0,3349.0,1717.0,1043.0,1459.0,435.0,2254.0,2537.0,853.0,1031.0,1252.0,1279.0,1911.0,1562.0,1630.0,1982.0,2242.0,2153.0,2429.0,2531.0,1032.0,831.0,290.0,1018.0,1312.0,1442.0,534.0,1840.0,1807.0,2326.0,1736.0,984.0,1334.0,1552.0,2157.0,2233.0,2227.0,614.0,86.0,949.0,717.0,1218.0,1619.0,1617.0,1546.0,1962.0,1297.0,600.0,951.0,1212.0,1647.0,1700.0,1699.0,96.0,618.0,967.0,1249.0,723.0,1190.0,142.0,738.0,876.0,2073.0,2328.0,2602.0,1480.0,1975.0,2214.0,1541.0,1869.0,986.0,2251.0,1211.0,833.0,653.0,734.0,1977.0,2219.0,2491.0,1338.0,1833.0,2073.0,1466.0,1841.0,1000.0,2257.0,1095.0,695.0,739.0,2256.0,2418.0,2667.0,1064.0,1621.0,1916.0,1870.0,2374.0,1625.0,2853.0,1329.0,807.0,1524.0,1679.0,1931.0,642.0,1100.0,1341.0,1201.0,1799.0,1283.0,2356.0,607.0,123.0,357.0,613.0,1644.0,1494.0,1386.0,617.0,1067.0,1558.0,1662.0,929.0,1450.0,278.0,1663.0,1394.0,1218.0,958.0,1414.0,1896.0,1991.0,1130.0,1627.0,1856.0,1520.0,1298.0,1226.0,1628.0,2167.0,2173.0,1399.0,1885.0,558.0,862.0,1555.0,2232.0,1887.0,2837.0,941.0,741.0,316.0,1623.0,2317.0,2194.0,2947.0,1120.0,1164.0,1635.0,2312.0,2319.0,2944.0,1228.0,1385.0,695.0,941.0,1324.0,628.0,1095.0,952.0,632.0,1292.0,1681.0,1265.0,1091.0,1165.0,1898.0,2234.0,522.0,2388.0,2239.0,1516.0,1208.0,2213.0,2072.0,1793.0,1338.0,610.0,257.0,768.0,242.0,1210.0,1581.0,2133.0,1992.0,1133.0,1385.0
R19,Warmblut,588.0,R19_18042026_2.JPG,1087.0,1033.0,1507.0,2194.0,2243.0,2760.0,2489.0,1886.0,2166.0,2328.0,3068.0,3331.0,3425.0,1590.0,908.0,1278.0,400.0,2052.0,2326.0,828.0,980.0,1114.0,1157.0,1673.0,1453.0,1513.0,1819.0,2061.0,2056.0,2390.0,2532.0,939.0,773.0,194.0,946.0,1162.0,1294.0,489.0,1733.0,1724.0,2144.0,1709.0,872.0,1170.0,1368.0,2215.0,2393.0,2454.0,606.0,127.0,896.0,650.0,1148.0,1555.0,1557.0,1514.0,1845.0,1335.0,535.0,839.0,1084.0,1782.0,1920.0,1969.0,166.0,605.0,947.0,1136.0,722.0,1196.0,125.0,628.0,793.0,1998.0,2237.0,2498.0,1325.0,1795.0,2018.0,1409.0,1742.0,935.0,2049.0,1097.0,728.0,537.0,670.0,1935.0,2163.0,2424.0,1201.0,1669.0,1892.0,1361.0,1742.0,971.0,2077.0,1010.0,612.0,602.0,2173.0,2347.0,2595.0,855.0,1356.0,1607.0,1680.0,2182.0,1482.0,2566.0,1195.0,680.0,1597.0,1754.0,1998.0,611.0,1025.0,1232.0,1170.0,1773.0,1263.0,2227.0,631.0,163.0,309.0,549.0,1897.0,1894.0,1871.0,623.0,999.0,1481.0,1489.0,978.0,1493.0,263.0,1965.0,1882.0,1817.0,910.0,1295.0,1779.0,1767.0,1168.0,1670.0,2171.0,2042.0,1948.0,1166.0,1489.0,2030.0,1929.0,1425.0,1921.0,501.0,755.0,1627.0,2296.0,1869.0,2782.0,1068.0,764.0,261.0,1787.0,2492.0,2215.0,3007.0,1278.0,1150.0,1851.0,2560.0,2365.0,3085.0,1387.0,1342.0,709.0,875.0,1235.0,562.0,1030.0,867.0,531.0,1234.0,1616.0,1114.0,1012.0,1106.0,1736.0,2066.0,515.0,2236.0,2018.0,1365.0,1048.0,1974.0,1853.0,1605.0,1185.0,528.0,219.0,750.0,249.0,1079.0,1483.0,1941.0,1859.0,1013.0,1249.0
R19,Warmblut,588.0,R19_18042026_3.JPG,1039.0,866.0,1339.0,2115.0,2185.0,2710.0,2396.0,1680.0,1971.0,2120.0,2972.0,3225.0,3315.0,1437.0,810.0,1242.0,297.0,1900.0,2245.0,808.0,973.0,1077.0,1155.0,1694.0,1473.0,1498.0,1815.0,2039.0,2085.0,2432.0,2580.0,948.0,829.0,222.0,1029.0,1167.0,1325.0,476.0,1661.0,1671.0,2119.0,1683.0,855.0,1169.0,1357.0,2206.0,2401.0,2471.0,592.0,66.0,873.0,629.0,1099.0,1540.0,1498.0,1463.0,1826.0,1315.0,528.0,842.0,1070.0,1782.0,1939.0,1998.0,156.0,538.0,923.0,1105.0,678.0,1186.0,163.0,679.0,811.0,1940.0,2183.0,2423.0,1355.0,1829.0,2054.0,1365.0,1712.0,877.0,2076.0,1095.0,738.0,551.0,654.0,1877.0,2104.0,2342.0,1192.0,1667.0,1893.0,1322.0,1726.0,944.0,2126.0,998.0,592.0,605.0,2146.0,2314.0,2537.0,847.0,1356.0,1611.0,1673.0,2179.0,1476.0,2627.0,1221.0,675.0,1569.0,1717.0,1936.0,617.0,1037.0,1248.0,1160.0,1748.0,1255.0,2257.0,657.0,151.0,321.0,542.0,1893.0,1909.0,1897.0,603.0,894.0,1450.0,1401.0,925.0,1472.0,241.0,1946.0,1877.0,1821.0,897.0,1204.0,1757.0,1684.0,1115.0,1642.0,2126.0,2011.0,1927.0,1134.0,1385.0,1990.0,1827.0,1349.0,1869.0,509.0,766.0,1634.0,2272.0,1868.0,2810.0,1110.0,761.0,264.0,1810.0,2466.0,2227.0,3027.0,1326.0,1157.0,1882.0,2535.0,2383.0,3100.0,1436.0,1354.0,657.0,864.0,1220.0,526.0,1031.0,909.0,566.0,1165.0,1604.0,1202.0,994.0,1107.0,1713.0,2108.0,549.0,1993.0,2015.0,1350.0,1046.0,1983.0,1834.0,1611.0,1184.0,531.0,210.0,764.0,255.0,1069.0,1370.0,1922.0,1702.0,1005.0,1245.0
R19,Warmblut,588.0,R19_18042026_4.JPG,1203.0,1054.0,1522.0,2279.0,2374.0,2873.0,2578.0,1861.0,2125.0,2271.0,3158.0,3410.0,3522.0,1617.0,969.0,1378.0,398.0,2088.0,2393.0,808.0,949.0,1077.0,1173.0,1678.0,1464.0,1481.0,1788.0,2022.0,2074.0,2418.0,2584.0,939.0,809.0,183.0,1062.0,1154.0,1285.0,472.0,1671.0,1685.0,2114.0,1681.0,853.0,1149.0,1344.0,2205.0,2396.0,2487.0,581.0,86.0,866.0,689.0,1099.0,1503.0,1488.0,1450.0,1805.0,1300.0,533.0,839.0,1076.0,1775.0,1933.0,2016.0,134.0,558.0,910.0,1161.0,671.0,1137.0,198.0,670.0,821.0,1925.0,2171.0,2419.0,1355.0,1830.0,2065.0,1382.0,1715.0,910.0,2120.0,1097.0,745.0,514.0,631.0,1849.0,2077.0,2322.0,1157.0,1632.0,1869.0,1333.0,1738.0,996.0,2186.0,983.0,575.0,608.0,2114.0,2291.0,2522.0,847.0,1356.0,1615.0,1677.0,2175.0,1498.0,2664.0,1211.0,701.0,1536.0,1693.0,1919.0,614.0,1030.0,1252.0,1167.0,1754.0,1286.0,2306.0,648.0,185.0,309.0,543.0,1866.0,1880.0,1893.0,580.0,927.0,1442.0,1468.0,903.0,1413.0,250.0,1933.0,1864.0,1835.0,873.0,1217.0,1744.0,1728.0,1100.0,1595.0,2117.0,2000.0,1940.0,1119.0,1406.0,1985.0,1874.0,1343.0,1830.0,509.0,769.0,1645.0,2285.0,1897.0,2863.0,1109.0,790.0,263.0,1815.0,2481.0,2251.0,3080.0,1323.0,1174.0,1908.0,2573.0,2424.0,3176.0,1454.0,1380.0,666.0,875.0,1268.0,539.0,1005.0,883.0,603.0,1180.0,1575.0,1213.0,1013.0,1108.0,1769.0,2123.0,511.0,2087.0,2000.0,1336.0,1054.0,1988.0,1807.0,1615.0,1178.0,529.0,220.0,769.0,260.0,1062.0,1388.0,1929.0,1729.0,1006.0,1244.0
R19,Warmblut,588.0,R19_18042026_5.JPG,1210.0,1258.0,1743.0,2357.0,2330.0,2926.0,2590.0,2181.0,2502.0,2666.0,3059.0,3185.0,3274.0,1765.0,1109.0,1431.0,457.0,2252.0,2489.0,868.0,1007.0,1162.0,1123.0,1716.0,1426.0,1540.0,1869.0,2100.0,1950.0,2194.0,2346.0,984.0,805.0,224.0,1034.0,1219.0,1326.0,517.0,1768.0,1675.0,2149.0,1618.0,925.0,1252.0,1435.0,1957.0,1980.0,2038.0,556.0,149.0,925.0,828.0,1138.0,1527.0,1532.0,1415.0,1785.0,1187.0,534.0,866.0,1093.0,1457.0,1463.0,1532.0,62.0,651.0,941.0,1334.0,657.0,1107.0,136.0,634.0,806.0,1907.0,2133.0,2381.0,1355.0,1824.0,2064.0,1474.0,1788.0,960.0,2190.0,1138.0,765.0,610.0,680.0,1777.0,1999.0,2246.0,1240.0,1698.0,1935.0,1355.0,1704.0,911.0,2138.0,1002.0,634.0,661.0,2012.0,2152.0,2379.0,988.0,1520.0,1781.0,1723.0,2205.0,1496.0,2706.0,1202.0,706.0,1356.0,1492.0,1722.0,580.0,1018.0,1259.0,1127.0,1703.0,1208.0,2292.0,557.0,101.0,336.0,560.0,1407.0,1218.0,1199.0,558.0,1075.0,1463.0,1741.0,813.0,1306.0,250.0,1409.0,1097.0,1011.0,884.0,1401.0,1779.0,2056.0,999.0,1463.0,1588.0,1214.0,1077.0,1118.0,1582.0,2020.0,2213.0,1245.0,1699.0,535.0,798.0,1407.0,2069.0,1742.0,2715.0,823.0,662.0,263.0,1431.0,2114.0,2011.0,2794.0,975.0,1070.0,1509.0,2180.0,2176.0,2864.0,1135.0,1302.0,684.0,907.0,1363.0,602.0,1046.0,897.0,684.0,1247.0,1608.0,1230.0,1042.0,1108.0,1895.0,2193.0,496.0,2411.0,2101.0,1368.0,1094.0,2062.0,1935.0,1672.0,1256.0,560.0,233.0,724.0,237.0,1117.0,1500.0,2007.0,1977.0,1056.0,1303.0
R19,Warmblut,588.0,R19_18042026_6.JPG,1174.0,1231.0,1704.0,2343.0,2312.0,2892.0,2571.0,2153.0,2476.0,2657.0,3040.0,3169.0,3266.0,1754.0,1083.0,1389.0,450.0,2218.0,2459.0,840.0,976.0,1185.0,1142.0,1718.0,1442.0,1518.0,1845.0,2094.0,1958.0,2196.0,2354.0,978.0,788.0,218.0,1033.0,1205.0,1323.0,506.0,1764.0,1661.0,2127.0,1610.0,924.0,1252.0,1452.0,1963.0,1991.0,2058.0,571.0,148.0,891.0,823.0,1133.0,1524.0,1523.0,1392.0,1764.0,1177.0,542.0,873.0,1118.0,1472.0,1487.0,1563.0,75.0,642.0,906.0,1320.0,661.0,1111.0,153.0,619.0,822.0,1892.0,2110.0,2372.0,1343.0,1806.0,2055.0,1464.0,1797.0,990.0,2212.0,1119.0,739.0,591.0,680.0,1746.0,1959.0,2220.0,1215.0,1665.0,1911.0,1331.0,1703.0,935.0,2153.0,966.0,591.0,663.0,1982.0,2113.0,2351.0,967.0,1489.0,1759.0,1692.0,2194.0,1504.0,2705.0,1175.0,676.0,1326.0,1450.0,1691.0,561.0,985.0,1233.0,1102.0,1705.0,1228.0,2302.0,536.0,121.0,336.0,576.0,1409.0,1231.0,1219.0,545.0,1072.0,1436.0,1731.0,812.0,1307.0,267.0,1400.0,1101.0,1021.0,868.0,1399.0,1752.0,2047.0,994.0,1458.0,1584.0,1217.0,1080.0,1120.0,1596.0,2009.0,2218.0,1254.0,1707.0,526.0,797.0,1400.0,2082.0,1753.0,2727.0,836.0,679.0,271.0,1427.0,2129.0,2013.0,2804.0,991.0,1082.0,1512.0,2201.0,2184.0,2880.0,1159.0,1322.0,703.0,891.0,1378.0,586.0,1037.0,875.0,679.0,1247.0,1613.0,1222.0,1026.0,1109.0,1892.0,2198.0,499.0,2407.0,2094.0,1383.0,1118.0,2053.0,1911.0,1658.0,1231.0,576.0,251.0,727.0,247.0,1118.0,1508.0,1999.0,1969.0,1074.0,1322.0
R19,Warmblut,588.0,R19_18042026_7.JPG,1074.0,1169.0,1602.0,2174.0,2061.0,2772.0,2431.0,2005.0,2348.0,2511.0,2934.0,3085.0,3152.0,1635.0,1046.0,1275.0,435.0,2096.0,2299.0,790.0,935.0,1122.0,991.0,1700.0,1397.0,1406.0,1754.0,1977.0,1938.0,2186.0,2311.0,923.0,720.0,203.0,924.0,1163.0,1261.0,463.0,1665.0,1474.0,2079.0,1521.0,837.0,1183.0,1363.0,1918.0,1970.0,2006.0,513.0,125.0,835.0,765.0,1069.0,1413.0,1466.0,1259.0,1760.0,1129.0,472.0,825.0,1043.0,1471.0,1507.0,1552.0,68.0,571.0,872.0,1219.0,640.0,1040.0,209.0,652.0,839.0,1782.0,2019.0,2257.0,1360.0,1820.0,2046.0,1407.0,1666.0,941.0,2041.0,1093.0,756.0,714.0,700.0,1574.0,1815.0,2055.0,1253.0,1681.0,1895.0,1199.0,1482.0,797.0,1895.0,894.0,597.0,717.0,1934.0,2070.0,2286.0,992.0,1514.0,1774.0,1692.0,2112.0,1501.0,2586.0,1194.0,747.0,1229.0,1354.0,1572.0,572.0,983.0,1207.0,1061.0,1585.0,1199.0,2155.0,505.0,136.0,356.0,571.0,1386.0,1258.0,1230.0,486.0,961.0,1331.0,1592.0,742.0,1187.0,242.0,1360.0,1100.0,1005.0,831.0,1309.0,1667.0,1928.0,929.0,1346.0,1522.0,1193.0,1046.0,1056.0,1488.0,1899.0,2084.0,1165.0,1573.0,525.0,789.0,1411.0,2005.0,1747.0,2620.0,854.0,702.0,266.0,1462.0,2077.0,2016.0,2723.0,1023.0,1087.0,1517.0,2121.0,2154.0,2769.0,1157.0,1298.0,615.0,846.0,1260.0,575.0,972.0,793.0,649.0,1151.0,1471.0,1101.0,998.0,1063.0,1768.0,2030.0,446.0,2208.0,1977.0,1267.0,1041.0,2051.0,1888.0,1716.0,1211.0,572.0,233.0,738.0,237.0,1059.0,1380.0,1905.0,1796.0,1040.0,1294.0
R20,Warmblut,561.0,R20_18042026_1.JPG,1470.0,1263.0,1802.0,2649.0,2676.0,3254.0,2902.0,2166.0,2466.0,2643.0,3458.0,3614.0,3659.0,1873.0,1183.0,1717.0,489.0,2403.0,2750.0,907.0,997.0,1181.0,1209.0,1790.0,1542.0,1552.0,1898.0,2174.0,2157.0,2448.0,2577.0,1015.0,904.0,267.0,1277.0,1218.0,1371.0,550.0,1859.0,1802.0,2317.0,1793.0,931.0,1262.0,1488.0,2274.0,2370.0,2400.0,625.0,80.0,977.0,820.0,1213.0,1673.0,1574.0,1468.0,1911.0,1304.0,555.0,902.0,1177.0,1737.0,1820.0,1857.0,77.0,629.0,912.0,1370.0,693.0,1211.0,197.0,670.0,890.0,1990.0,2248.0,2529.0,1462.0,1936.0,2166.0,1529.0,1896.0,954.0,2436.0,1155.0,751.0,583.0,693.0,1849.0,2092.0,2370.0,1273.0,1740.0,1970.0,1417.0,1846.0,961.0,2430.0,991.0,556.0,736.0,2188.0,2365.0,2619.0,1046.0,1575.0,1844.0,1847.0,2369.0,1538.0,2991.0,1299.0,734.0,1485.0,1636.0,1885.0,634.0,1053.0,1276.0,1232.0,1859.0,1278.0,2557.0,624.0,177.0,350.0,623.0,1731.0,1645.0,1599.0,546.0,1007.0,1456.0,1690.0,890.0,1454.0,289.0,1757.0,1564.0,1461.0,885.0,1334.0,1791.0,1982.0,1103.0,1640.0,1941.0,1680.0,1532.0,1167.0,1555.0,2075.0,2155.0,1379.0,1902.0,532.0,808.0,1661.0,2347.0,1897.0,3076.0,1063.0,811.0,282.0,1746.0,2449.0,2204.0,3189.0,1245.0,1217.0,1787.0,2480.0,2346.0,3216.0,1359.0,1428.0,703.0,910.0,1444.0,617.0,1142.0,995.0,741.0,1286.0,1735.0,1483.0,994.0,1106.0,2013.0,2419.0,567.0,2290.0,2171.0,1437.0,1174.0,2157.0,1961.0,1809.0,1270.0,620.0,272.0,768.0,250.0,1155.0,1489.0,2042.0,1856.0,1135.0,1407.0
R20,Warmblut,561.0,R20_18042026_2.JPG,1344.0,1098.0,1607.0,2487.0,2462.0,3130.0,2684.0,1985.0,2303.0,2479.0,3351.0,3553.0,3583.0,1685.0,1018.0,1527.0,440.0,2208.0,2570.0,902.0,966.0,1147.0,1120.0,1789.0,1431.0,1494.0,1839.0,2105.0,2172.0,2505.0,2620.0,960.0,867.0,205.0,1190.0,1152.0,1319.0,522.0,1876.0,1767.0,2376.0,1773.0,905.0,1244.0,1458.0,2343.0,2482.0,2493.0,612.0,86.0,950.0,694.0,1195.0,1666.0,1622.0,1469.0,2005.0,1330.0,530.0,880.0,1141.0,1836.0,1960.0,1976.0,100.0,594.0,899.0,1216.0,707.0,1233.0,213.0,706.0,839.0,2005.0,2252.0,2523.0,1542.0,2053.0,2279.0,1546.0,1879.0,986.0,2324.0,1188.0,796.0,670.0,634.0,1823.0,2058.0,2327.0,1361.0,1858.0,2076.0,1387.0,1778.0,937.0,2263.0,988.0,585.0,758.0,2251.0,2412.0,2655.0,1121.0,1685.0,1960.0,1912.0,2398.0,1603.0,2916.0,1379.0,814.0,1507.0,1654.0,1898.0,771.0,1229.0,1442.0,1231.0,1813.0,1226.0,2394.0,648.0,114.0,354.0,611.0,1798.0,1763.0,1703.0,540.0,991.0,1413.0,1556.0,873.0,1437.0,277.0,1793.0,1646.0,1531.0,879.0,1330.0,1747.0,1867.0,1073.0,1604.0,1962.0,1742.0,1583.0,1148.0,1543.0,2019.0,2039.0,1339.0,1855.0,565.0,849.0,1739.0,2400.0,1970.0,3015.0,1151.0,871.0,298.0,1873.0,2552.0,2313.0,3175.0,1375.0,1305.0,1898.0,2569.0,2437.0,3186.0,1469.0,1504.0,680.0,873.0,1303.0,607.0,1135.0,933.0,623.0,1250.0,1705.0,1337.0,975.0,1115.0,1864.0,2282.0,567.0,2107.0,2114.0,1375.0,1146.0,2249.0,2037.0,1956.0,1414.0,614.0,268.0,830.0,265.0,1151.0,1452.0,2017.0,1723.0,1161.0,1450.0
R20,Warmblut,561.0,R20_18042026_4.JPG,1261.0,1026.0,1502.0,2290.0,2304.0,2878.0,2489.0,1804.0,2080.0,2244.0,2994.0,3127.0,3184.0,1649.0,923.0,1513.0,450.0,2036.0,2386.0,826.0,925.0,1034.0,1044.0,1619.0,1297.0,1418.0,1729.0,1994.0,1866.0,2116.0,2246.0,876.0,766.0,267.0,1047.0,1019.0,1193.0,480.0,1713.0,1651.0,2170.0,1646.0,818.0,1124.0,1341.0,2063.0,2132.0,2169.0,657.0,119.0,932.0,592.0,1095.0,1551.0,1530.0,1424.0,1872.0,1282.0,494.0,805.0,1070.0,1625.0,1659.0,1690.0,227.0,579.0,889.0,1071.0,684.0,1199.0,184.0,645.0,735.0,1941.0,2181.0,2458.0,1297.0,1722.0,1941.0,1337.0,1700.0,810.0,2070.0,1053.0,687.0,577.0,552.0,1810.0,2037.0,2311.0,1124.0,1541.0,1758.0,1219.0,1651.0,795.0,2052.0,898.0,503.0,649.0,2179.0,2352.0,2610.0,932.0,1411.0,1663.0,1650.0,2185.0,1365.0,2611.0,1235.0,698.0,1542.0,1704.0,1961.0,604.0,991.0,1207.0,1055.0,1686.0,1032.0,2157.0,609.0,105.0,317.0,576.0,1722.0,1613.0,1568.0,616.0,937.0,1374.0,1353.0,946.0,1481.0,279.0,1780.0,1585.0,1490.0,896.0,1243.0,1670.0,1631.0,1145.0,1658.0,1990.0,1744.0,1614.0,1173.0,1459.0,1944.0,1802.0,1416.0,1921.0,480.0,735.0,1413.0,2127.0,1607.0,2622.0,970.0,697.0,257.0,1481.0,2217.0,1878.0,2719.0,1116.0,1059.0,1537.0,2263.0,2022.0,2761.0,1228.0,1264.0,736.0,777.0,1238.0,459.0,973.0,903.0,502.0,1157.0,1587.0,1262.0,809.0,929.0,1654.0,2056.0,538.0,2107.0,1936.0,1338.0,1033.0,1939.0,1755.0,1602.0,1205.0,556.0,239.0,691.0,231.0,1061.0,1455.0,1809.0,1717.0,1040.0,1254.0
R20,Warmblut,561.0,R20_18042026_5.JPG,1297.0,721.0,1152.0,2357.0,2350.0,2823.0,2338.0,1304.0,1534.0,1676.0,2693.0,2724.0,2737.0,1318.0,660.0,1496.0,280.0,1812.0,2228.0,786.0,933.0,1101.0,1141.0,1648.0,1342.0,1415.0,1729.0,1988.0,1836.0,2067.0,2193.0,894.0,845.0,272.0,1211.0,1065.0,1223.0,473.0,1711.0,1677.0,2128.0,1620.0,812.0,1117.0,1343.0,1976.0,2036.0,2075.0,612.0,70.0,891.0,513.0,1093.0,1512.0,1550.0,1467.0,1852.0,1272.0,485.0,797.0,1057.0,1556.0,1574.0,1604.0,190.0,513.0,894.0,898.0,697.0,1180.0,189.0,614.0,747.0,1955.0,2200.0,2460.0,1239.0,1651.0,1869.0,1385.0,1781.0,864.0,2213.0,1064.0,694.0,511.0,559.0,1845.0,2075.0,2330.0,1051.0,1462.0,1681.0,1292.0,1747.0,883.0,2187.0,924.0,513.0,643.0,2161.0,2342.0,2578.0,896.0,1353.0,1598.0,1665.0,2197.0,1385.0,2642.0,1206.0,695.0,1532.0,1701.0,1935.0,533.0,908.0,1123.0,1082.0,1685.0,1073.0,2124.0,587.0,120.0,317.0,573.0,1671.0,1551.0,1504.0,589.0,813.0,1373.0,1024.0,955.0,1465.0,267.0,1747.0,1545.0,1448.0,878.0,1112.0,1675.0,1258.0,1157.0,1651.0,1935.0,1684.0,1554.0,1144.0,1329.0,1940.0,1410.0,1408.0,1893.0,457.0,703.0,1378.0,2034.0,1576.0,2451.0,884.0,639.0,248.0,1425.0,2084.0,1829.0,2461.0,1015.0,986.0,1475.0,2116.0,1970.0,2466.0,1128.0,1189.0,663.0,801.0,1073.0,509.0,990.0,958.0,445.0,1152.0,1578.0,1370.0,850.0,954.0,1577.0,2019.0,511.0,1512.0,1927.0,1344.0,1012.0,1872.0,1682.0,1506.0,1124.0,552.0,236.0,651.0,220.0,1032.0,1327.0,1797.0,1305.0,987.0,1188.0
R20,Warmblut,561.0,R20_18042026_6.JPG,1347.0,923.0,1342.0,2450.0,2429.0,2950.0,2485.0,1531.0,1785.0,1930.0,2877.0,2954.0,2968.0,1547.0,857.0,1579.0,365.0,2020.0,2382.0,743.0,899.0,1114.0,1120.0,1661.0,1335.0,1399.0,1723.0,1986.0,1845.0,2093.0,2201.0,881.0,788.0,276.0,1226.0,1062.0,1227.0,443.0,1679.0,1616.0,2100.0,1583.0,810.0,1133.0,1366.0,1955.0,2043.0,2074.0,627.0,71.0,849.0,639.0,1099.0,1484.0,1537.0,1431.0,1848.0,1265.0,502.0,824.0,1089.0,1564.0,1613.0,1634.0,234.0,496.0,864.0,1018.0,738.0,1178.0,184.0,617.0,734.0,1952.0,2197.0,2463.0,1246.0,1668.0,1866.0,1345.0,1745.0,872.0,2278.0,1019.0,690.0,545.0,551.0,1821.0,2052.0,2315.0,1070.0,1487.0,1682.0,1226.0,1684.0,857.0,2233.0,860.0,507.0,642.0,2161.0,2337.0,2579.0,902.0,1363.0,1588.0,1623.0,2170.0,1394.0,2732.0,1159.0,695.0,1530.0,1695.0,1937.0,553.0,940.0,1132.0,1032.0,1654.0,1062.0,2222.0,537.0,108.0,330.0,587.0,1672.0,1577.0,1527.0,617.0,830.0,1359.0,1168.0,1003.0,1467.0,272.0,1735.0,1552.0,1456.0,904.0,1147.0,1669.0,1420.0,1201.0,1648.0,1928.0,1694.0,1567.0,1176.0,1371.0,1939.0,1571.0,1458.0,1896.0,460.0,686.0,1339.0,2022.0,1581.0,2577.0,860.0,647.0,229.0,1418.0,2104.0,1852.0,2624.0,1035.0,1010.0,1462.0,2131.0,1974.0,2626.0,1140.0,1190.0,690.0,775.0,1238.0,505.0,946.0,909.0,569.0,1167.0,1555.0,1414.0,836.0,955.0,1729.0,2123.0,465.0,1742.0,1926.0,1368.0,1045.0,1868.0,1685.0,1497.0,1134.0,569.0,240.0,639.0,199.0,1045.0,1372.0,1795.0,1441.0,1017.0,1189.0
R22,G-Pony,470.0,R22_18042026_1.JPG,998.0,1168.0,1602.0,1941.0,2000.0,2516.0,2268.0,1978.0,2272.0,2456.0,2756.0,2944.0,3000.0,1631.0,1033.0,1211.0,426.0,1946.0,2135.0,711.0,901.0,989.0,1029.0,1533.0,1278.0,1366.0,1656.0,1892.0,1780.0,2027.0,2119.0,872.0,656.0,214.0,838.0,1030.0,1144.0,463.0,1479.0,1472.0,1885.0,1416.0,812.0,1109.0,1310.0,1802.0,1869.0,1889.0,523.0,135.0,779.0,777.0,948.0,1306.0,1333.0,1292.0,1611.0,1064.0,467.0,755.0,992.0,1381.0,1410.0,1426.0,102.0,590.0,852.0,1231.0,551.0,978.0,109.0,597.0,724.0,1711.0,1914.0,2162.0,1202.0,1635.0,1808.0,1239.0,1500.0,790.0,1827.0,968.0,640.0,519.0,618.0,1652.0,1844.0,2090.0,1092.0,1528.0,1703.0,1196.0,1502.0,823.0,1865.0,894.0,540.0,611.0,1875.0,2000.0,2227.0,848.0,1345.0,1550.0,1509.0,1938.0,1322.0,2360.0,1100.0,647.0,1274.0,1389.0,1616.0,523.0,913.0,1085.0,964.0,1497.0,1072.0,2024.0,519.0,134.0,300.0,526.0,1428.0,1289.0,1235.0,520.0,946.0,1316.0,1574.0,780.0,1230.0,251.0,1434.0,1193.0,1093.0,793.0,1242.0,1593.0,1863.0,950.0,1372.0,1612.0,1309.0,1174.0,1038.0,1439.0,1838.0,2039.0,1196.0,1608.0,500.0,711.0,1294.0,1903.0,1581.0,2480.0,855.0,653.0,215.0,1348.0,1990.0,1853.0,2615.0,1003.0,1017.0,1378.0,2016.0,1957.0,2652.0,1089.0,1176.0,642.0,800.0,1275.0,455.0,877.0,759.0,644.0,1049.0,1382.0,1042.0,871.0,939.0,1640.0,1897.0,454.0,2365.0,1884.0,1296.0,984.0,1811.0,1705.0,1469.0,1087.0,524.0,228.0,644.0,177.0,1012.0,1417.0,1798.0,1940.0,977.0,1176.0
R22,G-Pony,470.0,R22_18042026_3.JPG,1101.0,1155.0,1677.0,2154.0,2144.0,2787.0,2442.0,2071.0,2376.0,2554.0,3006.0,3162.0,3216.0,1730.0,1031.0,1335.0,458.0,2068.0,2333.0,782.0,965.0,1089.0,1059.0,1693.0,1362.0,1460.0,1765.0,1994.0,1952.0,2188.0,2286.0,953.0,717.0,233.0,923.0,1106.0,1254.0,552.0,1682.0,1607.0,2146.0,1585.0,917.0,1226.0,1417.0,2045.0,2092.0,2112.0,630.0,127.0,867.0,723.0,1057.0,1487.0,1486.0,1381.0,1802.0,1153.0,496.0,801.0,1029.0,1534.0,1542.0,1561.0,105.0,661.0,906.0,1266.0,563.0,1072.0,127.0,670.0,805.0,1878.0,2091.0,2323.0,1353.0,1796.0,1982.0,1400.0,1678.0,880.0,2011.0,1130.0,752.0,648.0,685.0,1762.0,1969.0,2201.0,1248.0,1680.0,1862.0,1292.0,1611.0,839.0,1975.0,1007.0,628.0,713.0,2067.0,2196.0,2403.0,965.0,1483.0,1702.0,1699.0,2173.0,1465.0,2594.0,1291.0,755.0,1362.0,1484.0,1693.0,611.0,996.0,1177.0,1048.0,1641.0,1135.0,2156.0,603.0,109.0,315.0,534.0,1558.0,1398.0,1345.0,530.0,1043.0,1397.0,1628.0,783.0,1312.0,239.0,1556.0,1293.0,1194.0,819.0,1353.0,1688.0,1929.0,963.0,1454.0,1708.0,1386.0,1251.0,1054.0,1544.0,1924.0,2101.0,1194.0,1671.0,522.0,746.0,1436.0,2124.0,1731.0,2683.0,988.0,713.0,227.0,1463.0,2192.0,1992.0,2788.0,1099.0,1071.0,1493.0,2220.0,2102.0,2824.0,1181.0,1241.0,730.0,870.0,1331.0,460.0,967.0,833.0,605.0,1138.0,1540.0,1136.0,934.0,1028.0,1712.0,2049.0,537.0,2390.0,1990.0,1372.0,1026.0,1981.0,1860.0,1618.0,1176.0,534.0,225.0,676.0,192.0,1039.0,1493.0,1894.0,1944.0,1009.0,1235.0
R22,G-Pony,470.0,R22_18042026_6.JPG,944.0,1045.0,1429.0,1886.0,1822.0,2378.0,2231.0,1826.0,2104.0,2289.0,2773.0,3042.0,3154.0,1483.0,905.0,1114.0,408.0,1850.0,2049.0,703.0,832.0,989.0,895.0,1451.0,1294.0,1321.0,1603.0,1838.0,1840.0,2135.0,2269.0,818.0,648.0,170.0,797.0,984.0,1115.0,414.0,1526.0,1377.0,1875.0,1508.0,784.0,1068.0,1270.0,1992.0,2169.0,2239.0,497.0,140.0,763.0,662.0,996.0,1333.0,1381.0,1209.0,1634.0,1186.0,489.0,772.0,1005.0,1627.0,1773.0,1832.0,109.0,543.0,804.0,1066.0,643.0,1028.0,182.0,519.0,741.0,1770.0,1979.0,2218.0,1193.0,1592.0,1791.0,1292.0,1538.0,836.0,1785.0,955.0,671.0,558.0,616.0,1590.0,1797.0,2037.0,1115.0,1495.0,1683.0,1117.0,1400.0,732.0,1686.0,775.0,517.0,578.0,1924.0,2074.0,2295.0,802.0,1220.0,1439.0,1530.0,1918.0,1286.0,2238.0,1054.0,650.0,1392.0,1514.0,1728.0,547.0,889.0,1069.0,1078.0,1584.0,1128.0,2001.0,549.0,183.0,288.0,516.0,1708.0,1737.0,1735.0,525.0,924.0,1289.0,1431.0,869.0,1275.0,244.0,1748.0,1707.0,1668.0,794.0,1206.0,1562.0,1705.0,1038.0,1425.0,1918.0,1832.0,1765.0,1035.0,1405.0,1802.0,1885.0,1272.0,1649.0,418.0,639.0,1522.0,2083.0,1675.0,2528.0,996.0,725.0,226.0,1676.0,2278.0,1978.0,2759.0,1199.0,1043.0,1742.0,2355.0,2117.0,2852.0,1304.0,1207.0,618.0,768.0,1133.0,534.0,920.0,737.0,524.0,1092.0,1405.0,955.0,849.0,951.0,1561.0,1818.0,409.0,2246.0,1799.0,1268.0,982.0,1747.0,1605.0,1440.0,1007.0,506.0,217.0,637.0,219.0,982.0,1399.0,1723.0,1840.0,938.0,1088.0
R22,G-Pony,470.0,R22_18042026_2.JPG,1088.0,1185.0,1648.0,2079.0,2094.0,2572.0,2294.0,2058.0,2347.0,2531.0,2788.0,2952.0,3015.0,1696.0,1094.0,1258.0,440.0,2016.0,2207.0,758.0,901.0,1030.0,1028.0,1494.0,1216.0,1402.0,1694.0,1923.0,1733.0,1964.0,2065.0,899.0,724.0,170.0,893.0,1033.0,1132.0,502.0,1589.0,1543.0,1918.0,1448.0,873.0,1164.0,1359.0,1820.0,1870.0,1894.0,571.0,92.0,806.0,766.0,1003.0,1360.0,1379.0,1306.0,1588.0,1055.0,501.0,793.0,1022.0,1350.0,1369.0,1393.0,84.0,586.0,847.0,1251.0,551.0,975.0,105.0,531.0,668.0,1761.0,1968.0,2198.0,1161.0,1575.0,1757.0,1313.0,1603.0,878.0,1923.0,1010.0,655.0,485.0,563.0,1674.0,1875.0,2103.0,1063.0,1472.0,1653.0,1238.0,1563.0,868.0,1917.0,917.0,551.0,570.0,1852.0,1991.0,2199.0,826.0,1287.0,1492.0,1509.0,1953.0,1329.0,2373.0,1086.0,630.0,1283.0,1425.0,1637.0,548.0,916.0,1091.0,973.0,1499.0,1048.0,2018.0,525.0,90.0,299.0,521.0,1382.0,1230.0,1178.0,516.0,964.0,1345.0,1632.0,774.0,1225.0,238.0,1410.0,1162.0,1062.0,798.0,1255.0,1628.0,1917.0,958.0,1381.0,1570.0,1267.0,1134.0,1032.0,1448.0,1862.0,2095.0,1187.0,1598.0,463.0,672.0,1269.0,1888.0,1571.0,2475.0,818.0,617.0,211.0,1299.0,1950.0,1816.0,2594.0,941.0,955.0,1331.0,1979.0,1926.0,2638.0,1032.0,1120.0,651.0,830.0,1308.0,467.0,894.0,790.0,675.0,1070.0,1410.0,1049.0,898.0,965.0,1674.0,1929.0,456.0,2480.0,1917.0,1358.0,1018.0,1763.0,1660.0,1388.0,1098.0,521.0,220.0,596.0,174.0,1010.0,1444.0,1824.0,2038.0,955.0,1132.0
R22,G-Pony,470.0,R22_18042026_4.JPG,1083.0,1099.0,1459.0,2061.0,2071.0,2627.0,2347.0,1892.0,2203.0,2385.0,2924.0,3179.0,3276.0,1521.0,941.0,1186.0,407.0,1961.0,2172.0,813.0,875.0,1005.0,997.0,1545.0,1295.0,1441.0,1762.0,1997.0,1882.0,2186.0,2318.0,868.0,751.0,105.0,924.0,1023.0,1121.0,393.0,1645.0,1580.0,2016.0,1557.0,804.0,1128.0,1333.0,2064.0,2226.0,2283.0,476.0,159.0,838.0,708.0,1042.0,1398.0,1469.0,1379.0,1738.0,1229.0,566.0,890.0,1123.0,1699.0,1838.0,1890.0,92.0,534.0,851.0,1086.0,685.0,1086.0,139.0,634.0,777.0,1925.0,2172.0,2407.0,1256.0,1673.0,1872.0,1401.0,1653.0,915.0,1928.0,1033.0,702.0,571.0,640.0,1814.0,2052.0,2286.0,1138.0,1547.0,1742.0,1306.0,1601.0,900.0,1912.0,906.0,564.0,584.0,2056.0,2227.0,2440.0,755.0,1193.0,1415.0,1652.0,2067.0,1444.0,2439.0,1110.0,670.0,1485.0,1644.0,1856.0,589.0,941.0,1118.0,1139.0,1638.0,1191.0,2089.0,556.0,175.0,330.0,557.0,1804.0,1807.0,1789.0,583.0,962.0,1414.0,1489.0,950.0,1389.0,241.0,1868.0,1792.0,1732.0,897.0,1284.0,1730.0,1798.0,1154.0,1577.0,2036.0,1917.0,1833.0,1134.0,1485.0,1968.0,1978.0,1384.0,1799.0,438.0,660.0,1607.0,2165.0,1779.0,2647.0,1022.0,761.0,228.0,1751.0,2347.0,2087.0,2866.0,1220.0,1093.0,1807.0,2413.0,2222.0,2946.0,1319.0,1257.0,609.0,834.0,1156.0,593.0,996.0,795.0,554.0,1146.0,1473.0,1014.0,936.0,1018.0,1649.0,1915.0,440.0,2348.0,1929.0,1337.0,1089.0,1855.0,1719.0,1410.0,1076.0,544.0,213.0,656.0,217.0,1073.0,1488.0,1872.0,1947.0,995.0,1172.0
R22,G-Pony,470.0,R22_18042026_5.JPG,989.0,1086.0,1437.0,1926.0,1934.0,2439.0,2236.0,1888.0,2180.0,2360.0,2753.0,2980.0,3081.0,1496.0,931.0,1105.0,404.0,1880.0,2083.0,722.0,812.0,980.0,963.0,1460.0,1258.0,1363.0,1663.0,1899.0,1780.0,2038.0,2162.0,822.0,667.0,116.0,855.0,978.0,1106.0,386.0,1527.0,1455.0,1865.0,1469.0,807.0,1107.0,1308.0,1924.0,2059.0,2119.0,462.0,155.0,761.0,715.0,984.0,1328.0,1361.0,1262.0,1603.0,1151.0,550.0,852.0,1087.0,1570.0,1681.0,1734.0,81.0,528.0,794.0,1089.0,638.0,1022.0,140.0,559.0,724.0,1788.0,2015.0,2263.0,1152.0,1518.0,1704.0,1309.0,1546.0,873.0,1835.0,948.0,660.0,510.0,590.0,1668.0,1888.0,2135.0,1039.0,1397.0,1578.0,1206.0,1487.0,851.0,1814.0,816.0,520.0,540.0,1896.0,2057.0,2288.0,714.0,1102.0,1306.0,1533.0,1922.0,1345.0,2299.0,1019.0,608.0,1373.0,1520.0,1748.0,524.0,831.0,999.0,1074.0,1557.0,1145.0,2018.0,521.0,153.0,306.0,536.0,1648.0,1629.0,1614.0,549.0,960.0,1340.0,1502.0,882.0,1289.0,250.0,1707.0,1617.0,1564.0,843.0,1258.0,1635.0,1788.0,1076.0,1460.0,1897.0,1768.0,1691.0,1084.0,1454.0,1876.0,1962.0,1321.0,1697.0,388.0,593.0,1489.0,2029.0,1668.0,2519.0,940.0,674.0,208.0,1601.0,2182.0,1932.0,2708.0,1105.0,962.0,1657.0,2250.0,2060.0,2789.0,1201.0,1117.0,599.0,792.0,1156.0,559.0,947.0,728.0,563.0,1093.0,1411.0,964.0,886.0,994.0,1604.0,1866.0,412.0,2365.0,1843.0,1322.0,1054.0,1711.0,1577.0,1304.0,981.0,517.0,209.0,588.0,199.0,1026.0,1470.0,1785.0,1956.0,943.0,1068.0
R23,Warmblut,564.0,R23_18042026_2.JPG,1015.0,1200.0,1582.0,2001.0,1972.0,2536.0,2316.0,1998.0,2298.0,2513.0,2863.0,3103.0,3230.0,1649.0,1013.0,1237.0,503.0,2025.0,2211.0,773.0,929.0,1031.0,979.0,1535.0,1311.0,1519.0,1858.0,2127.0,1868.0,2150.0,2305.0,906.0,708.0,222.0,865.0,1094.0,1203.0,408.0,1573.0,1472.0,1927.0,1481.0,828.0,1156.0,1406.0,1928.0,2054.0,2136.0,521.0,189.0,830.0,742.0,1031.0,1402.0,1448.0,1328.0,1694.0,1182.0,605.0,942.0,1218.0,1568.0,1658.0,1732.0,151.0,590.0,883.0,1144.0,688.0,1121.0,132.0,570.0,739.0,2000.0,2302.0,2576.0,1235.0,1655.0,1875.0,1321.0,1609.0,832.0,1894.0,1005.0,661.0,566.0,628.0,1873.0,2172.0,2446.0,1149.0,1556.0,1772.0,1198.0,1519.0,769.0,1833.0,873.0,542.0,587.0,2150.0,2403.0,2660.0,832.0,1285.0,1523.0,1547.0,2006.0,1318.0,2373.0,1071.0,598.0,1580.0,1820.0,2074.0,568.0,935.0,1145.0,1031.0,1598.0,1093.0,2051.0,509.0,109.0,340.0,613.0,1806.0,1740.0,1730.0,693.0,1001.0,1488.0,1507.0,1079.0,1552.0,278.0,1964.0,1821.0,1766.0,1019.0,1320.0,1825.0,1799.0,1340.0,1806.0,2178.0,1992.0,1909.0,1297.0,1561.0,2101.0,2010.0,1605.0,2067.0,454.0,692.0,1424.0,2070.0,1654.0,2563.0,897.0,677.0,239.0,1533.0,2219.0,1950.0,2749.0,1078.0,1036.0,1619.0,2310.0,2114.0,2852.0,1215.0,1241.0,691.0,825.0,1236.0,539.0,970.0,814.0,554.0,1175.0,1511.0,1064.0,915.0,985.0,1682.0,1954.0,473.0,2519.0,1999.0,1384.0,1087.0,1877.0,1766.0,1500.0,1136.0,553.0,230.0,675.0,229.0,1090.0,1555.0,1886.0,2014.0,1019.0,1222.0
R23,Warmblut,564.0,R23_18042026_6.JPG,1247.0,1325.0,1805.0,2368.0,2512.0,2980.0,2641.0,2212.0,2502.0,2702.0,3071.0,3191.0,3250.0,1841.0,1154.0,1494.0,480.0,2261.0,2531.0,849.0,1011.0,1135.0,1266.0,1733.0,1446.0,1487.0,1774.0,2035.0,1941.0,2176.0,2306.0,1001.0,773.0,249.0,1045.0,1203.0,1330.0,504.0,1692.0,1704.0,2102.0,1566.0,888.0,1181.0,1398.0,1866.0,1901.0,1935.0,556.0,172.0,909.0,874.0,1054.0,1481.0,1473.0,1414.0,1745.0,1140.0,478.0,772.0,1026.0,1375.0,1398.0,1445.0,69.0,662.0,938.0,1372.0,584.0,1075.0,258.0,675.0,827.0,1782.0,1960.0,2218.0,1375.0,1811.0,2041.0,1413.0,1717.0,905.0,2172.0,1127.0,743.0,471.0,595.0,1663.0,1812.0,2059.0,1127.0,1577.0,1815.0,1349.0,1755.0,1020.0,2274.0,984.0,528.0,671.0,1898.0,1983.0,2200.0,1013.0,1508.0,1769.0,1677.0,2172.0,1486.0,2728.0,1222.0,689.0,1233.0,1312.0,1536.0,564.0,985.0,1219.0,1072.0,1670.0,1206.0,2310.0,574.0,118.0,299.0,548.0,1258.0,1115.0,1087.0,488.0,1060.0,1396.0,1752.0,685.0,1211.0,270.0,1203.0,949.0,863.0,774.0,1354.0,1669.0,2037.0,834.0,1317.0,1349.0,1006.0,851.0,1034.0,1569.0,1935.0,2229.0,1092.0,1553.0,496.0,759.0,1315.0,2003.0,1715.0,2692.0,819.0,674.0,265.0,1354.0,2059.0,1979.0,2769.0,973.0,1072.0,1412.0,2101.0,2127.0,2810.0,1111.0,1298.0,707.0,912.0,1415.0,518.0,1007.0,879.0,710.0,1185.0,1578.0,1267.0,1016.0,1089.0,1873.0,2207.0,533.0,2255.0,2018.0,1249.0,1010.0,2041.0,1810.0,1671.0,1217.0,540.0,268.0,696.0,233.0,1028.0,1393.0,1936.0,1817.0,1016.0,1298.0
R23,Warmblut,564.0,R23_18042026_7.JPG,1201.0,1263.0,1714.0,2300.0,2430.0,2917.0,2569.0,2116.0,2424.0,2603.0,2987.0,3098.0,3155.0,1755.0,1086.0,1434.0,433.0,2215.0,2457.0,834.0,980.0,1114.0,1230.0,1716.0,1423.0,1445.0,1747.0,1983.0,1905.0,2133.0,2265.0,967.0,764.0,235.0,1041.0,1185.0,1303.0,474.0,1683.0,1698.0,2098.0,1547.0,854.0,1165.0,1359.0,1843.0,1869.0,1900.0,532.0,178.0,900.0,865.0,1085.0,1464.0,1483.0,1438.0,1768.0,1147.0,468.0,779.0,1008.0,1383.0,1397.0,1440.0,77.0,638.0,926.0,1332.0,651.0,1085.0,228.0,683.0,852.0,1782.0,1968.0,2205.0,1382.0,1815.0,2052.0,1416.0,1712.0,897.0,2149.0,1092.0,756.0,496.0,650.0,1686.0,1843.0,2072.0,1166.0,1612.0,1858.0,1366.0,1749.0,1000.0,2245.0,964.0,570.0,698.0,1913.0,1999.0,2201.0,1028.0,1521.0,1793.0,1692.0,2174.0,1483.0,2713.0,1178.0,705.0,1225.0,1301.0,1508.0,548.0,964.0,1208.0,1070.0,1659.0,1200.0,2286.0,508.0,124.0,316.0,539.0,1263.0,1116.0,1084.0,480.0,1032.0,1371.0,1707.0,739.0,1209.0,246.0,1200.0,937.0,841.0,780.0,1343.0,1656.0,2010.0,880.0,1315.0,1338.0,995.0,832.0,1016.0,1536.0,1899.0,2181.0,1114.0,1532.0,495.0,770.0,1315.0,1987.0,1697.0,2660.0,775.0,667.0,278.0,1347.0,2035.0,1954.0,2728.0,949.0,1062.0,1403.0,2073.0,2104.0,2765.0,1104.0,1296.0,689.0,895.0,1382.0,576.0,1008.0,874.0,694.0,1219.0,1568.0,1253.0,1006.0,1078.0,1886.0,2182.0,473.0,2140.0,1965.0,1201.0,986.0,2058.0,1861.0,1708.0,1209.0,528.0,245.0,711.0,245.0,1008.0,1344.0,1903.0,1742.0,1031.0,1299.0
R23,Warmblut,564.0,R23_18042026_3.JPG,1134.0,1173.0,1560.0,2078.0,2127.0,2632.0,2364.0,1918.0,2203.0,2411.0,2894.0,3124.0,3234.0,1635.0,1017.0,1260.0,438.0,2046.0,2227.0,762.0,888.0,968.0,999.0,1498.0,1260.0,1509.0,1844.0,2110.0,1814.0,2111.0,2264.0,884.0,735.0,125.0,1026.0,1053.0,1119.0,401.0,1529.0,1498.0,1892.0,1452.0,822.0,1149.0,1401.0,1891.0,2031.0,2107.0,496.0,157.0,800.0,803.0,1006.0,1343.0,1391.0,1327.0,1640.0,1143.0,644.0,972.0,1242.0,1526.0,1636.0,1707.0,113.0,555.0,866.0,1203.0,655.0,1056.0,139.0,612.0,736.0,1997.0,2293.0,2558.0,1239.0,1668.0,1889.0,1308.0,1579.0,852.0,1991.0,994.0,640.0,519.0,597.0,1915.0,2203.0,2464.0,1102.0,1529.0,1750.0,1237.0,1561.0,877.0,2011.0,883.0,506.0,557.0,2143.0,2386.0,2628.0,791.0,1252.0,1495.0,1534.0,1981.0,1374.0,2487.0,1046.0,593.0,1597.0,1830.0,2071.0,566.0,947.0,1159.0,1032.0,1565.0,1139.0,2142.0,507.0,142.0,335.0,602.0,1815.0,1757.0,1737.0,699.0,950.0,1502.0,1494.0,1097.0,1552.0,270.0,1967.0,1832.0,1767.0,1017.0,1269.0,1835.0,1770.0,1350.0,1804.0,2164.0,1985.0,1891.0,1288.0,1512.0,2104.0,1974.0,1602.0,2053.0,461.0,705.0,1415.0,2024.0,1696.0,2638.0,885.0,706.0,246.0,1535.0,2178.0,2002.0,2819.0,1080.0,1075.0,1614.0,2260.0,2162.0,2907.0,1215.0,1278.0,646.0,847.0,1292.0,543.0,948.0,795.0,648.0,1139.0,1450.0,1139.0,957.0,998.0,1761.0,2014.0,456.0,2401.0,1971.0,1375.0,1100.0,1888.0,1749.0,1471.0,1150.0,552.0,233.0,688.0,233.0,1087.0,1503.0,1916.0,1963.0,1025.0,1254.0
R26,G-Pony,398.0,R26_18042026_2.JPG,1072.0,1123.0,1567.0,2006.0,2019.0,2593.0,2330.0,1922.0,2207.0,2352.0,2926.0,3114.0,3171.0,1627.0,1002.0,1278.0,466.0,2056.0,2218.0,744.0,903.0,964.0,954.0,1527.0,1282.0,1360.0,1657.0,1864.0,1903.0,2162.0,2257.0,898.0,764.0,207.0,976.0,1107.0,1173.0,463.0,1523.0,1442.0,1952.0,1477.0,806.0,1100.0,1268.0,1975.0,2067.0,2096.0,543.0,137.0,804.0,733.0,1070.0,1370.0,1376.0,1254.0,1681.0,1122.0,457.0,755.0,962.0,1549.0,1608.0,1633.0,100.0,599.0,850.0,1195.0,660.0,1027.0,168.0,614.0,760.0,1745.0,1970.0,2193.0,1341.0,1759.0,1923.0,1301.0,1604.0,783.0,1937.0,1018.0,713.0,574.0,598.0,1602.0,1819.0,2041.0,1196.0,1601.0,1762.0,1173.0,1533.0,757.0,1910.0,855.0,546.0,643.0,1939.0,2093.0,2301.0,952.0,1432.0,1626.0,1587.0,2057.0,1327.0,2474.0,1114.0,694.0,1316.0,1452.0,1659.0,637.0,1006.0,1164.0,1022.0,1601.0,1079.0,2109.0,491.0,112.0,303.0,504.0,1569.0,1487.0,1454.0,483.0,920.0,1302.0,1501.0,827.0,1246.0,224.0,1586.0,1410.0,1337.0,767.0,1208.0,1589.0,1774.0,989.0,1401.0,1744.0,1518.0,1418.0,983.0,1364.0,1805.0,1906.0,1205.0,1614.0,486.0,687.0,1452.0,2108.0,1704.0,2662.0,905.0,738.0,205.0,1524.0,2204.0,1979.0,2792.0,1065.0,1079.0,1556.0,2232.0,2083.0,2826.0,1150.0,1226.0,680.0,822.0,1271.0,560.0,928.0,856.0,599.0,1203.0,1492.0,1156.0,938.0,971.0,1763.0,1997.0,420.0,2179.0,1859.0,1239.0,957.0,1897.0,1730.0,1610.0,1144.0,502.0,202.0,659.0,185.0,963.0,1307.0,1775.0,1717.0,940.0,1183.0
R26,G-Pony,398.0,R26_18042026_7.JPG,1175.0,1122.0,1582.0,2169.0,2281.0,2841.0,2507.0,2012.0,2291.0,2439.0,3049.0,3219.0,3250.0,1652.0,1038.0,1347.0,528.0,2135.0,2351.0,806.0,934.0,1018.0,1110.0,1668.0,1373.0,1477.0,1755.0,1977.0,1947.0,2207.0,2292.0,912.0,813.0,173.0,1070.0,1136.0,1221.0,475.0,1664.0,1678.0,2173.0,1633.0,902.0,1189.0,1364.0,2086.0,2165.0,2167.0,568.0,89.0,868.0,677.0,1134.0,1483.0,1504.0,1461.0,1884.0,1260.0,543.0,827.0,1043.0,1651.0,1695.0,1692.0,121.0,564.0,905.0,1152.0,708.0,1123.0,205.0,711.0,844.0,1923.0,2122.0,2361.0,1387.0,1822.0,1995.0,1406.0,1708.0,865.0,2081.0,1117.0,782.0,562.0,651.0,1837.0,2016.0,2253.0,1183.0,1624.0,1802.0,1354.0,1731.0,944.0,2149.0,991.0,607.0,723.0,2160.0,2283.0,2506.0,981.0,1483.0,1700.0,1767.0,2235.0,1500.0,2690.0,1271.0,801.0,1457.0,1563.0,1784.0,592.0,981.0,1151.0,1139.0,1710.0,1203.0,2241.0,579.0,157.0,290.0,500.0,1667.0,1546.0,1469.0,577.0,979.0,1437.0,1522.0,889.0,1359.0,240.0,1670.0,1463.0,1347.0,845.0,1264.0,1705.0,1791.0,1032.0,1489.0,1847.0,1589.0,1445.0,1073.0,1433.0,1934.0,1926.0,1266.0,1716.0,504.0,728.0,1536.0,2170.0,1782.0,2735.0,952.0,731.0,232.0,1597.0,2253.0,2057.0,2840.0,1090.0,1078.0,1605.0,2255.0,2151.0,2844.0,1157.0,1229.0,656.0,861.0,1243.0,590.0,1003.0,892.0,589.0,1218.0,1558.0,1216.0,1002.0,1053.0,1789.0,2085.0,470.0,2280.0,1962.0,1342.0,1039.0,1990.0,1802.0,1642.0,1150.0,497.0,211.0,675.0,191.0,1049.0,1397.0,1891.0,1757.0,971.0,1209.0
R26,G-Pony,398.0,R26_18042026_1.JPG,1060.0,1216.0,1655.0,1994.0,2076.0,2593.0,2356.0,2056.0,2346.0,2534.0,2907.0,3106.0,3148.0,1707.0,1092.0,1244.0,501.0,2102.0,2272.0,804.0,947.0,972.0,1030.0,1540.0,1308.0,1459.0,1757.0,2006.0,1881.0,2141.0,2220.0,949.0,797.0,185.0,997.0,1150.0,1227.0,485.0,1556.0,1538.0,1954.0,1511.0,841.0,1136.0,1342.0,1935.0,2013.0,2014.0,560.0,136.0,838.0,811.0,1073.0,1423.0,1372.0,1307.0,1632.0,1125.0,515.0,810.0,1062.0,1478.0,1529.0,1530.0,88.0,620.0,879.0,1289.0,627.0,1042.0,161.0,634.0,742.0,1807.0,2037.0,2300.0,1304.0,1723.0,1882.0,1310.0,1617.0,813.0,1967.0,1044.0,718.0,520.0,583.0,1715.0,1931.0,2192.0,1143.0,1562.0,1723.0,1238.0,1611.0,858.0,2011.0,921.0,564.0,564.0,1941.0,2097.0,2342.0,870.0,1348.0,1544.0,1551.0,2045.0,1362.0,2504.0,1091.0,622.0,1385.0,1533.0,1778.0,598.0,982.0,1140.0,1039.0,1621.0,1125.0,2170.0,537.0,89.0,303.0,547.0,1548.0,1434.0,1363.0,536.0,964.0,1394.0,1624.0,850.0,1320.0,265.0,1584.0,1378.0,1265.0,819.0,1254.0,1684.0,1901.0,1023.0,1481.0,1778.0,1516.0,1374.0,1078.0,1451.0,1940.0,2070.0,1280.0,1730.0,482.0,687.0,1392.0,2060.0,1701.0,2670.0,862.0,665.0,214.0,1454.0,2147.0,1973.0,2802.0,1006.0,1022.0,1461.0,2150.0,2061.0,2817.0,1071.0,1168.0,694.0,865.0,1356.0,539.0,957.0,860.0,676.0,1199.0,1532.0,1155.0,994.0,1044.0,1822.0,2082.0,470.0,2476.0,1982.0,1341.0,1037.0,1889.0,1730.0,1486.0,1145.0,536.0,232.0,625.0,169.0,1029.0,1438.0,1879.0,1977.0,947.0,1170.0
R26,G-Pony,398.0,R26_18042026_3.JPG,941.0,1138.0,1490.0,1753.0,1836.0,2255.0,2114.0,1911.0,2184.0,2344.0,2514.0,2704.0,2767.0,1564.0,995.0,1122.0,467.0,1913.0,2027.0,726.0,827.0,843.0,906.0,1319.0,1187.0,1378.0,1665.0,1863.0,1600.0,1852.0,1948.0,884.0,725.0,181.0,879.0,1067.0,1101.0,409.0,1333.0,1317.0,1643.0,1298.0,777.0,1059.0,1234.0,1608.0,1668.0,1695.0,478.0,165.0,751.0,761.0,936.0,1218.0,1144.0,1087.0,1343.0,940.0,560.0,842.0,1044.0,1212.0,1261.0,1295.0,74.0,573.0,757.0,1156.0,539.0,869.0,150.0,533.0,687.0,1637.0,1872.0,2076.0,1079.0,1490.0,1647.0,1150.0,1418.0,683.0,1717.0,929.0,640.0,421.0,539.0,1551.0,1773.0,1976.0,929.0,1341.0,1500.0,1084.0,1417.0,734.0,1765.0,813.0,496.0,485.0,1711.0,1885.0,2073.0,702.0,1171.0,1352.0,1319.0,1764.0,1143.0,2162.0,919.0,515.0,1239.0,1401.0,1588.0,424.0,802.0,962.0,901.0,1441.0,1009.0,1927.0,450.0,88.0,289.0,486.0,1346.0,1185.0,1134.0,519.0,916.0,1317.0,1501.0,792.0,1196.0,207.0,1427.0,1171.0,1076.0,794.0,1190.0,1598.0,1762.0,976.0,1373.0,1582.0,1281.0,1162.0,999.0,1355.0,1801.0,1909.0,1173.0,1565.0,473.0,660.0,1155.0,1764.0,1425.0,2293.0,673.0,505.0,188.0,1190.0,1834.0,1693.0,2412.0,794.0,857.0,1222.0,1861.0,1796.0,2451.0,881.0,1008.0,643.0,804.0,1229.0,484.0,833.0,789.0,599.0,1095.0,1359.0,1035.0,918.0,924.0,1644.0,1841.0,404.0,2358.0,1841.0,1256.0,1008.0,1672.0,1520.0,1286.0,973.0,476.0,184.0,593.0,156.0,944.0,1373.0,1731.0,1891.0,834.0,1025.0
R26,G-Pony,398.0,R26_18042026_4.JPG,925.0,1053.0,1429.0,1848.0,1957.0,2472.0,2258.0,1865.0,2144.0,2306.0,2785.0,3005.0,3064.0,1529.0,918.0,1094.0,405.0,1851.0,2064.0,760.0,858.0,968.0,1051.0,1562.0,1348.0,1363.0,1633.0,1835.0,1888.0,2159.0,2251.0,880.0,708.0,169.0,809.0,1061.0,1155.0,427.0,1560.0,1570.0,2020.0,1545.0,813.0,1091.0,1258.0,1989.0,2095.0,2110.0,561.0,135.0,801.0,674.0,957.0,1370.0,1388.0,1351.0,1738.0,1181.0,505.0,780.0,978.0,1584.0,1668.0,1683.0,143.0,549.0,810.0,1079.0,548.0,1024.0,182.0,647.0,848.0,1771.0,1961.0,2168.0,1340.0,1765.0,1939.0,1302.0,1569.0,828.0,1778.0,1134.0,742.0,515.0,676.0,1695.0,1866.0,2070.0,1158.0,1587.0,1765.0,1251.0,1595.0,896.0,1854.0,1033.0,588.0,705.0,1990.0,2105.0,2291.0,953.0,1433.0,1646.0,1617.0,2062.0,1403.0,2358.0,1304.0,761.0,1329.0,1414.0,1593.0,548.0,922.0,1091.0,1043.0,1623.0,1181.0,2039.0,664.0,194.0,283.0,474.0,1577.0,1509.0,1457.0,506.0,947.0,1305.0,1482.0,686.0,1230.0,211.0,1564.0,1411.0,1320.0,760.0,1226.0,1566.0,1757.0,833.0,1349.0,1696.0,1489.0,1369.0,967.0,1391.0,1772.0,1911.0,1037.0,1541.0,482.0,702.0,1442.0,2085.0,1723.0,2540.0,1037.0,736.0,228.0,1534.0,2209.0,2004.0,2712.0,1160.0,1074.0,1557.0,2231.0,2104.0,2750.0,1214.0,1222.0,676.0,806.0,1194.0,405.0,891.0,776.0,540.0,1061.0,1442.0,958.0,932.0,988.0,1552.0,1847.0,545.0,2176.0,1846.0,1213.0,985.0,1922.0,1758.0,1639.0,1081.0,477.0,202.0,681.0,203.0,963.0,1332.0,1771.0,1773.0,892.0,1175.0
R28,Warmblut,576.0,R28_18042026_3.JPG,1039.0,1089.0,1468.0,1943.0,1914.0,2497.0,2302.0,1869.0,2156.0,2345.0,2896.0,3167.0,3251.0,1534.0,960.0,1204.0,426.0,1939.0,2090.0,720.0,836.0,931.0,880.0,1463.0,1290.0,1320.0,1626.0,1857.0,1901.0,2231.0,2351.0,835.0,679.0,165.0,906.0,1023.0,1074.0,400.0,1469.0,1352.0,1874.0,1459.0,786.0,1084.0,1291.0,1975.0,2160.0,2214.0,486.0,129.0,784.0,706.0,985.0,1280.0,1321.0,1174.0,1625.0,1130.0,485.0,793.0,1022.0,1601.0,1762.0,1814.0,100.0,522.0,818.0,1103.0,626.0,980.0,170.0,579.0,779.0,1680.0,1919.0,2142.0,1331.0,1783.0,1969.0,1247.0,1491.0,776.0,1835.0,964.0,641.0,583.0,637.0,1517.0,1752.0,1974.0,1218.0,1654.0,1832.0,1096.0,1386.0,717.0,1771.0,795.0,480.0,632.0,1861.0,2032.0,2226.0,939.0,1428.0,1642.0,1533.0,1926.0,1299.0,2347.0,1083.0,670.0,1269.0,1412.0,1598.0,618.0,1020.0,1195.0,1030.0,1543.0,1134.0,2056.0,516.0,216.0,309.0,537.0,1573.0,1594.0,1586.0,495.0,914.0,1292.0,1467.0,778.0,1191.0,234.0,1600.0,1526.0,1475.0,795.0,1209.0,1591.0,1744.0,972.0,1375.0,1721.0,1583.0,1499.0,1027.0,1413.0,1824.0,1927.0,1185.0,1580.0,490.0,709.0,1503.0,2076.0,1749.0,2622.0,991.0,832.0,226.0,1674.0,2275.0,2092.0,2848.0,1230.0,1215.0,1732.0,2334.0,2221.0,2913.0,1332.0,1376.0,603.0,797.0,1181.0,525.0,883.0,768.0,581.0,1085.0,1356.0,1060.0,904.0,919.0,1638.0,1854.0,413.0,2156.0,1863.0,1253.0,1026.0,1909.0,1748.0,1648.0,1139.0,539.0,231.0,708.0,216.0,1027.0,1360.0,1819.0,1741.0,1011.0,1267.0
R28,Warmblut,576.0,R28_18042026_4.JPG,1157.0,1156.0,1608.0,2239.0,2330.0,2845.0,2515.0,1938.0,2175.0,2317.0,3067.0,3267.0,3339.0,1676.0,1006.0,1419.0,462.0,2161.0,2387.0,806.0,1013.0,1097.0,1176.0,1687.0,1398.0,1474.0,1740.0,1953.0,1992.0,2285.0,2410.0,935.0,749.0,262.0,975.0,1164.0,1268.0,455.0,1685.0,1697.0,2114.0,1615.0,813.0,1072.0,1253.0,2059.0,2170.0,2213.0,558.0,151.0,932.0,720.0,1137.0,1503.0,1592.0,1560.0,1891.0,1322.0,462.0,727.0,943.0,1678.0,1736.0,1765.0,195.0,603.0,1024.0,1174.0,789.0,1229.0,164.0,664.0,778.0,1974.0,2184.0,2410.0,1360.0,1831.0,2042.0,1408.0,1706.0,844.0,2065.0,1065.0,707.0,530.0,626.0,1917.0,2113.0,2337.0,1197.0,1673.0,1888.0,1370.0,1732.0,915.0,2127.0,967.0,568.0,626.0,2169.0,2321.0,2530.0,929.0,1451.0,1694.0,1696.0,2173.0,1425.0,2615.0,1158.0,677.0,1556.0,1697.0,1905.0,627.0,1058.0,1265.0,1131.0,1701.0,1156.0,2210.0,549.0,130.0,267.0,481.0,1757.0,1674.0,1637.0,592.0,961.0,1481.0,1480.0,1011.0,1492.0,228.0,1809.0,1647.0,1571.0,840.0,1217.0,1737.0,1714.0,1171.0,1649.0,1973.0,1762.0,1657.0,1065.0,1392.0,1960.0,1856.0,1387.0,1863.0,523.0,769.0,1513.0,2171.0,1764.0,2720.0,925.0,747.0,250.0,1613.0,2302.0,2089.0,2875.0,1127.0,1153.0,1665.0,2353.0,2231.0,2929.0,1247.0,1349.0,690.0,900.0,1265.0,606.0,1036.0,913.0,576.0,1246.0,1584.0,1221.0,989.0,1028.0,1798.0,2086.0,481.0,2137.0,1947.0,1245.0,933.0,2022.0,1877.0,1683.0,1250.0,474.0,206.0,753.0,234.0,1015.0,1373.0,1905.0,1716.0,1024.0,1312.0
R28,Warmblut,576.0,R28_18042026_5.JPG,1081.0,1203.0,1626.0,2083.0,2189.0,2688.0,2344.0,2031.0,2310.0,2467.0,2853.0,2994.0,3033.0,1655.0,1067.0,1283.0,435.0,2048.0,2237.0,763.0,922.0,1031.0,1118.0,1612.0,1287.0,1385.0,1670.0,1869.0,1841.0,2074.0,2166.0,910.0,710.0,202.0,889.0,1097.0,1181.0,447.0,1554.0,1563.0,1974.0,1427.0,829.0,1111.0,1279.0,1798.0,1840.0,1852.0,492.0,137.0,832.0,789.0,984.0,1332.0,1389.0,1349.0,1684.0,1074.0,464.0,753.0,948.0,1371.0,1393.0,1411.0,64.0,576.0,888.0,1227.0,581.0,993.0,177.0,643.0,742.0,1703.0,1904.0,2102.0,1320.0,1752.0,1934.0,1333.0,1578.0,839.0,1919.0,1041.0,694.0,503.0,584.0,1623.0,1805.0,1999.0,1148.0,1590.0,1778.0,1290.0,1602.0,918.0,1995.0,940.0,550.0,657.0,1855.0,1973.0,2145.0,982.0,1480.0,1699.0,1621.0,2033.0,1410.0,2477.0,1163.0,707.0,1199.0,1319.0,1496.0,607.0,1010.0,1194.0,1010.0,1511.0,1098.0,2053.0,516.0,107.0,290.0,484.0,1278.0,1135.0,1087.0,476.0,965.0,1336.0,1610.0,698.0,1152.0,206.0,1261.0,1007.0,907.0,760.0,1247.0,1611.0,1884.0,865.0,1293.0,1375.0,1055.0,914.0,959.0,1413.0,1815.0,2037.0,1062.0,1477.0,502.0,726.0,1315.0,1910.0,1665.0,2517.0,821.0,696.0,229.0,1353.0,1969.0,1927.0,2615.0,978.0,1071.0,1379.0,1985.0,2033.0,2638.0,1077.0,1243.0,616.0,862.0,1263.0,519.0,929.0,809.0,654.0,1091.0,1413.0,1080.0,957.0,993.0,1699.0,1948.0,456.0,2140.0,1867.0,1173.0,942.0,1942.0,1787.0,1637.0,1200.0,483.0,205.0,670.0,194.0,961.0,1283.0,1824.0,1736.0,972.0,1245.0
R28,Warmblut,576.0,R28_18042026_6.JPG,1022.0,1213.0,1632.0,2031.0,2167.0,2547.0,2313.0,2021.0,2276.0,2439.0,2687.0,2813.0,2869.0,1659.0,1018.0,1266.0,423.0,2058.0,2228.0,759.0,951.0,1033.0,1154.0,1528.0,1310.0,1414.0,1677.0,1890.0,1726.0,1941.0,2046.0,941.0,735.0,243.0,910.0,1135.0,1216.0,442.0,1503.0,1551.0,1838.0,1405.0,810.0,1071.0,1250.0,1637.0,1654.0,1681.0,486.0,207.0,817.0,845.0,1009.0,1368.0,1355.0,1354.0,1569.0,1070.0,463.0,727.0,940.0,1223.0,1211.0,1243.0,64.0,649.0,888.0,1283.0,626.0,1063.0,176.0,556.0,705.0,1700.0,1890.0,2113.0,1195.0,1616.0,1803.0,1300.0,1600.0,805.0,1940.0,965.0,588.0,391.0,569.0,1661.0,1832.0,2051.0,1044.0,1482.0,1677.0,1295.0,1667.0,917.0,2051.0,893.0,460.0,556.0,1793.0,1918.0,2121.0,894.0,1374.0,1586.0,1506.0,1977.0,1287.0,2409.0,1003.0,515.0,1244.0,1362.0,1566.0,497.0,914.0,1109.0,1006.0,1574.0,1076.0,2096.0,462.0,121.0,267.0,477.0,1208.0,1013.0,966.0,481.0,1003.0,1343.0,1636.0,791.0,1281.0,227.0,1226.0,930.0,831.0,739.0,1258.0,1597.0,1884.0,940.0,1419.0,1384.0,1030.0,889.0,957.0,1426.0,1818.0,2036.0,1157.0,1629.0,483.0,698.0,1166.0,1831.0,1508.0,2418.0,638.0,618.0,216.0,1170.0,1860.0,1756.0,2489.0,812.0,1028.0,1211.0,1888.0,1877.0,2525.0,943.0,1219.0,691.0,862.0,1320.0,563.0,999.0,852.0,640.0,1198.0,1527.0,1135.0,944.0,978.0,1780.0,2026.0,490.0,2290.0,1888.0,1222.0,937.0,1788.0,1644.0,1438.0,1083.0,475.0,210.0,599.0,176.0,948.0,1364.0,1790.0,1868.0,924.0,1200.0
R33,Vollblut,409.0,R33_18042026_2.JPG,1124.0,1215.0,1618.0,2104.0,2126.0,2723.0,2458.0,2014.0,2283.0,2438.0,3093.0,3346.0,3411.0,1729.0,1095.0,1425.0,540.0,2196.0,2360.0,747.0,880.0,1022.0,1017.0,1611.0,1344.0,1410.0,1684.0,1899.0,1995.0,2299.0,2396.0,915.0,720.0,301.0,889.0,1178.0,1251.0,425.0,1571.0,1500.0,2025.0,1552.0,813.0,1092.0,1274.0,2087.0,2238.0,2267.0,557.0,122.0,855.0,704.0,1120.0,1447.0,1413.0,1306.0,1757.0,1218.0,533.0,804.0,1021.0,1696.0,1817.0,1842.0,139.0,544.0,836.0,1124.0,727.0,1116.0,159.0,643.0,746.0,1854.0,2054.0,2281.0,1346.0,1795.0,1967.0,1337.0,1607.0,757.0,1908.0,1070.0,726.0,597.0,592.0,1726.0,1916.0,2142.0,1211.0,1649.0,1816.0,1220.0,1546.0,731.0,1891.0,917.0,568.0,620.0,2078.0,2210.0,2420.0,909.0,1407.0,1612.0,1644.0,2088.0,1320.0,2475.0,1166.0,692.0,1475.0,1593.0,1801.0,664.0,1063.0,1224.0,1091.0,1636.0,1049.0,2112.0,556.0,105.0,281.0,489.0,1777.0,1748.0,1708.0,541.0,927.0,1359.0,1481.0,920.0,1389.0,229.0,1794.0,1686.0,1612.0,791.0,1204.0,1615.0,1747.0,1047.0,1518.0,1954.0,1797.0,1698.0,1017.0,1380.0,1841.0,1898.0,1262.0,1731.0,499.0,711.0,1557.0,2188.0,1705.0,2710.0,970.0,747.0,220.0,1682.0,2351.0,2029.0,2911.0,1150.0,1117.0,1711.0,2384.0,2139.0,2955.0,1224.0,1266.0,673.0,824.0,1247.0,589.0,991.0,869.0,582.0,1225.0,1531.0,1160.0,943.0,958.0,1768.0,2009.0,473.0,2294.0,1887.0,1260.0,1009.0,1914.0,1755.0,1609.0,1178.0,485.0,207.0,700.0,202.0,975.0,1355.0,1772.0,1780.0,908.0,1188.0
R33,Vollblut,409.0,R33_18042026_4.JPG,1088.0,1217.0,1648.0,2149.0,2199.0,2723.0,2423.0,2058.0,2351.0,2537.0,2776.0,2899.0,2973.0,1690.0,1047.0,1322.0,447.0,2138.0,2319.0,819.0,940.0,1080.0,1112.0,1636.0,1377.0,1398.0,1686.0,1924.0,1784.0,2026.0,2155.0,943.0,743.0,237.0,912.0,1203.0,1273.0,478.0,1627.0,1534.0,2012.0,1487.0,843.0,1134.0,1324.0,1711.0,1724.0,1773.0,537.0,170.0,865.0,792.0,1063.0,1393.0,1390.0,1238.0,1658.0,1063.0,461.0,756.0,987.0,1239.0,1258.0,1326.0,67.0,627.0,857.0,1247.0,601.0,980.0,250.0,621.0,814.0,1673.0,1854.0,2095.0,1288.0,1757.0,1963.0,1339.0,1648.0,869.0,1987.0,1099.0,766.0,525.0,564.0,1474.0,1635.0,1871.0,1040.0,1507.0,1715.0,1181.0,1580.0,880.0,1988.0,876.0,517.0,681.0,1791.0,1882.0,2090.0,1002.0,1534.0,1759.0,1594.0,2076.0,1405.0,2510.0,1163.0,719.0,1121.0,1200.0,1412.0,483.0,948.0,1160.0,996.0,1589.0,1146.0,2122.0,501.0,105.0,299.0,527.0,1103.0,937.0,945.0,456.0,1012.0,1295.0,1634.0,628.0,1072.0,250.0,1056.0,752.0,704.0,744.0,1304.0,1569.0,1921.0,759.0,1176.0,1205.0,804.0,685.0,982.0,1494.0,1814.0,2099.0,996.0,1398.0,534.0,759.0,1176.0,1843.0,1566.0,2431.0,652.0,562.0,226.0,1210.0,1883.0,1839.0,2505.0,826.0,993.0,1287.0,1938.0,1983.0,2563.0,977.0,1198.0,681.0,843.0,1296.0,535.0,914.0,834.0,625.0,1192.0,1491.0,1119.0,1013.0,1043.0,1781.0,2020.0,444.0,2112.0,1896.0,1144.0,961.0,1966.0,1716.0,1660.0,1155.0,517.0,249.0,700.0,207.0,970.0,1284.0,1814.0,1700.0,927.0,1200.0
R33,Vollblut,409.0,R33_18042026_5.JPG,1113.0,1084.0,1500.0,2102.0,2147.0,2666.0,2466.0,1840.0,2099.0,2263.0,2886.0,3085.0,3138.0,1581.0,944.0,1306.0,458.0,2103.0,2301.0,815.0,922.0,1010.0,1037.0,1553.0,1396.0,1378.0,1646.0,1880.0,1839.0,2113.0,2213.0,914.0,773.0,196.0,949.0,1143.0,1228.0,435.0,1654.0,1601.0,2047.0,1646.0,765.0,1034.0,1226.0,1993.0,2099.0,2117.0,538.0,140.0,882.0,650.0,1171.0,1503.0,1497.0,1400.0,1777.0,1298.0,456.0,727.0,958.0,1600.0,1672.0,1684.0,121.0,567.0,893.0,1080.0,785.0,1173.0,188.0,619.0,849.0,1862.0,2059.0,2300.0,1265.0,1686.0,1866.0,1408.0,1674.0,838.0,1954.0,1057.0,742.0,521.0,661.0,1737.0,1920.0,2158.0,1084.0,1499.0,1678.0,1302.0,1637.0,850.0,1960.0,892.0,555.0,622.0,2036.0,2168.0,2388.0,852.0,1310.0,1522.0,1665.0,2101.0,1363.0,2461.0,1096.0,652.0,1474.0,1574.0,1784.0,457.0,840.0,1018.0,1177.0,1732.0,1204.0,2172.0,531.0,168.0,277.0,502.0,1664.0,1609.0,1560.0,486.0,903.0,1342.0,1390.0,948.0,1390.0,244.0,1692.0,1560.0,1474.0,740.0,1171.0,1599.0,1645.0,1072.0,1516.0,1864.0,1682.0,1569.0,980.0,1358.0,1839.0,1806.0,1298.0,1737.0,459.0,674.0,1480.0,2095.0,1650.0,2563.0,822.0,620.0,222.0,1561.0,2218.0,1938.0,2717.0,987.0,975.0,1580.0,2244.0,2047.0,2751.0,1070.0,1137.0,663.0,860.0,1173.0,664.0,1055.0,870.0,513.0,1274.0,1583.0,1117.0,983.0,1036.0,1753.0,2013.0,445.0,2146.0,1847.0,1215.0,943.0,1855.0,1667.0,1494.0,1013.0,494.0,218.0,650.0,197.0,935.0,1338.0,1763.0,1708.0,878.0,1113.0
R33,Vollblut,409.0,R33_18042026_6.JPG,976.0,1101.0,1505.0,1985.0,2041.0,2493.0,2252.0,1860.0,2146.0,2332.0,2533.0,2647.0,2709.0,1546.0,955.0,1251.0,411.0,1982.0,2154.0,772.0,902.0,1022.0,1065.0,1516.0,1318.0,1316.0,1599.0,1832.0,1646.0,1853.0,1964.0,885.0,714.0,280.0,870.0,1138.0,1218.0,442.0,1530.0,1451.0,1852.0,1413.0,759.0,1045.0,1239.0,1587.0,1603.0,1636.0,511.0,147.0,823.0,729.0,1034.0,1335.0,1326.0,1188.0,1532.0,1029.0,415.0,703.0,931.0,1156.0,1163.0,1206.0,91.0,577.0,804.0,1158.0,618.0,964.0,242.0,571.0,773.0,1607.0,1788.0,2018.0,1160.0,1552.0,1740.0,1245.0,1558.0,780.0,1883.0,988.0,706.0,451.0,530.0,1426.0,1585.0,1810.0,918.0,1310.0,1500.0,1101.0,1501.0,795.0,1892.0,775.0,466.0,590.0,1687.0,1782.0,1981.0,858.0,1293.0,1500.0,1442.0,1917.0,1245.0,2336.0,995.0,603.0,1114.0,1193.0,1392.0,394.0,783.0,977.0,939.0,1509.0,1044.0,2013.0,430.0,100.0,293.0,516.0,1095.0,947.0,925.0,440.0,906.0,1201.0,1483.0,692.0,1084.0,241.0,1072.0,814.0,735.0,715.0,1192.0,1466.0,1762.0,813.0,1187.0,1222.0,895.0,763.0,951.0,1383.0,1706.0,1938.0,1035.0,1396.0,435.0,642.0,1078.0,1705.0,1383.0,2253.0,560.0,481.0,207.0,1107.0,1740.0,1619.0,2319.0,718.0,847.0,1164.0,1779.0,1747.0,2362.0,853.0,1034.0,638.0,761.0,1212.0,532.0,874.0,814.0,584.0,1148.0,1426.0,1106.0,901.0,943.0,1694.0,1921.0,392.0,2178.0,1841.0,1190.0,936.0,1722.0,1479.0,1325.0,947.0,519.0,233.0,556.0,174.0,952.0,1319.0,1690.0,1768.0,843.0,1021.0
R33,Vollblut,409.0,R33_18042026_3.JPG,1047.0,1063.0,1483.0,2079.0,2001.0,2691.0,2340.0,1874.0,2141.0,2269.0,3066.0,3365.0,3429.0,1580.0,946.0,1259.0,462.0,2027.0,2228.0,772.0,882.0,1068.0,961.0,1651.0,1320.0,1389.0,1656.0,1810.0,2070.0,2429.0,2533.0,915.0,709.0,213.0,931.0,1142.0,1214.0,448.0,1680.0,1501.0,2132.0,1564.0,817.0,1090.0,1227.0,2190.0,2398.0,2429.0,558.0,120.0,853.0,648.0,1086.0,1448.0,1507.0,1294.0,1848.0,1203.0,507.0,775.0,929.0,1769.0,1953.0,1982.0,114.0,549.0,851.0,1091.0,664.0,1092.0,233.0,651.0,818.0,1911.0,2100.0,2244.0,1476.0,1976.0,2161.0,1452.0,1671.0,882.0,1996.0,1195.0,800.0,690.0,629.0,1684.0,1868.0,2012.0,1341.0,1818.0,1990.0,1233.0,1503.0,757.0,1871.0,963.0,592.0,735.0,2135.0,2255.0,2378.0,1050.0,1582.0,1802.0,1762.0,2151.0,1445.0,2553.0,1323.0,810.0,1419.0,1522.0,1643.0,761.0,1198.0,1362.0,1102.0,1613.0,1113.0,2095.0,603.0,116.0,277.0,426.0,1794.0,1835.0,1802.0,496.0,937.0,1351.0,1435.0,816.0,1328.0,156.0,1781.0,1742.0,1676.0,748.0,1210.0,1605.0,1695.0,938.0,1447.0,1849.0,1765.0,1679.0,903.0,1347.0,1761.0,1818.0,1071.0,1572.0,532.0,756.0,1656.0,2263.0,1867.0,2780.0,1107.0,858.0,239.0,1841.0,2489.0,2242.0,3027.0,1338.0,1270.0,1873.0,2527.0,2354.0,3070.0,1409.0,1421.0,655.0,858.0,1198.0,551.0,993.0,817.0,543.0,1165.0,1497.0,1118.0,987.0,1009.0,1696.0,1980.0,514.0,2010.0,1847.0,1158.0,946.0,2077.0,1855.0,1836.0,1255.0,428.0,159.0,772.0,233.0,922.0,1268.0,1795.0,1562.0,913.0,1260.0
R35,Vollblut,490.0,R35_18042026_5.JPG,899.0,1060.0,1396.0,1752.0,1806.0,2287.0,2046.0,1809.0,2077.0,2262.0,2476.0,2643.0,2699.0,1436.0,859.0,1021.0,363.0,1793.0,1974.0,743.0,820.0,883.0,919.0,1398.0,1162.0,1291.0,1563.0,1779.0,1618.0,1850.0,1943.0,823.0,680.0,122.0,810.0,994.0,1088.0,396.0,1421.0,1394.0,1806.0,1342.0,750.0,1017.0,1206.0,1644.0,1692.0,1709.0,454.0,203.0,782.0,731.0,930.0,1283.0,1233.0,1174.0,1525.0,1004.0,472.0,747.0,961.0,1259.0,1297.0,1322.0,63.0,582.0,798.0,1099.0,556.0,955.0,130.0,552.0,668.0,1579.0,1783.0,1992.0,1139.0,1531.0,1695.0,1189.0,1457.0,768.0,1692.0,925.0,618.0,481.0,538.0,1493.0,1686.0,1891.0,1009.0,1402.0,1566.0,1126.0,1448.0,799.0,1721.0,823.0,491.0,592.0,1746.0,1884.0,2066.0,868.0,1314.0,1505.0,1468.0,1886.0,1278.0,2195.0,1049.0,606.0,1162.0,1292.0,1475.0,493.0,864.0,1029.0,942.0,1465.0,1046.0,1871.0,475.0,74.0,277.0,489.0,1230.0,1102.0,1058.0,471.0,953.0,1262.0,1479.0,699.0,1140.0,220.0,1253.0,1027.0,936.0,741.0,1219.0,1529.0,1740.0,866.0,1284.0,1381.0,1094.0,968.0,958.0,1404.0,1747.0,1917.0,1069.0,1473.0,447.0,642.0,1196.0,1802.0,1508.0,2262.0,717.0,561.0,198.0,1243.0,1877.0,1756.0,2381.0,860.0,917.0,1273.0,1902.0,1856.0,2419.0,950.0,1077.0,634.0,791.0,1146.0,493.0,894.0,748.0,528.0,1086.0,1402.0,925.0,906.0,972.0,1555.0,1801.0,444.0,2170.0,1771.0,1175.0,959.0,1693.0,1563.0,1401.0,1025.0,488.0,212.0,573.0,162.0,950.0,1355.0,1725.0,1808.0,879.0,1076.0
R01,Warmblut,526.0,R01_080226_4.JPG,1156.0,1100.0,1500.0,2059.0,1964.0,2609.0,2284.0,1820.0,2089.0,2224.0,2764.0,2924.0,2973.0,1587.0,978.0,1355.0,461.0,1994.0,2125.0,760.0,859.0,910.0,808.0,1453.0,1200.0,1332.0,1628.0,1857.0,1711.0,1978.0,2082.0,859.0,752.0,205.0,974.0,1025.0,1039.0,412.0,1476.0,1326.0,1870.0,1364.0,744.0,1035.0,1218.0,1774.0,1857.0,1887.0,515.0,124.0,813.0,671.0,994.0,1226.0,1307.0,1146.0,1592.0,1019.0,473.0,768.0,1000.0,1384.0,1445.0,1477.0,117.0,535.0,809.0,1082.0,619.0,901.0,162.0,597.0,751.0,1696.0,1926.0,2180.0,1196.0,1623.0,1795.0,1223.0,1527.0,732.0,1873.0,946.0,670.0,649.0,647.0,1534.0,1767.0,2021.0,1126.0,1528.0,1691.0,1061.0,1383.0,616.0,1752.0,795.0,543.0,652.0,1867.0,2026.0,2270.0,838.0,1317.0,1517.0,1484.0,1949.0,1255.0,2371.0,1040.0,709.0,1228.0,1375.0,1618.0,517.0,882.0,1046.0,903.0,1465.0,1000.0,1960.0,413.0,161.0,300.0,527.0,1439.0,1339.0,1304.0,502.0,857.0,1277.0,1366.0,826.0,1160.0,255.0,1485.0,1285.0,1206.0,782.0,1143.0,1563.0,1630.0,1006.0,1337.0,1691.0,1440.0,1331.0,1025.0,1315.0,1803.0,1763.0,1258.0,1587.0,480.0,682.0,1269.0,1887.0,1514.0,2411.0,783.0,673.0,205.0,1345.0,1979.0,1799.0,2524.0,959.0,1008.0,1386.0,2011.0,1913.0,2558.0,1058.0,1158.0,635.0,781.0,1180.0,502.0,788.0,836.0,547.0,1104.0,1322.0,1141.0,857.0,841.0,1628.0,1807.0,335.0,2076.0,1827.0,1213.0,975.0,1793.0,1679.0,1461.0,1042.0,511.0,210.0,641.0,181.0,968.0,1299.0,1729.0,1648.0,937.0,1136.0
R01,Warmblut,526.0,R01_080226_5.JPG,1216.0,1263.0,1722.0,2266.0,2294.0,2801.0,2505.0,2100.0,2391.0,2526.0,3086.0,3300.0,3329.0,1810.0,1098.0,1468.0,559.0,2175.0,2375.0,840.0,985.0,1060.0,1079.0,1586.0,1345.0,1477.0,1795.0,2024.0,1970.0,2275.0,2366.0,992.0,806.0,259.0,1011.0,1158.0,1223.0,482.0,1623.0,1574.0,1964.0,1494.0,844.0,1150.0,1323.0,1962.0,2092.0,2091.0,592.0,165.0,888.0,742.0,1030.0,1364.0,1416.0,1333.0,1629.0,1097.0,492.0,811.0,1042.0,1499.0,1610.0,1613.0,125.0,643.0,896.0,1221.0,584.0,977.0,138.0,604.0,756.0,1789.0,2031.0,2297.0,1340.0,1791.0,1978.0,1325.0,1682.0,831.0,2048.0,1067.0,731.0,524.0,618.0,1684.0,1916.0,2182.0,1208.0,1654.0,1841.0,1235.0,1646.0,835.0,2043.0,948.0,596.0,585.0,1867.0,2032.0,2289.0,902.0,1389.0,1616.0,1512.0,2062.0,1333.0,2513.0,1107.0,671.0,1286.0,1448.0,1706.0,646.0,1050.0,1225.0,974.0,1617.0,1089.0,2131.0,536.0,133.0,321.0,553.0,1481.0,1436.0,1365.0,512.0,1005.0,1380.0,1558.0,764.0,1198.0,265.0,1507.0,1356.0,1232.0,817.0,1306.0,1688.0,1841.0,969.0,1382.0,1718.0,1511.0,1352.0,1063.0,1468.0,1933.0,1968.0,1235.0,1644.0,488.0,725.0,1377.0,2108.0,1721.0,2662.0,934.0,752.0,253.0,1504.0,2251.0,2043.0,2827.0,1136.0,1124.0,1519.0,2255.0,2148.0,2833.0,1209.0,1280.0,748.0,872.0,1323.0,459.0,855.0,902.0,578.0,1174.0,1485.0,1217.0,949.0,970.0,1731.0,1998.0,436.0,2292.0,2021.0,1291.0,1036.0,1972.0,1834.0,1590.0,1216.0,544.0,225.0,690.0,208.0,1036.0,1411.0,1901.0,1772.0,1018.0,1249.0
R01,Warmblut,526.0,R01_080226_6.JPG,1176.0,1081.0,1550.0,2246.0,2277.0,2781.0,2426.0,1932.0,2225.0,2365.0,3024.0,3221.0,3261.0,1655.0,962.0,1399.0,405.0,2067.0,2304.0,831.0,952.0,1072.0,1101.0,1612.0,1334.0,1452.0,1781.0,2009.0,1991.0,2293.0,2403.0,968.0,796.0,233.0,1081.0,1142.0,1223.0,483.0,1670.0,1640.0,2041.0,1544.0,863.0,1175.0,1352.0,2045.0,2175.0,2193.0,603.0,119.0,894.0,728.0,1074.0,1419.0,1455.0,1392.0,1703.0,1147.0,501.0,832.0,1057.0,1582.0,1692.0,1713.0,130.0,595.0,890.0,1210.0,626.0,1027.0,131.0,617.0,755.0,1814.0,2067.0,2318.0,1365.0,1818.0,2024.0,1369.0,1699.0,864.0,2133.0,1084.0,745.0,532.0,626.0,1726.0,1968.0,2218.0,1236.0,1688.0,1894.0,1297.0,1678.0,881.0,2141.0,980.0,621.0,610.0,1922.0,2096.0,2333.0,928.0,1420.0,1664.0,1587.0,2099.0,1383.0,2613.0,1148.0,703.0,1315.0,1487.0,1726.0,678.0,1082.0,1273.0,1022.0,1622.0,1105.0,2192.0,549.0,126.0,332.0,560.0,1539.0,1498.0,1445.0,502.0,981.0,1376.0,1552.0,776.0,1220.0,252.0,1570.0,1422.0,1314.0,821.0,1292.0,1696.0,1834.0,990.0,1411.0,1755.0,1551.0,1406.0,1060.0,1463.0,1935.0,1966.0,1239.0,1655.0,493.0,745.0,1453.0,2142.0,1768.0,2747.0,972.0,773.0,263.0,1574.0,2285.0,2087.0,2901.0,1171.0,1143.0,1606.0,2308.0,2210.0,2921.0,1262.0,1316.0,710.0,875.0,1326.0,497.0,903.0,890.0,616.0,1170.0,1495.0,1269.0,958.0,997.0,1776.0,2066.0,446.0,2100.0,2007.0,1303.0,1056.0,2009.0,1880.0,1645.0,1254.0,555.0,226.0,719.0,230.0,1044.0,1399.0,1912.0,1717.0,1034.0,1270.0
R01,Warmblut,526.0,R01_080226_1.JPG,1280.0,1282.0,1723.0,2304.0,2302.0,2881.0,2581.0,2166.0,2449.0,2658.0,2985.0,3138.0,3190.0,1782.0,1134.0,1487.0,470.0,2241.0,2445.0,867.0,976.0,1028.0,1022.0,1604.0,1380.0,1638.0,1962.0,2257.0,1832.0,2105.0,2223.0,1001.0,835.0,213.0,1148.0,1187.0,1245.0,463.0,1614.0,1547.0,2002.0,1518.0,925.0,1237.0,1497.0,1831.0,1895.0,1924.0,526.0,148.0,909.0,872.0,1066.0,1398.0,1396.0,1303.0,1662.0,1116.0,666.0,988.0,1288.0,1383.0,1433.0,1469.0,64.0,605.0,911.0,1332.0,628.0,1010.0,123.0,639.0,799.0,1960.0,2231.0,2537.0,1241.0,1688.0,1886.0,1369.0,1664.0,835.0,2158.0,1055.0,728.0,595.0,680.0,1852.0,2118.0,2422.0,1130.0,1570.0,1766.0,1273.0,1606.0,819.0,2132.0,936.0,606.0,626.0,2071.0,2277.0,2560.0,859.0,1355.0,1582.0,1615.0,2087.0,1395.0,2678.0,1115.0,677.0,1452.0,1652.0,1935.0,475.0,890.0,1089.0,1061.0,1629.0,1174.0,2297.0,512.0,137.0,325.0,622.0,1516.0,1335.0,1263.0,655.0,1060.0,1577.0,1715.0,961.0,1396.0,308.0,1629.0,1352.0,1226.0,973.0,1368.0,1896.0,1989.0,1195.0,1617.0,1870.0,1538.0,1379.0,1276.0,1618.0,2198.0,2191.0,1494.0,1908.0,496.0,724.0,1320.0,1959.0,1631.0,2663.0,765.0,599.0,231.0,1370.0,2037.0,1925.0,2764.0,925.0,979.0,1408.0,2070.0,2054.0,2795.0,1037.0,1165.0,668.0,924.0,1394.0,568.0,958.0,911.0,727.0,1194.0,1505.0,1324.0,1018.0,1040.0,1901.0,2165.0,437.0,2683.0,2180.0,1523.0,1210.0,1895.0,1779.0,1408.0,1087.0,582.0,257.0,626.0,181.0,1173.0,1654.0,2047.0,2203.0,1025.0,1183.0
R01,Warmblut,526.0,R01_080226_2.JPG,1294.0,1152.0,1591.0,2272.0,2278.0,2831.0,2488.0,1996.0,2248.0,2437.0,2886.0,3009.0,3065.0,1664.0,1008.0,1456.0,440.0,2141.0,2370.0,848.0,944.0,978.0,991.0,1559.0,1329.0,1601.0,1910.0,2181.0,1788.0,2063.0,2192.0,976.0,822.0,172.0,1187.0,1145.0,1206.0,448.0,1562.0,1506.0,1957.0,1476.0,913.0,1206.0,1449.0,1804.0,1868.0,1914.0,523.0,145.0,889.0,782.0,1054.0,1373.0,1349.0,1262.0,1625.0,1086.0,660.0,967.0,1242.0,1370.0,1421.0,1475.0,75.0,588.0,899.0,1230.0,631.0,996.0,134.0,640.0,774.0,1903.0,2168.0,2442.0,1214.0,1661.0,1858.0,1322.0,1614.0,818.0,2128.0,1002.0,702.0,577.0,641.0,1795.0,2053.0,2326.0,1087.0,1528.0,1725.0,1230.0,1569.0,824.0,2109.0,879.0,569.0,612.0,2018.0,2222.0,2472.0,827.0,1328.0,1548.0,1573.0,2044.0,1388.0,2629.0,1067.0,652.0,1410.0,1610.0,1861.0,477.0,887.0,1085.0,1023.0,1587.0,1165.0,2215.0,475.0,123.0,309.0,582.0,1491.0,1307.0,1257.0,642.0,1045.0,1558.0,1571.0,957.0,1369.0,280.0,1609.0,1331.0,1231.0,946.0,1332.0,1865.0,1814.0,1188.0,1587.0,1816.0,1484.0,1349.0,1223.0,1567.0,2141.0,1998.0,1455.0,1846.0,501.0,723.0,1298.0,1931.0,1628.0,2575.0,752.0,592.0,222.0,1347.0,2008.0,1921.0,2648.0,922.0,974.0,1403.0,2058.0,2059.0,2686.0,1048.0,1162.0,662.0,920.0,1304.0,563.0,938.0,890.0,646.0,1179.0,1479.0,1322.0,1011.0,1043.0,1823.0,2103.0,414.0,2401.0,2115.0,1471.0,1181.0,1872.0,1739.0,1404.0,1089.0,551.0,245.0,641.0,188.0,1135.0,1594.0,2019.0,1962.0,1023.0,1179.0
R04,G-Pony,435.0,R04_080226_1.JPG,1078.0,1228.0,1653.0,2004.0,2004.0,2615.0,2357.0,2084.0,2384.0,2548.0,2967.0,3226.0,3260.0,1728.0,1103.0,1298.0,510.0,2082.0,2207.0,738.0,885.0,998.0,968.0,1568.0,1280.0,1413.0,1728.0,1953.0,1900.0,2199.0,2265.0,872.0,695.0,222.0,883.0,1061.0,1130.0,464.0,1561.0,1485.0,1997.0,1514.0,858.0,1165.0,1350.0,1996.0,2137.0,2126.0,586.0,125.0,829.0,758.0,1074.0,1373.0,1401.0,1299.0,1713.0,1161.0,529.0,843.0,1071.0,1569.0,1678.0,1662.0,154.0,581.0,854.0,1211.0,672.0,1039.0,124.0,631.0,722.0,1834.0,2084.0,2333.0,1322.0,1771.0,1928.0,1278.0,1579.0,794.0,1880.0,981.0,658.0,611.0,609.0,1720.0,1966.0,2214.0,1225.0,1664.0,1815.0,1171.0,1511.0,754.0,1849.0,859.0,537.0,611.0,2021.0,2202.0,2440.0,919.0,1413.0,1615.0,1564.0,2045.0,1349.0,2443.0,1101.0,688.0,1418.0,1592.0,1829.0,648.0,1057.0,1206.0,1007.0,1585.0,1064.0,2083.0,507.0,151.0,317.0,543.0,1625.0,1572.0,1485.0,586.0,982.0,1378.0,1599.0,921.0,1336.0,249.0,1681.0,1533.0,1403.0,882.0,1286.0,1684.0,1891.0,1127.0,1533.0,1876.0,1678.0,1523.0,1123.0,1466.0,1921.0,2046.0,1372.0,1776.0,494.0,705.0,1422.0,2090.0,1693.0,2648.0,926.0,784.0,231.0,1553.0,2247.0,2012.0,2852.0,1146.0,1164.0,1551.0,2241.0,2091.0,2861.0,1204.0,1294.0,694.0,803.0,1310.0,519.0,887.0,817.0,634.0,1164.0,1441.0,1096.0,890.0,917.0,1731.0,1932.0,414.0,2479.0,1926.0,1345.0,1047.0,1919.0,1801.0,1580.0,1198.0,526.0,209.0,667.0,180.0,1055.0,1456.0,1845.0,1971.0,1033.0,1265.0
R04,G-Pony,435.0,R04_080226_2.JPG,900.0,977.0,1347.0,1787.0,1758.0,2338.0,2063.0,1673.0,1926.0,2050.0,2624.0,2835.0,2878.0,1418.0,830.0,1102.0,366.0,1766.0,1912.0,707.0,814.0,918.0,870.0,1444.0,1179.0,1215.0,1483.0,1665.0,1762.0,2030.0,2110.0,781.0,615.0,202.0,759.0,957.0,1028.0,404.0,1458.0,1364.0,1851.0,1396.0,696.0,955.0,1094.0,1849.0,1962.0,1970.0,526.0,152.0,788.0,623.0,977.0,1261.0,1304.0,1188.0,1590.0,1077.0,401.0,670.0,852.0,1470.0,1560.0,1566.0,160.0,527.0,793.0,1011.0,626.0,961.0,131.0,585.0,681.0,1614.0,1820.0,2024.0,1236.0,1646.0,1805.0,1165.0,1434.0,732.0,1677.0,897.0,608.0,582.0,571.0,1490.0,1692.0,1895.0,1146.0,1543.0,1695.0,1046.0,1350.0,674.0,1622.0,767.0,485.0,571.0,1797.0,1938.0,2131.0,853.0,1309.0,1504.0,1431.0,1865.0,1244.0,2185.0,1011.0,640.0,1238.0,1368.0,1560.0,605.0,974.0,1125.0,917.0,1444.0,984.0,1839.0,461.0,152.0,271.0,452.0,1477.0,1444.0,1397.0,474.0,846.0,1184.0,1315.0,786.0,1159.0,204.0,1499.0,1382.0,1297.0,724.0,1106.0,1444.0,1565.0,947.0,1313.0,1651.0,1489.0,1379.0,920.0,1246.0,1636.0,1684.0,1147.0,1511.0,457.0,660.0,1326.0,1929.0,1575.0,2367.0,879.0,747.0,213.0,1443.0,2069.0,1862.0,2539.0,1078.0,1089.0,1466.0,2087.0,1953.0,2566.0,1153.0,1224.0,626.0,721.0,1100.0,468.0,801.0,729.0,485.0,1050.0,1302.0,948.0,803.0,834.0,1492.0,1690.0,373.0,1908.0,1677.0,1066.0,856.0,1777.0,1653.0,1510.0,1102.0,452.0,182.0,650.0,191.0,901.0,1213.0,1626.0,1559.0,928.0,1165.0
R04,G-Pony,435.0,R04_080226_3.JPG,971.0,1119.0,1513.0,2059.0,2148.0,2562.0,2381.0,1991.0,2333.0,2530.0,2700.0,2897.0,3021.0,1606.0,993.0,1147.0,399.0,1979.0,2203.0,832.0,897.0,1103.0,1179.0,1591.0,1441.0,1441.0,1778.0,2030.0,1799.0,2081.0,2246.0,946.0,763.0,175.0,892.0,1139.0,1260.0,477.0,1659.0,1649.0,1979.0,1598.0,876.0,1215.0,1413.0,1798.0,1874.0,1962.0,582.0,127.0,886.0,758.0,1062.0,1452.0,1367.0,1314.0,1588.0,1153.0,545.0,888.0,1134.0,1324.0,1408.0,1513.0,105.0,574.0,855.0,1195.0,596.0,1024.0,183.0,563.0,783.0,1720.0,1939.0,2205.0,1205.0,1673.0,1902.0,1320.0,1663.0,934.0,1986.0,1025.0,671.0,422.0,605.0,1619.0,1815.0,2077.0,1023.0,1497.0,1728.0,1255.0,1668.0,1005.0,2043.0,906.0,508.0,556.0,1782.0,1908.0,2151.0,863.0,1368.0,1604.0,1511.0,2015.0,1415.0,2438.0,1069.0,592.0,1251.0,1354.0,1595.0,427.0,893.0,1125.0,1060.0,1660.0,1275.0,2179.0,572.0,181.0,348.0,589.0,1237.0,1119.0,1147.0,502.0,1001.0,1388.0,1634.0,721.0,1192.0,270.0,1226.0,968.0,929.0,833.0,1341.0,1714.0,1969.0,914.0,1341.0,1422.0,1088.0,991.0,1089.0,1540.0,1974.0,2153.0,1181.0,1595.0,504.0,741.0,1220.0,1883.0,1643.0,2457.0,742.0,586.0,237.0,1306.0,1981.0,1946.0,2601.0,943.0,1013.0,1416.0,2076.0,2121.0,2706.0,1112.0,1236.0,678.0,886.0,1295.0,497.0,938.0,840.0,636.0,1142.0,1507.0,1053.0,1009.0,1094.0,1718.0,2009.0,478.0,2377.0,2034.0,1345.0,1136.0,1902.0,1723.0,1514.0,1117.0,590.0,253.0,700.0,225.0,1088.0,1466.0,1969.0,1977.0,1034.0,1239.0
R06,Warmblut,573.0,R06_080226_1.JPG,1398.0,1425.0,1892.0,2464.0,2485.0,3089.0,2748.0,2302.0,2578.0,2765.0,3285.0,3429.0,3498.0,1947.0,1287.0,1645.0,536.0,2376.0,2591.0,868.0,975.0,1087.0,1094.0,1693.0,1393.0,1496.0,1786.0,2048.0,1965.0,2211.0,2339.0,955.0,832.0,248.0,1157.0,1143.0,1228.0,497.0,1707.0,1658.0,2153.0,1590.0,882.0,1168.0,1383.0,2023.0,2064.0,2103.0,577.0,138.0,945.0,926.0,1098.0,1473.0,1469.0,1392.0,1796.0,1163.0,522.0,814.0,1074.0,1544.0,1568.0,1612.0,101.0,626.0,919.0,1414.0,639.0,1074.0,121.0,659.0,805.0,1845.0,2050.0,2317.0,1330.0,1770.0,1981.0,1381.0,1744.0,860.0,2240.0,1061.0,685.0,609.0,684.0,1748.0,1945.0,2211.0,1216.0,1650.0,1861.0,1300.0,1704.0,856.0,2236.0,953.0,564.0,709.0,2027.0,2154.0,2392.0,952.0,1460.0,1700.0,1695.0,2220.0,1449.0,2817.0,1213.0,733.0,1326.0,1445.0,1685.0,588.0,970.0,1177.0,1062.0,1684.0,1155.0,2383.0,534.0,169.0,296.0,552.0,1515.0,1367.0,1334.0,551.0,1019.0,1426.0,1787.0,822.0,1301.0,274.0,1519.0,1273.0,1191.0,833.0,1303.0,1703.0,2056.0,994.0,1451.0,1694.0,1379.0,1251.0,1100.0,1513.0,1973.0,2235.0,1257.0,1704.0,511.0,755.0,1452.0,2136.0,1732.0,2884.0,931.0,756.0,244.0,1495.0,2192.0,2003.0,2976.0,1075.0,1118.0,1551.0,2236.0,2145.0,3026.0,1196.0,1313.0,700.0,875.0,1482.0,540.0,973.0,944.0,791.0,1207.0,1559.0,1382.0,953.0,988.0,1956.0,2238.0,481.0,2487.0,2045.0,1331.0,1073.0,1981.0,1860.0,1624.0,1176.0,551.0,260.0,695.0,218.0,1090.0,1443.0,1943.0,1979.0,1054.0,1304.0
R06,Warmblut,573.0,R06_080226_3.JPG,1282.0,1301.0,1742.0,2340.0,2273.0,2942.0,2596.0,2147.0,2419.0,2605.0,3145.0,3297.0,3360.0,1803.0,1185.0,1503.0,557.0,2223.0,2425.0,793.0,931.0,1085.0,1002.0,1665.0,1355.0,1412.0,1689.0,1942.0,1933.0,2175.0,2290.0,909.0,767.0,221.0,1002.0,1095.0,1174.0,455.0,1664.0,1540.0,2106.0,1524.0,852.0,1133.0,1343.0,1987.0,2048.0,2084.0,540.0,116.0,870.0,767.0,1046.0,1399.0,1488.0,1350.0,1819.0,1153.0,484.0,768.0,1014.0,1561.0,1594.0,1630.0,114.0,568.0,896.0,1219.0,643.0,1062.0,142.0,635.0,831.0,1809.0,1996.0,2249.0,1337.0,1767.0,1965.0,1390.0,1699.0,882.0,2083.0,1073.0,695.0,671.0,724.0,1667.0,1855.0,2109.0,1260.0,1671.0,1862.0,1250.0,1580.0,790.0,1990.0,933.0,574.0,763.0,2006.0,2117.0,2341.0,992.0,1481.0,1708.0,1707.0,2166.0,1448.0,2636.0,1238.0,772.0,1259.0,1355.0,1579.0,589.0,950.0,1138.0,1040.0,1609.0,1146.0,2183.0,518.0,188.0,286.0,530.0,1492.0,1374.0,1345.0,509.0,966.0,1356.0,1599.0,772.0,1238.0,263.0,1473.0,1263.0,1190.0,781.0,1245.0,1621.0,1867.0,926.0,1372.0,1627.0,1348.0,1231.0,1036.0,1451.0,1880.0,2048.0,1177.0,1611.0,492.0,722.0,1457.0,2086.0,1728.0,2699.0,944.0,777.0,231.0,1510.0,2158.0,1994.0,2803.0,1089.0,1122.0,1558.0,2197.0,2121.0,2848.0,1196.0,1300.0,648.0,848.0,1294.0,531.0,948.0,872.0,652.0,1143.0,1476.0,1201.0,931.0,962.0,1759.0,2028.0,466.0,2307.0,1943.0,1278.0,1013.0,1963.0,1850.0,1655.0,1131.0,530.0,253.0,679.0,209.0,1035.0,1367.0,1868.0,1803.0,1014.0,1277.0
R06,Warmblut,573.0,R06_080226_2.JPG,1096.0,1287.0,1651.0,2097.0,2166.0,2630.0,2389.0,2117.0,2394.0,2604.0,2853.0,3020.0,3099.0,1728.0,1136.0,1260.0,413.0,2110.0,2277.0,863.0,905.0,1021.0,1078.0,1537.0,1316.0,1478.0,1748.0,2012.0,1808.0,2046.0,2169.0,964.0,842.0,164.0,1001.0,1131.0,1201.0,453.0,1585.0,1579.0,1941.0,1483.0,830.0,1107.0,1326.0,1814.0,1856.0,1890.0,522.0,162.0,889.0,927.0,1045.0,1397.0,1301.0,1266.0,1567.0,1063.0,573.0,843.0,1106.0,1363.0,1411.0,1461.0,77.0,606.0,847.0,1334.0,601.0,991.0,123.0,560.0,693.0,1733.0,1912.0,2179.0,1180.0,1582.0,1781.0,1299.0,1655.0,869.0,2018.0,963.0,616.0,468.0,576.0,1669.0,1835.0,2098.0,1057.0,1463.0,1664.0,1257.0,1660.0,920.0,2066.0,880.0,506.0,574.0,1854.0,1962.0,2200.0,846.0,1298.0,1522.0,1538.0,2044.0,1376.0,2513.0,1047.0,598.0,1285.0,1388.0,1629.0,521.0,891.0,1089.0,1020.0,1608.0,1155.0,2194.0,491.0,115.0,281.0,534.0,1372.0,1230.0,1188.0,521.0,985.0,1418.0,1751.0,811.0,1260.0,274.0,1367.0,1136.0,1046.0,784.0,1259.0,1678.0,2022.0,955.0,1384.0,1549.0,1253.0,1119.0,1051.0,1470.0,1947.0,2219.0,1218.0,1635.0,454.0,680.0,1300.0,1960.0,1652.0,2620.0,775.0,632.0,228.0,1337.0,2015.0,1904.0,2737.0,920.0,982.0,1384.0,2051.0,2035.0,2795.0,1039.0,1171.0,678.0,897.0,1410.0,547.0,954.0,898.0,767.0,1187.0,1518.0,1150.0,996.0,1040.0,1853.0,2087.0,450.0,2519.0,2004.0,1309.0,1101.0,1784.0,1663.0,1418.0,1089.0,533.0,255.0,610.0,195.0,1038.0,1433.0,1914.0,2105.0,972.0,1177.0
R06,Warmblut,573.0,R06_080226_5.JPG,1211.0,1268.0,1661.0,2169.0,2301.0,2598.0,2421.0,2114.0,2416.0,2623.0,2763.0,2914.0,3008.0,1729.0,1133.0,1326.0,513.0,2116.0,2300.0,834.0,886.0,977.0,1092.0,1388.0,1245.0,1481.0,1804.0,2071.0,1623.0,1872.0,2013.0,889.0,762.0,115.0,992.0,1038.0,1117.0,442.0,1577.0,1596.0,1842.0,1457.0,853.0,1167.0,1400.0,1691.0,1725.0,1786.0,532.0,139.0,870.0,779.0,1037.0,1373.0,1334.0,1303.0,1510.0,1064.0,595.0,918.0,1185.0,1260.0,1285.0,1355.0,96.0,551.0,863.0,1200.0,622.0,1002.0,209.0,472.0,705.0,1801.0,2054.0,2321.0,1091.0,1519.0,1718.0,1264.0,1575.0,868.0,1962.0,927.0,604.0,298.0,522.0,1717.0,1949.0,2210.0,891.0,1331.0,1534.0,1223.0,1612.0,978.0,2055.0,817.0,441.0,542.0,1854.0,2050.0,2297.0,798.0,1266.0,1474.0,1422.0,1871.0,1274.0,2341.0,951.0,532.0,1328.0,1510.0,1756.0,410.0,814.0,1014.0,970.0,1516.0,1137.0,2078.0,451.0,134.0,327.0,590.0,1343.0,1150.0,1125.0,607.0,992.0,1456.0,1612.0,907.0,1322.0,274.0,1439.0,1144.0,1060.0,921.0,1306.0,1775.0,1907.0,1133.0,1529.0,1646.0,1299.0,1179.0,1193.0,1537.0,2045.0,2110.0,1396.0,1784.0,470.0,678.0,1165.0,1775.0,1519.0,2382.0,663.0,542.0,209.0,1202.0,1835.0,1782.0,2479.0,834.0,926.0,1281.0,1905.0,1929.0,2555.0,980.0,1120.0,634.0,854.0,1278.0,526.0,910.0,813.0,652.0,1114.0,1424.0,1096.0,950.0,1007.0,1720.0,1968.0,419.0,2693.0,2021.0,1447.0,1153.0,1718.0,1506.0,1327.0,1008.0,575.0,242.0,592.0,185.0,1123.0,1590.0,1955.0,2163.0,999.0,1135.0
R07,Vollblut,487.0,R07_080226_2.JPG,1108.0,1145.0,1691.0,2178.0,2077.0,2808.0,2437.0,2124.0,2419.0,2581.0,3068.0,3318.0,3399.0,1770.0,1028.0,1342.0,539.0,2101.0,2329.0,786.0,1009.0,1123.0,994.0,1709.0,1346.0,1536.0,1840.0,2061.0,2001.0,2318.0,2445.0,981.0,733.0,235.0,871.0,1129.0,1243.0,564.0,1755.0,1584.0,2180.0,1608.0,983.0,1284.0,1464.0,2129.0,2275.0,2315.0,680.0,119.0,910.0,621.0,1104.0,1497.0,1624.0,1436.0,1877.0,1221.0,526.0,832.0,1052.0,1637.0,1728.0,1754.0,172.0,673.0,999.0,1181.0,634.0,1119.0,189.0,701.0,844.0,2042.0,2274.0,2512.0,1435.0,1925.0,2151.0,1481.0,1753.0,902.0,1993.0,1212.0,828.0,741.0,714.0,1854.0,2088.0,2326.0,1348.0,1815.0,2029.0,1293.0,1589.0,764.0,1856.0,1030.0,680.0,698.0,2158.0,2314.0,2536.0,957.0,1486.0,1747.0,1708.0,2211.0,1474.0,2547.0,1293.0,776.0,1462.0,1619.0,1843.0,676.0,1105.0,1314.0,1048.0,1664.0,1129.0,2076.0,605.0,112.0,309.0,526.0,1676.0,1600.0,1545.0,594.0,1101.0,1517.0,1590.0,872.0,1384.0,239.0,1714.0,1540.0,1434.0,879.0,1403.0,1810.0,1882.0,1069.0,1556.0,1891.0,1664.0,1524.0,1112.0,1581.0,2041.0,2042.0,1305.0,1784.0,528.0,793.0,1476.0,2206.0,1794.0,2664.0,1025.0,766.0,273.0,1594.0,2370.0,2136.0,2862.0,1218.0,1165.0,1640.0,2418.0,2280.0,2920.0,1320.0,1360.0,779.0,932.0,1280.0,464.0,947.0,883.0,508.0,1184.0,1552.0,1093.0,983.0,1030.0,1658.0,1964.0,517.0,2442.0,2054.0,1436.0,1047.0,2143.0,2003.0,1715.0,1298.0,522.0,214.0,767.0,244.0,1076.0,1547.0,1999.0,1932.0,1070.0,1322.0
R07,Vollblut,487.0,R07_080226_5.JPG,1033.0,1174.0,1506.0,2056.0,2031.0,2664.0,2372.0,1914.0,2230.0,2418.0,2849.0,3065.0,3174.0,1581.0,974.0,1186.0,432.0,1956.0,2217.0,857.0,959.0,1064.0,1010.0,1638.0,1360.0,1553.0,1885.0,2122.0,1864.0,2141.0,2296.0,925.0,796.0,153.0,1002.0,1067.0,1209.0,361.0,1716.0,1582.0,2115.0,1591.0,776.0,1111.0,1330.0,1940.0,2039.0,2096.0,487.0,202.0,905.0,822.0,994.0,1441.0,1599.0,1436.0,1899.0,1318.0,603.0,929.0,1169.0,1615.0,1686.0,1736.0,159.0,555.0,949.0,1177.0,685.0,1179.0,201.0,661.0,830.0,2151.0,2425.0,2664.0,1330.0,1757.0,1999.0,1468.0,1748.0,924.0,2065.0,1149.0,782.0,633.0,648.0,1973.0,2239.0,2477.0,1166.0,1580.0,1816.0,1298.0,1632.0,860.0,1999.0,953.0,587.0,666.0,2352.0,2564.0,2785.0,935.0,1391.0,1660.0,1745.0,2197.0,1486.0,2615.0,1274.0,753.0,1710.0,1904.0,2122.0,538.0,932.0,1169.0,1159.0,1713.0,1212.0,2226.0,646.0,157.0,337.0,570.0,1852.0,1769.0,1725.0,695.0,956.0,1551.0,1514.0,1078.0,1601.0,243.0,1960.0,1799.0,1704.0,1002.0,1286.0,1877.0,1820.0,1306.0,1813.0,2141.0,1941.0,1819.0,1245.0,1495.0,2118.0,1999.0,1538.0,2037.0,456.0,725.0,1463.0,2094.0,1723.0,2657.0,948.0,667.0,271.0,1553.0,2218.0,2013.0,2819.0,1109.0,1024.0,1619.0,2285.0,2177.0,2899.0,1236.0,1243.0,667.0,890.0,1280.0,528.0,1021.0,876.0,622.0,1147.0,1559.0,1143.0,960.0,1063.0,1724.0,2068.0,524.0,2405.0,2004.0,1316.0,1076.0,1999.0,1812.0,1593.0,1168.0,541.0,207.0,695.0,249.0,1083.0,1493.0,1945.0,1976.0,1032.0,1228.0
R07,Vollblut,487.0,R07_080226_3.JPG,1136.0,1226.0,1683.0,2171.0,2322.0,2707.0,2522.0,2156.0,2418.0,2580.0,2966.0,3183.0,3262.0,1792.0,1040.0,1272.0,500.0,2110.0,2366.0,842.0,982.0,1073.0,1195.0,1574.0,1412.0,1558.0,1828.0,2054.0,1880.0,2165.0,2293.0,994.0,782.0,136.0,997.0,1124.0,1256.0,492.0,1711.0,1727.0,2033.0,1630.0,934.0,1201.0,1382.0,1973.0,2077.0,2110.0,636.0,185.0,889.0,774.0,1055.0,1489.0,1530.0,1476.0,1717.0,1235.0,576.0,847.0,1072.0,1519.0,1589.0,1618.0,163.0,665.0,958.0,1258.0,613.0,1113.0,254.0,609.0,855.0,1980.0,2183.0,2429.0,1308.0,1751.0,1973.0,1419.0,1738.0,947.0,2068.0,1151.0,777.0,392.0,622.0,1871.0,2053.0,2295.0,1058.0,1509.0,1737.0,1347.0,1780.0,1061.0,2170.0,1016.0,569.0,590.0,2025.0,2166.0,2398.0,865.0,1342.0,1593.0,1570.0,2107.0,1439.0,2533.0,1169.0,638.0,1459.0,1583.0,1812.0,492.0,899.0,1118.0,1075.0,1743.0,1282.0,2252.0,634.0,157.0,274.0,497.0,1569.0,1461.0,1395.0,599.0,1118.0,1530.0,1685.0,863.0,1386.0,246.0,1612.0,1421.0,1309.0,852.0,1383.0,1794.0,1940.0,1038.0,1534.0,1804.0,1566.0,1420.0,1091.0,1559.0,2027.0,2091.0,1282.0,1769.0,477.0,732.0,1357.0,2110.0,1755.0,2657.0,918.0,636.0,261.0,1441.0,2238.0,2052.0,2818.0,1074.0,1011.0,1483.0,2281.0,2189.0,2870.0,1174.0,1211.0,799.0,947.0,1387.0,451.0,957.0,854.0,593.0,1197.0,1596.0,1121.0,1029.0,1127.0,1759.0,2098.0,534.0,2495.0,2033.0,1375.0,1059.0,1981.0,1742.0,1543.0,1122.0,486.0,211.0,692.0,228.0,1036.0,1543.0,1980.0,1995.0,1003.0,1210.0
R07,Vollblut,487.0,R07_080226_4.JPG,1184.0,1235.0,1709.0,2208.0,2184.0,2726.0,2584.0,2148.0,2448.0,2678.0,2909.0,3117.0,3242.0,1766.0,1116.0,1343.0,542.0,2158.0,2387.0,790.0,989.0,1064.0,1011.0,1550.0,1424.0,1650.0,1981.0,2262.0,1772.0,2050.0,2222.0,972.0,796.0,159.0,977.0,1109.0,1228.0,484.0,1666.0,1541.0,2009.0,1625.0,971.0,1298.0,1562.0,1872.0,1976.0,2060.0,560.0,128.0,841.0,732.0,1067.0,1448.0,1555.0,1393.0,1771.0,1278.0,675.0,1000.0,1283.0,1466.0,1515.0,1582.0,109.0,611.0,959.0,1215.0,676.0,1129.0,191.0,566.0,871.0,2176.0,2459.0,2734.0,1224.0,1660.0,1913.0,1468.0,1731.0,921.0,2039.0,1110.0,769.0,542.0,703.0,2000.0,2277.0,2550.0,1067.0,1491.0,1738.0,1301.0,1616.0,857.0,1970.0,921.0,584.0,646.0,2295.0,2528.0,2782.0,877.0,1340.0,1609.0,1668.0,2098.0,1394.0,2496.0,1163.0,687.0,1707.0,1912.0,2156.0,375.0,790.0,1043.0,1170.0,1736.0,1270.0,2242.0,607.0,197.0,333.0,612.0,1764.0,1627.0,1580.0,731.0,1061.0,1632.0,1608.0,1133.0,1611.0,284.0,1912.0,1698.0,1598.0,1046.0,1383.0,1959.0,1906.0,1377.0,1842.0,2124.0,1865.0,1731.0,1330.0,1639.0,2242.0,2136.0,1643.0,2098.0,463.0,732.0,1360.0,1992.0,1623.0,2534.0,806.0,555.0,269.0,1422.0,2103.0,1914.0,2687.0,962.0,925.0,1500.0,2188.0,2095.0,2785.0,1114.0,1162.0,687.0,925.0,1287.0,567.0,1021.0,870.0,606.0,1188.0,1556.0,1118.0,988.0,1075.0,1745.0,2050.0,481.0,2716.0,2098.0,1546.0,1141.0,1926.0,1758.0,1506.0,1046.0,565.0,244.0,685.0,246.0,1131.0,1643.0,2010.0,2167.0,1037.0,1179.0
R08,Vollblut,426.0,R08_080226_1.JPG,1230.0,1370.0,1817.0,2139.0,2146.0,2731.0,2468.0,2325.0,2674.0,2862.0,2920.0,3042.0,3157.0,1857.0,1166.0,1417.0,656.0,2180.0,2337.0,821.0,923.0,984.0,941.0,1524.0,1254.0,1487.0,1819.0,2053.0,1721.0,1929.0,2082.0,897.0,770.0,187.0,909.0,1049.0,1119.0,508.0,1632.0,1501.0,2002.0,1449.0,957.0,1305.0,1494.0,1798.0,1773.0,1850.0,588.0,205.0,873.0,733.0,1021.0,1353.0,1418.0,1240.0,1649.0,1011.0,568.0,910.0,1136.0,1309.0,1266.0,1352.0,106.0,697.0,867.0,1214.0,551.0,940.0,215.0,631.0,863.0,1826.0,2052.0,2294.0,1280.0,1713.0,1923.0,1326.0,1668.0,826.0,1894.0,1083.0,767.0,586.0,655.0,1622.0,1841.0,2082.0,1091.0,1506.0,1714.0,1144.0,1559.0,764.0,1837.0,874.0,554.0,720.0,1888.0,2018.0,2237.0,917.0,1430.0,1647.0,1543.0,2090.0,1343.0,2410.0,1151.0,730.0,1171.0,1302.0,1528.0,479.0,851.0,1060.0,906.0,1584.0,1074.0,2008.0,466.0,137.0,351.0,568.0,1261.0,995.0,992.0,595.0,1162.0,1415.0,1688.0,758.0,1166.0,245.0,1259.0,866.0,791.0,922.0,1509.0,1732.0,2033.0,970.0,1331.0,1439.0,994.0,870.0,1157.0,1697.0,1972.0,2213.0,1213.0,1565.0,521.0,735.0,1215.0,1960.0,1545.0,2422.0,780.0,616.0,218.0,1201.0,1963.0,1776.0,2472.0,882.0,961.0,1301.0,2047.0,1938.0,2566.0,1036.0,1164.0,766.0,820.0,1271.0,449.0,834.0,864.0,528.0,1180.0,1478.0,1075.0,902.0,938.0,1650.0,1887.0,422.0,2835.0,2044.0,1491.0,1142.0,1887.0,1693.0,1408.0,1040.0,572.0,222.0,592.0,193.0,1147.0,1686.0,1927.0,2173.0,1028.0,1161.0
R08,Vollblut,426.0,R08_080226_2.JPG,1176.0,1299.0,1705.0,2147.0,2049.0,2730.0,2370.0,2198.0,2555.0,2740.0,2922.0,3014.0,3122.0,1771.0,1086.0,1390.0,599.0,2109.0,2267.0,784.0,873.0,1039.0,897.0,1572.0,1215.0,1434.0,1777.0,2008.0,1786.0,1968.0,2121.0,876.0,697.0,215.0,868.0,1041.0,1110.0,458.0,1643.0,1435.0,2013.0,1382.0,899.0,1256.0,1449.0,1829.0,1791.0,1864.0,552.0,214.0,853.0,713.0,988.0,1304.0,1432.0,1202.0,1682.0,981.0,563.0,915.0,1139.0,1381.0,1336.0,1422.0,105.0,643.0,825.0,1146.0,555.0,920.0,233.0,630.0,853.0,1829.0,2058.0,2293.0,1329.0,1753.0,1974.0,1355.0,1651.0,852.0,1906.0,1108.0,788.0,681.0,667.0,1596.0,1831.0,2067.0,1192.0,1577.0,1791.0,1124.0,1460.0,692.0,1754.0,880.0,588.0,769.0,1914.0,2044.0,2253.0,962.0,1473.0,1706.0,1585.0,2077.0,1363.0,2418.0,1192.0,785.0,1145.0,1287.0,1506.0,580.0,910.0,1124.0,877.0,1499.0,1012.0,1931.0,441.0,107.0,360.0,576.0,1310.0,1054.0,1052.0,564.0,1113.0,1366.0,1609.0,738.0,1136.0,240.0,1290.0,906.0,830.0,901.0,1470.0,1692.0,1962.0,952.0,1306.0,1450.0,1010.0,881.0,1133.0,1662.0,1928.0,2143.0,1188.0,1532.0,524.0,755.0,1280.0,1981.0,1588.0,2448.0,845.0,686.0,233.0,1254.0,1978.0,1799.0,2478.0,928.0,997.0,1351.0,2062.0,1964.0,2567.0,1083.0,1205.0,726.0,802.0,1224.0,451.0,818.0,817.0,506.0,1136.0,1413.0,1062.0,881.0,906.0,1608.0,1836.0,407.0,2615.0,2003.0,1410.0,1140.0,1948.0,1786.0,1515.0,1118.0,577.0,226.0,622.0,208.0,1126.0,1615.0,1897.0,2031.0,1041.0,1205.0
R08,Vollblut,426.0,R08_080226_3.JPG,1295.0,1299.0,1783.0,2528.0,2567.0,3124.0,2817.0,2204.0,2535.0,2670.0,3409.0,3643.0,3749.0,1899.0,1088.0,1558.0,563.0,2335.0,2623.0,947.0,1057.0,1283.0,1295.0,1835.0,1544.0,1614.0,1961.0,2174.0,2158.0,2457.0,2606.0,1022.0,853.0,263.0,1019.0,1213.0,1360.0,518.0,2057.0,2010.0,2433.0,1902.0,912.0,1254.0,1417.0,2391.0,2507.0,2565.0,688.0,215.0,1054.0,742.0,1233.0,1704.0,1857.0,1774.0,2104.0,1497.0,557.0,906.0,1117.0,1923.0,2001.0,2049.0,209.0,705.0,1032.0,1241.0,772.0,1309.0,163.0,689.0,939.0,2304.0,2566.0,2802.0,1473.0,1949.0,2188.0,1685.0,2049.0,1056.0,2302.0,1353.0,916.0,583.0,776.0,2198.0,2447.0,2683.0,1314.0,1787.0,2025.0,1593.0,2019.0,1052.0,2307.0,1225.0,761.0,702.0,2430.0,2615.0,2841.0,960.0,1468.0,1730.0,1902.0,2478.0,1578.0,2824.0,1409.0,832.0,1754.0,1919.0,2143.0,629.0,1038.0,1262.0,1288.0,1992.0,1286.0,2420.0,745.0,200.0,355.0,561.0,2028.0,1963.0,1937.0,646.0,1127.0,1578.0,1642.0,1021.0,1598.0,236.0,2091.0,1939.0,1866.0,967.0,1469.0,1911.0,1972.0,1230.0,1788.0,2284.0,2095.0,1999.0,1194.0,1629.0,2135.0,2110.0,1463.0,2016.0,509.0,772.0,1720.0,2513.0,1904.0,2980.0,1159.0,799.0,265.0,1819.0,2661.0,2221.0,3167.0,1310.0,1157.0,1882.0,2733.0,2381.0,3252.0,1419.0,1358.0,851.0,946.0,1377.0,565.0,1101.0,1008.0,537.0,1365.0,1792.0,1255.0,1020.0,1105.0,1858.0,2221.0,578.0,2568.0,2121.0,1410.0,1087.0,2176.0,2013.0,1709.0,1237.0,543.0,188.0,756.0,253.0,1098.0,1616.0,2010.0,2042.0,1038.0,1284.0
R08,Vollblut,426.0,R08_080226_4.JPG,1206.0,1280.0,1723.0,2305.0,2408.0,2813.0,2738.0,2202.0,2517.0,2682.0,3115.0,3344.0,3471.0,1830.0,1097.0,1338.0,551.0,2262.0,2469.0,872.0,943.0,1153.0,1222.0,1621.0,1548.0,1568.0,1908.0,2144.0,1935.0,2217.0,2376.0,981.0,810.0,132.0,1006.0,1171.0,1280.0,502.0,1843.0,1828.0,2168.0,1822.0,926.0,1251.0,1441.0,2132.0,2240.0,2318.0,629.0,183.0,923.0,760.0,1200.0,1581.0,1596.0,1529.0,1815.0,1378.0,626.0,965.0,1203.0,1658.0,1739.0,1816.0,128.0,663.0,923.0,1240.0,727.0,1162.0,214.0,560.0,936.0,2106.0,2379.0,2634.0,1282.0,1726.0,1957.0,1532.0,1861.0,1031.0,2158.0,1168.0,799.0,406.0,725.0,1997.0,2252.0,2506.0,1068.0,1513.0,1745.0,1451.0,1868.0,1093.0,2215.0,1023.0,610.0,666.0,2204.0,2419.0,2664.0,881.0,1355.0,1599.0,1719.0,2225.0,1491.0,2605.0,1196.0,711.0,1635.0,1806.0,2042.0,396.0,795.0,1022.0,1261.0,1927.0,1421.0,2411.0,662.0,269.0,342.0,578.0,1793.0,1703.0,1693.0,618.0,1108.0,1548.0,1667.0,1008.0,1496.0,256.0,1899.0,1723.0,1664.0,945.0,1430.0,1884.0,1974.0,1234.0,1709.0,2110.0,1896.0,1811.0,1193.0,1615.0,2125.0,2133.0,1486.0,1955.0,474.0,718.0,1532.0,2253.0,1810.0,2764.0,933.0,657.0,245.0,1612.0,2386.0,2102.0,2937.0,1083.0,1005.0,1691.0,2475.0,2267.0,3040.0,1216.0,1213.0,785.0,943.0,1358.0,605.0,1052.0,885.0,582.0,1327.0,1676.0,1127.0,1071.0,1154.0,1861.0,2148.0,489.0,2672.0,2073.0,1455.0,1148.0,1975.0,1762.0,1575.0,1031.0,545.0,203.0,702.0,237.0,1089.0,1629.0,2014.0,2117.0,1001.0,1197.0
R09,Vollblut,545.0,R09_080226_1.JPG,1232.0,1296.0,1785.0,2339.0,2302.0,3012.0,2672.0,2219.0,2563.0,2774.0,3363.0,3554.0,3583.0,1875.0,1123.0,1491.0,539.0,2253.0,2513.0,939.0,1019.0,1148.0,1084.0,1794.0,1456.0,1554.0,1906.0,2181.0,2173.0,2438.0,2519.0,1027.0,862.0,259.0,1102.0,1180.0,1302.0,556.0,1891.0,1762.0,2402.0,1810.0,924.0,1268.0,1490.0,2359.0,2415.0,2391.0,678.0,174.0,1034.0,810.0,1177.0,1648.0,1624.0,1466.0,2016.0,1346.0,535.0,890.0,1163.0,1825.0,1859.0,1837.0,131.0,700.0,969.0,1345.0,655.0,1195.0,179.0,693.0,814.0,2033.0,2291.0,2572.0,1492.0,1957.0,2150.0,1535.0,1889.0,920.0,2248.0,1222.0,779.0,711.0,664.0,1861.0,2114.0,2395.0,1372.0,1814.0,1997.0,1371.0,1773.0,839.0,2172.0,1043.0,611.0,750.0,2300.0,2475.0,2731.0,1095.0,1638.0,1884.0,1900.0,2436.0,1546.0,2874.0,1443.0,854.0,1565.0,1726.0,1982.0,743.0,1151.0,1336.0,1220.0,1882.0,1200.0,2419.0,720.0,165.0,360.0,628.0,1840.0,1713.0,1615.0,548.0,1096.0,1490.0,1726.0,859.0,1446.0,288.0,1859.0,1625.0,1475.0,885.0,1442.0,1827.0,2058.0,1074.0,1632.0,2045.0,1747.0,1561.0,1167.0,1664.0,2111.0,2255.0,1352.0,1896.0,550.0,813.0,1695.0,2465.0,1923.0,3056.0,1182.0,877.0,275.0,1739.0,2549.0,2210.0,3180.0,1301.0,1237.0,1727.0,2536.0,2306.0,3179.0,1348.0,1398.0,812.0,944.0,1452.0,524.0,1072.0,997.0,648.0,1286.0,1718.0,1333.0,988.0,1049.0,1895.0,2254.0,589.0,2636.0,2165.0,1452.0,1156.0,2146.0,1985.0,1824.0,1333.0,624.0,266.0,736.0,213.0,1138.0,1617.0,2050.0,2098.0,1102.0,1375.0
R09,Vollblut,545.0,R09_080226_2.JPG,1266.0,1193.0,1640.0,2272.0,2203.0,2906.0,2610.0,2006.0,2293.0,2429.0,3205.0,3418.0,3470.0,1731.0,1068.0,1483.0,548.0,2132.0,2390.0,844.0,866.0,1022.0,939.0,1641.0,1398.0,1377.0,1691.0,1912.0,2028.0,2343.0,2457.0,926.0,820.0,222.0,1061.0,1078.0,1180.0,493.0,1680.0,1534.0,2167.0,1652.0,816.0,1116.0,1281.0,2158.0,2281.0,2304.0,580.0,125.0,918.0,683.0,1056.0,1453.0,1393.0,1223.0,1778.0,1193.0,511.0,826.0,1046.0,1668.0,1794.0,1831.0,91.0,605.0,814.0,1164.0,571.0,1010.0,182.0,662.0,840.0,1783.0,2019.0,2259.0,1425.0,1906.0,2110.0,1382.0,1714.0,827.0,2072.0,1096.0,732.0,703.0,708.0,1603.0,1837.0,2077.0,1323.0,1780.0,1972.0,1209.0,1576.0,728.0,1966.0,914.0,571.0,729.0,2038.0,2196.0,2420.0,1038.0,1581.0,1828.0,1737.0,2227.0,1428.0,2654.0,1303.0,808.0,1351.0,1478.0,1696.0,643.0,1072.0,1270.0,1130.0,1740.0,1181.0,2247.0,642.0,220.0,319.0,536.0,1648.0,1612.0,1576.0,460.0,941.0,1315.0,1478.0,736.0,1230.0,241.0,1654.0,1512.0,1427.0,767.0,1238.0,1618.0,1755.0,930.0,1398.0,1819.0,1615.0,1493.0,995.0,1397.0,1849.0,1884.0,1167.0,1628.0,546.0,802.0,1587.0,2261.0,1815.0,2800.0,1103.0,852.0,265.0,1704.0,2398.0,2147.0,2958.0,1295.0,1239.0,1739.0,2425.0,2273.0,2987.0,1384.0,1413.0,695.0,855.0,1254.0,497.0,956.0,924.0,562.0,1159.0,1535.0,1245.0,911.0,964.0,1701.0,2033.0,496.0,2064.0,1927.0,1197.0,1055.0,2060.0,1893.0,1840.0,1239.0,540.0,227.0,795.0,247.0,1001.0,1287.0,1857.0,1576.0,1032.0,1322.0
R09,Vollblut,545.0,R09_080226_5.JPG,1025.0,1062.0,1531.0,2131.0,2035.0,2727.0,2456.0,2002.0,2321.0,2531.0,2996.0,3187.0,3268.0,1620.0,939.0,1183.0,443.0,2016.0,2201.0,806.0,914.0,1152.0,1029.0,1714.0,1451.0,1470.0,1790.0,2052.0,2021.0,2298.0,2429.0,952.0,765.0,157.0,924.0,1121.0,1197.0,519.0,1807.0,1636.0,2245.0,1724.0,940.0,1260.0,1478.0,2152.0,2223.0,2265.0,620.0,123.0,874.0,658.0,1135.0,1492.0,1584.0,1392.0,1905.0,1285.0,557.0,880.0,1139.0,1654.0,1704.0,1752.0,103.0,629.0,889.0,1163.0,652.0,1081.0,198.0,636.0,905.0,1994.0,2222.0,2486.0,1470.0,1978.0,2207.0,1540.0,1819.0,1009.0,2075.0,1204.0,799.0,692.0,767.0,1796.0,2025.0,2290.0,1359.0,1838.0,2057.0,1345.0,1655.0,878.0,1945.0,1009.0,627.0,767.0,2182.0,2333.0,2572.0,1117.0,1694.0,1955.0,1833.0,2284.0,1560.0,2619.0,1348.0,856.0,1455.0,1576.0,1808.0,609.0,1074.0,1304.0,1196.0,1794.0,1300.0,2235.0,650.0,255.0,329.0,582.0,1623.0,1479.0,1444.0,527.0,1063.0,1437.0,1590.0,835.0,1327.0,272.0,1622.0,1361.0,1270.0,839.0,1383.0,1748.0,1902.0,1023.0,1495.0,1789.0,1451.0,1312.0,1105.0,1599.0,2015.0,2102.0,1283.0,1746.0,583.0,851.0,1553.0,2242.0,1876.0,2729.0,1018.0,839.0,270.0,1604.0,2332.0,2173.0,2858.0,1184.0,1238.0,1656.0,2380.0,2314.0,2915.0,1308.0,1442.0,728.0,910.0,1259.0,556.0,999.0,852.0,538.0,1224.0,1556.0,1068.0,1007.0,1047.0,1719.0,1985.0,492.0,2349.0,2062.0,1410.0,1144.0,2213.0,2050.0,1922.0,1309.0,585.0,264.0,805.0,244.0,1108.0,1518.0,2019.0,1910.0,1123.0,1420.0
R10,G-Pony,450.0,R10_080226_2.JPG,1268.0,1286.0,1714.0,2293.0,2256.0,2853.0,2572.0,2127.0,2431.0,2585.0,3002.0,3173.0,3277.0,1769.0,1111.0,1510.0,478.0,2187.0,2419.0,805.0,905.0,1035.0,990.0,1585.0,1361.0,1419.0,1733.0,1962.0,1849.0,2136.0,2307.0,917.0,744.0,244.0,1042.0,1126.0,1211.0,453.0,1580.0,1487.0,1955.0,1497.0,847.0,1161.0,1342.0,1820.0,1912.0,1997.0,517.0,177.0,879.0,834.0,991.0,1356.0,1349.0,1238.0,1609.0,1093.0,515.0,833.0,1057.0,1373.0,1464.0,1563.0,67.0,614.0,851.0,1279.0,552.0,966.0,121.0,621.0,778.0,1700.0,1916.0,2160.0,1293.0,1754.0,2003.0,1305.0,1618.0,807.0,2069.0,1065.0,713.0,612.0,678.0,1580.0,1795.0,2039.0,1202.0,1652.0,1897.0,1192.0,1534.0,753.0,2011.0,944.0,601.0,599.0,1799.0,1923.0,2145.0,917.0,1424.0,1694.0,1549.0,2037.0,1342.0,2576.0,1141.0,670.0,1210.0,1324.0,1548.0,535.0,976.0,1226.0,1028.0,1613.0,1128.0,2223.0,570.0,153.0,322.0,542.0,1279.0,1186.0,1206.0,505.0,1024.0,1346.0,1662.0,665.0,1132.0,247.0,1259.0,1040.0,995.0,816.0,1337.0,1646.0,1960.0,851.0,1280.0,1427.0,1133.0,1029.0,1047.0,1514.0,1884.0,2110.0,1095.0,1513.0,508.0,778.0,1306.0,1965.0,1630.0,2614.0,831.0,662.0,270.0,1406.0,2078.0,1944.0,2743.0,1016.0,1063.0,1512.0,2169.0,2131.0,2831.0,1181.0,1300.0,675.0,844.0,1339.0,484.0,901.0,865.0,665.0,1134.0,1467.0,1262.0,954.0,981.0,1785.0,2072.0,471.0,2141.0,1956.0,1228.0,1051.0,1998.0,1886.0,1666.0,1227.0,541.0,239.0,759.0,261.0,1048.0,1367.0,1888.0,1726.0,1014.0,1284.0
R10,G-Pony,450.0,R10_080226_3.JPG,1424.0,1230.0,1726.0,2436.0,2477.0,2975.0,2625.0,2035.0,2314.0,2403.0,3033.0,3136.0,3171.0,1777.0,1062.0,1616.0,474.0,2216.0,2542.0,884.0,995.0,1014.0,1054.0,1563.0,1310.0,1449.0,1731.0,1938.0,1811.0,2086.0,2209.0,960.0,844.0,198.0,1213.0,1121.0,1227.0,501.0,1688.0,1657.0,2050.0,1560.0,830.0,1125.0,1264.0,1872.0,1914.0,1941.0,564.0,173.0,956.0,788.0,1046.0,1485.0,1484.0,1411.0,1709.0,1154.0,455.0,744.0,943.0,1393.0,1413.0,1447.0,94.0,665.0,963.0,1289.0,584.0,1090.0,154.0,637.0,790.0,1830.0,2017.0,2258.0,1317.0,1789.0,1994.0,1398.0,1727.0,831.0,2211.0,1134.0,751.0,530.0,639.0,1732.0,1905.0,2147.0,1164.0,1637.0,1844.0,1322.0,1711.0,861.0,2225.0,1018.0,603.0,609.0,1929.0,2031.0,2265.0,927.0,1456.0,1690.0,1615.0,2133.0,1366.0,2690.0,1187.0,644.0,1327.0,1422.0,1658.0,550.0,999.0,1207.0,1062.0,1672.0,1122.0,2277.0,594.0,84.0,299.0,489.0,1386.0,1232.0,1194.0,497.0,1002.0,1408.0,1569.0,743.0,1284.0,242.0,1362.0,1097.0,1008.0,772.0,1296.0,1676.0,1843.0,887.0,1395.0,1561.0,1239.0,1110.0,984.0,1428.0,1895.0,1928.0,1129.0,1633.0,532.0,768.0,1314.0,2013.0,1635.0,2641.0,827.0,619.0,239.0,1359.0,2077.0,1936.0,2701.0,974.0,1043.0,1407.0,2110.0,2072.0,2723.0,1087.0,1243.0,720.0,911.0,1349.0,497.0,996.0,949.0,631.0,1186.0,1594.0,1382.0,988.0,1040.0,1815.0,2196.0,544.0,1971.0,1938.0,1191.0,944.0,1994.0,1845.0,1624.0,1207.0,489.0,208.0,717.0,212.0,979.0,1326.0,1880.0,1578.0,959.0,1243.0
R10,G-Pony,450.0,R10_080226_4.JPG,1236.0,1216.0,1674.0,2251.0,2289.0,2834.0,2513.0,2053.0,2345.0,2493.0,2991.0,3152.0,3197.0,1718.0,1050.0,1452.0,501.0,2133.0,2399.0,794.0,918.0,1026.0,1054.0,1599.0,1343.0,1411.0,1708.0,1936.0,1870.0,2148.0,2260.0,917.0,788.0,218.0,1106.0,1115.0,1226.0,476.0,1593.0,1551.0,1992.0,1492.0,846.0,1148.0,1326.0,1877.0,1961.0,1988.0,530.0,169.0,870.0,794.0,1001.0,1393.0,1381.0,1299.0,1650.0,1081.0,493.0,793.0,1018.0,1414.0,1487.0,1523.0,63.0,644.0,875.0,1270.0,548.0,997.0,152.0,649.0,812.0,1741.0,1944.0,2192.0,1325.0,1784.0,1984.0,1333.0,1672.0,823.0,2119.0,1090.0,743.0,559.0,661.0,1632.0,1822.0,2068.0,1175.0,1632.0,1833.0,1248.0,1643.0,840.0,2124.0,966.0,594.0,649.0,1861.0,1973.0,2201.0,924.0,1438.0,1673.0,1590.0,2109.0,1382.0,2637.0,1177.0,683.0,1222.0,1324.0,1554.0,554.0,974.0,1173.0,1018.0,1634.0,1139.0,2224.0,555.0,117.0,307.0,526.0,1362.0,1258.0,1220.0,498.0,1007.0,1357.0,1596.0,689.0,1179.0,249.0,1337.0,1118.0,1028.0,790.0,1304.0,1641.0,1876.0,856.0,1307.0,1511.0,1221.0,1085.0,1022.0,1472.0,1879.0,2009.0,1103.0,1543.0,515.0,755.0,1355.0,2037.0,1675.0,2654.0,877.0,664.0,245.0,1437.0,2130.0,1979.0,2755.0,1043.0,1059.0,1481.0,2158.0,2106.0,2777.0,1145.0,1247.0,696.0,860.0,1322.0,486.0,935.0,904.0,626.0,1159.0,1532.0,1297.0,966.0,1022.0,1778.0,2116.0,495.0,2124.0,1935.0,1240.0,1017.0,1980.0,1830.0,1625.0,1171.0,525.0,235.0,713.0,215.0,1022.0,1342.0,1875.0,1647.0,984.0,1237.0
R11,Warmblut,499.0,R11_080226_1.JPG,1177.0,1289.0,1745.0,2207.0,2176.0,2804.0,2513.0,2164.0,2453.0,2624.0,2994.0,3150.0,3229.0,1790.0,1178.0,1416.0,505.0,2141.0,2369.0,814.0,948.0,1055.0,1007.0,1632.0,1362.0,1475.0,1769.0,2002.0,1882.0,2125.0,2253.0,940.0,780.0,239.0,977.0,1091.0,1217.0,497.0,1614.0,1503.0,2041.0,1528.0,877.0,1171.0,1361.0,1880.0,1931.0,1977.0,565.0,111.0,893.0,818.0,1026.0,1408.0,1382.0,1245.0,1689.0,1105.0,528.0,822.0,1055.0,1396.0,1435.0,1490.0,84.0,601.0,893.0,1301.0,571.0,1006.0,151.0,624.0,755.0,1786.0,1993.0,2241.0,1295.0,1719.0,1928.0,1312.0,1642.0,830.0,2028.0,999.0,671.0,628.0,627.0,1639.0,1843.0,2090.0,1181.0,1590.0,1794.0,1173.0,1539.0,772.0,1965.0,848.0,531.0,655.0,1956.0,2085.0,2312.0,971.0,1454.0,1688.0,1607.0,2095.0,1395.0,2578.0,1158.0,700.0,1308.0,1430.0,1658.0,566.0,964.0,1174.0,1021.0,1603.0,1134.0,2193.0,539.0,145.0,301.0,528.0,1385.0,1241.0,1213.0,550.0,987.0,1415.0,1681.0,811.0,1260.0,250.0,1386.0,1140.0,1057.0,834.0,1280.0,1696.0,1964.0,995.0,1410.0,1559.0,1252.0,1126.0,1075.0,1465.0,1939.0,2126.0,1242.0,1646.0,484.0,720.0,1319.0,1973.0,1667.0,2626.0,866.0,698.0,237.0,1375.0,2036.0,1936.0,2731.0,1035.0,1066.0,1440.0,2086.0,2080.0,2790.0,1166.0,1265.0,665.0,865.0,1357.0,488.0,923.0,887.0,707.0,1113.0,1479.0,1198.0,914.0,989.0,1760.0,2055.0,459.0,2423.0,2001.0,1315.0,1053.0,1928.0,1793.0,1598.0,1174.0,527.0,232.0,662.0,211.0,1063.0,1405.0,1914.0,1933.0,1062.0,1263.0
R11,Warmblut,499.0,R11_080226_2.JPG,1211.0,1392.0,1780.0,2176.0,2149.0,2745.0,2518.0,2165.0,2485.0,2661.0,2929.0,3071.0,3177.0,1840.0,1201.0,1441.0,537.0,2187.0,2385.0,826.0,955.0,984.0,942.0,1536.0,1339.0,1456.0,1794.0,2024.0,1790.0,2024.0,2179.0,956.0,785.0,230.0,985.0,1102.0,1202.0,421.0,1496.0,1396.0,1874.0,1417.0,781.0,1113.0,1314.0,1702.0,1736.0,1812.0,504.0,195.0,872.0,891.0,966.0,1318.0,1312.0,1194.0,1578.0,1059.0,503.0,838.0,1070.0,1293.0,1317.0,1401.0,96.0,611.0,893.0,1301.0,584.0,981.0,127.0,597.0,750.0,1713.0,1969.0,2204.0,1227.0,1634.0,1852.0,1239.0,1570.0,767.0,1960.0,939.0,647.0,598.0,647.0,1588.0,1842.0,2077.0,1133.0,1526.0,1741.0,1119.0,1480.0,717.0,1904.0,812.0,535.0,602.0,1851.0,2024.0,2236.0,901.0,1367.0,1600.0,1487.0,1991.0,1308.0,2480.0,1039.0,616.0,1263.0,1423.0,1635.0,493.0,885.0,1106.0,963.0,1568.0,1120.0,2158.0,479.0,139.0,342.0,568.0,1309.0,1151.0,1152.0,524.0,965.0,1392.0,1646.0,818.0,1236.0,240.0,1349.0,1075.0,1007.0,848.0,1291.0,1719.0,1959.0,1037.0,1427.0,1513.0,1184.0,1071.0,1084.0,1483.0,1955.0,2129.0,1268.0,1648.0,468.0,701.0,1201.0,1878.0,1582.0,2524.0,752.0,625.0,233.0,1242.0,1928.0,1842.0,2614.0,922.0,992.0,1337.0,2006.0,2009.0,2701.0,1084.0,1206.0,690.0,871.0,1372.0,488.0,887.0,881.0,696.0,1133.0,1461.0,1193.0,925.0,982.0,1773.0,2035.0,424.0,2524.0,2017.0,1305.0,1062.0,1854.0,1746.0,1487.0,1101.0,566.0,224.0,634.0,215.0,1059.0,1454.0,1912.0,1998.0,1035.0,1209.0
R11,Warmblut,499.0,R11_080226_4.JPG,1174.0,1247.0,1673.0,2304.0,2230.0,2889.0,2604.0,2065.0,2362.0,2502.0,3206.0,3434.0,3504.0,1746.0,1115.0,1369.0,504.0,2072.0,2336.0,860.0,984.0,1139.0,1057.0,1716.0,1513.0,1510.0,1819.0,2024.0,2148.0,2479.0,2600.0,990.0,821.0,198.0,1058.0,1129.0,1235.0,454.0,1703.0,1556.0,2111.0,1570.0,828.0,1136.0,1303.0,2087.0,2230.0,2278.0,547.0,133.0,900.0,807.0,941.0,1347.0,1489.0,1322.0,1788.0,1160.0,527.0,835.0,1040.0,1641.0,1779.0,1834.0,104.0,581.0,928.0,1257.0,513.0,971.0,175.0,635.0,947.0,1894.0,2111.0,2331.0,1506.0,2006.0,2205.0,1411.0,1744.0,956.0,2177.0,1163.0,786.0,662.0,809.0,1720.0,1937.0,2157.0,1400.0,1881.0,2072.0,1242.0,1604.0,865.0,2071.0,988.0,624.0,799.0,2063.0,2202.0,2404.0,1111.0,1658.0,1884.0,1691.0,2181.0,1521.0,2705.0,1329.0,841.0,1312.0,1416.0,1612.0,643.0,1076.0,1262.0,1055.0,1672.0,1325.0,2299.0,647.0,278.0,315.0,514.0,1606.0,1574.0,1563.0,544.0,957.0,1452.0,1595.0,747.0,1224.0,222.0,1583.0,1443.0,1390.0,838.0,1262.0,1751.0,1881.0,949.0,1385.0,1723.0,1518.0,1432.0,1052.0,1424.0,1963.0,2010.0,1169.0,1597.0,550.0,780.0,1542.0,2204.0,1964.0,2863.0,1152.0,918.0,235.0,1694.0,2359.0,2313.0,3035.0,1375.0,1318.0,1758.0,2409.0,2443.0,3085.0,1478.0,1487.0,670.0,913.0,1343.0,409.0,869.0,890.0,677.0,1054.0,1440.0,1223.0,987.0,1048.0,1711.0,2047.0,489.0,2102.0,2032.0,1214.0,1047.0,2164.0,2005.0,1901.0,1220.0,516.0,216.0,780.0,227.0,1062.0,1302.0,1982.0,1631.0,1097.0,1375.0
R12,G-Pony,401.0,R12_080226_1.JPG,1327.0,1308.0,1736.0,2390.0,2377.0,2950.0,2669.0,2124.0,2423.0,2576.0,3158.0,3355.0,3460.0,1808.0,1094.0,1566.0,483.0,2285.0,2539.0,852.0,963.0,1074.0,1051.0,1623.0,1399.0,1497.0,1827.0,2059.0,1930.0,2229.0,2393.0,947.0,789.0,244.0,1107.0,1154.0,1270.0,443.0,1682.0,1603.0,2060.0,1593.0,838.0,1161.0,1354.0,1986.0,2096.0,2174.0,535.0,215.0,915.0,853.0,1094.0,1475.0,1490.0,1387.0,1756.0,1226.0,534.0,865.0,1097.0,1567.0,1653.0,1732.0,113.0,646.0,908.0,1293.0,690.0,1121.0,131.0,621.0,801.0,1900.0,2151.0,2397.0,1306.0,1769.0,2007.0,1396.0,1729.0,857.0,2174.0,1069.0,739.0,586.0,679.0,1782.0,2028.0,2273.0,1196.0,1651.0,1885.0,1290.0,1664.0,821.0,2137.0,942.0,611.0,620.0,2033.0,2209.0,2437.0,894.0,1399.0,1656.0,1646.0,2158.0,1384.0,2682.0,1139.0,670.0,1431.0,1591.0,1817.0,552.0,973.0,1206.0,1113.0,1733.0,1160.0,2327.0,552.0,131.0,334.0,563.0,1597.0,1514.0,1513.0,567.0,1050.0,1431.0,1648.0,894.0,1363.0,248.0,1648.0,1460.0,1402.0,887.0,1369.0,1749.0,1943.0,1098.0,1546.0,1830.0,1588.0,1493.0,1127.0,1554.0,1991.0,2093.0,1339.0,1779.0,505.0,763.0,1460.0,2156.0,1696.0,2781.0,894.0,672.0,259.0,1563.0,2291.0,2015.0,2936.0,1087.0,1065.0,1653.0,2378.0,2190.0,3025.0,1239.0,1287.0,728.0,864.0,1375.0,579.0,1008.0,908.0,647.0,1262.0,1609.0,1318.0,959.0,1031.0,1892.0,2199.0,470.0,2357.0,2044.0,1336.0,1087.0,2000.0,1874.0,1624.0,1199.0,556.0,223.0,741.0,247.0,1097.0,1517.0,1935.0,1913.0,1049.0,1264.0
R12,G-Pony,401.0,R12_080226_4.JPG,1133.0,1124.0,1568.0,2061.0,2072.0,2560.0,2281.0,1927.0,2206.0,2362.0,2710.0,2835.0,2859.0,1637.0,980.0,1351.0,472.0,1939.0,2184.0,701.0,856.0,947.0,944.0,1428.0,1183.0,1306.0,1593.0,1820.0,1655.0,1884.0,1964.0,830.0,667.0,220.0,865.0,970.0,1086.0,455.0,1460.0,1406.0,1806.0,1365.0,813.0,1101.0,1286.0,1695.0,1741.0,1745.0,548.0,144.0,771.0,661.0,904.0,1278.0,1299.0,1214.0,1524.0,1014.0,450.0,741.0,964.0,1272.0,1287.0,1292.0,133.0,594.0,801.0,1113.0,501.0,942.0,122.0,544.0,680.0,1628.0,1832.0,2073.0,1158.0,1574.0,1740.0,1183.0,1499.0,751.0,1808.0,974.0,634.0,495.0,559.0,1525.0,1722.0,1962.0,1043.0,1454.0,1619.0,1094.0,1455.0,735.0,1794.0,864.0,512.0,562.0,1732.0,1863.0,2085.0,836.0,1309.0,1508.0,1393.0,1877.0,1212.0,2260.0,1068.0,601.0,1174.0,1301.0,1526.0,509.0,895.0,1062.0,882.0,1462.0,968.0,1913.0,526.0,97.0,295.0,514.0,1249.0,1096.0,1032.0,497.0,955.0,1238.0,1457.0,673.0,1132.0,243.0,1260.0,997.0,882.0,770.0,1242.0,1512.0,1733.0,858.0,1279.0,1437.0,1113.0,962.0,1005.0,1421.0,1748.0,1891.0,1100.0,1510.0,477.0,683.0,1154.0,1815.0,1449.0,2306.0,792.0,595.0,211.0,1201.0,1877.0,1702.0,2393.0,919.0,953.0,1224.0,1885.0,1797.0,2405.0,994.0,1110.0,679.0,743.0,1193.0,372.0,809.0,776.0,519.0,1023.0,1372.0,1059.0,806.0,872.0,1519.0,1818.0,468.0,2202.0,1814.0,1266.0,961.0,1735.0,1615.0,1388.0,1055.0,511.0,219.0,587.0,158.0,982.0,1388.0,1708.0,1773.0,927.0,1110.0
R12,G-Pony,401.0,R12_080226_3.JPG,1113.0,1213.0,1591.0,2023.0,2057.0,2463.0,2311.0,1947.0,2251.0,2391.0,2720.0,2924.0,3026.0,1646.0,994.0,1273.0,458.0,1996.0,2171.0,745.0,843.0,930.0,948.0,1351.0,1224.0,1323.0,1631.0,1840.0,1657.0,1935.0,2075.0,837.0,670.0,160.0,911.0,1005.0,1084.0,412.0,1436.0,1381.0,1703.0,1364.0,741.0,1053.0,1221.0,1682.0,1781.0,1854.0,491.0,220.0,785.0,782.0,928.0,1243.0,1237.0,1148.0,1405.0,1008.0,482.0,789.0,999.0,1285.0,1369.0,1447.0,93.0,613.0,800.0,1180.0,542.0,903.0,146.0,487.0,684.0,1626.0,1846.0,2077.0,1096.0,1527.0,1722.0,1162.0,1479.0,781.0,1837.0,907.0,610.0,410.0,539.0,1513.0,1722.0,1952.0,957.0,1382.0,1577.0,1068.0,1444.0,791.0,1840.0,779.0,465.0,487.0,1683.0,1832.0,2053.0,739.0,1206.0,1414.0,1316.0,1796.0,1192.0,2229.0,923.0,526.0,1218.0,1348.0,1567.0,450.0,845.0,1038.0,916.0,1501.0,1070.0,2004.0,478.0,140.0,318.0,518.0,1342.0,1254.0,1261.0,511.0,959.0,1281.0,1501.0,762.0,1158.0,231.0,1368.0,1170.0,1125.0,803.0,1270.0,1580.0,1800.0,944.0,1317.0,1554.0,1305.0,1228.0,1022.0,1430.0,1797.0,1934.0,1174.0,1543.0,469.0,678.0,1197.0,1849.0,1507.0,2384.0,756.0,582.0,209.0,1296.0,1978.0,1801.0,2540.0,938.0,947.0,1383.0,2060.0,1949.0,2627.0,1070.0,1131.0,682.0,777.0,1246.0,451.0,811.0,752.0,568.0,1094.0,1372.0,1056.0,882.0,931.0,1636.0,1868.0,398.0,2268.0,1834.0,1214.0,990.0,1729.0,1583.0,1391.0,1041.0,515.0,199.0,656.0,200.0,993.0,1409.0,1765.0,1823.0,940.0,1124.0
R13,Warmblut,584.0,R13_080226_3.JPG,1292.0,1284.0,1739.0,2406.0,2405.0,2953.0,2656.0,2129.0,2452.0,2600.0,3193.0,3307.0,3393.0,1821.0,1113.0,1482.0,459.0,2272.0,2520.0,833.0,943.0,1119.0,1113.0,1663.0,1432.0,1498.0,1860.0,2092.0,2025.0,2271.0,2427.0,951.0,786.0,191.0,1167.0,1155.0,1285.0,478.0,1668.0,1611.0,2036.0,1576.0,864.0,1212.0,1401.0,2010.0,2045.0,2113.0,576.0,172.0,895.0,897.0,1112.0,1472.0,1415.0,1336.0,1669.0,1152.0,556.0,918.0,1152.0,1539.0,1573.0,1655.0,108.0,639.0,904.0,1371.0,667.0,1070.0,110.0,618.0,781.0,1838.0,2115.0,2366.0,1364.0,1826.0,2070.0,1332.0,1721.0,934.0,2271.0,977.0,670.0,573.0,674.0,1744.0,2014.0,2264.0,1265.0,1720.0,1962.0,1249.0,1674.0,924.0,2249.0,873.0,560.0,597.0,1944.0,2135.0,2368.0,936.0,1474.0,1743.0,1566.0,2129.0,1472.0,2761.0,1047.0,614.0,1358.0,1539.0,1773.0,626.0,1046.0,1289.0,1044.0,1698.0,1253.0,2392.0,489.0,151.0,365.0,596.0,1524.0,1358.0,1351.0,574.0,1032.0,1458.0,1705.0,905.0,1333.0,252.0,1562.0,1268.0,1189.0,924.0,1376.0,1814.0,2014.0,1145.0,1547.0,1743.0,1389.0,1264.0,1167.0,1558.0,2053.0,2152.0,1393.0,1788.0,552.0,824.0,1435.0,2157.0,1855.0,2882.0,922.0,775.0,273.0,1487.0,2211.0,2126.0,2942.0,1118.0,1172.0,1581.0,2283.0,2295.0,3005.0,1290.0,1406.0,732.0,890.0,1465.0,559.0,964.0,883.0,733.0,1248.0,1586.0,1340.0,1009.0,1105.0,1965.0,2268.0,433.0,2284.0,2092.0,1355.0,1150.0,2067.0,1958.0,1701.0,1289.0,594.0,232.0,768.0,253.0,1153.0,1486.0,2043.0,1845.0,1180.0,1398.0
R13,Warmblut,584.0,R13_080226_2.JPG,1363.0,1336.0,1813.0,2488.0,2506.0,3039.0,2759.0,2189.0,2456.0,2575.0,3336.0,3464.0,3542.0,1881.0,1191.0,1541.0,496.0,2330.0,2600.0,828.0,951.0,1126.0,1144.0,1685.0,1493.0,1505.0,1813.0,2030.0,2113.0,2373.0,2526.0,991.0,839.0,180.0,1206.0,1189.0,1317.0,494.0,1642.0,1587.0,2011.0,1570.0,878.0,1171.0,1340.0,2077.0,2140.0,2207.0,563.0,151.0,877.0,914.0,1075.0,1449.0,1372.0,1283.0,1618.0,1115.0,555.0,863.0,1085.0,1588.0,1652.0,1733.0,69.0,645.0,902.0,1407.0,601.0,1019.0,146.0,637.0,842.0,1790.0,2024.0,2270.0,1396.0,1856.0,2097.0,1348.0,1739.0,952.0,2305.0,1019.0,697.0,556.0,696.0,1674.0,1899.0,2145.0,1259.0,1712.0,1952.0,1253.0,1694.0,965.0,2296.0,890.0,551.0,615.0,1874.0,2029.0,2261.0,910.0,1443.0,1714.0,1571.0,2135.0,1505.0,2795.0,1075.0,618.0,1278.0,1416.0,1646.0,628.0,1020.0,1256.0,1056.0,1711.0,1326.0,2437.0,519.0,183.0,310.0,531.0,1550.0,1424.0,1419.0,528.0,1009.0,1456.0,1726.0,808.0,1259.0,246.0,1566.0,1331.0,1268.0,830.0,1293.0,1760.0,1980.0,1011.0,1434.0,1744.0,1447.0,1340.0,1059.0,1448.0,1987.0,2088.0,1256.0,1673.0,549.0,827.0,1521.0,2226.0,1950.0,2978.0,1011.0,811.0,278.0,1583.0,2291.0,2231.0,3053.0,1187.0,1189.0,1667.0,2355.0,2395.0,3110.0,1340.0,1414.0,714.0,930.0,1476.0,539.0,966.0,917.0,763.0,1221.0,1585.0,1364.0,1054.0,1148.0,1968.0,2294.0,457.0,2069.0,2024.0,1253.0,1085.0,2062.0,1916.0,1709.0,1232.0,531.0,229.0,801.0,266.0,1058.0,1311.0,1988.0,1625.0,1110.0,1365.0
R13,Warmblut,584.0,R13_080226_4.JPG,1146.0,1237.0,1702.0,2291.0,2287.0,2765.0,2491.0,2162.0,2489.0,2675.0,2823.0,2923.0,3035.0,1756.0,1104.0,1426.0,446.0,2144.0,2369.0,851.0,967.0,1152.0,1141.0,1621.0,1402.0,1566.0,1916.0,2174.0,1809.0,2048.0,2225.0,984.0,804.0,280.0,1059.0,1158.0,1274.0,514.0,1689.0,1616.0,1963.0,1516.0,929.0,1265.0,1478.0,1711.0,1714.0,1805.0,579.0,134.0,950.0,858.0,1068.0,1422.0,1399.0,1299.0,1554.0,1051.0,601.0,948.0,1210.0,1199.0,1222.0,1341.0,67.0,635.0,911.0,1358.0,580.0,977.0,132.0,569.0,776.0,1852.0,2113.0,2390.0,1275.0,1752.0,2003.0,1355.0,1726.0,880.0,2195.0,1015.0,693.0,508.0,647.0,1733.0,1988.0,2264.0,1148.0,1621.0,1871.0,1251.0,1662.0,862.0,2165.0,891.0,562.0,567.0,1847.0,2029.0,2288.0,930.0,1461.0,1720.0,1494.0,2033.0,1341.0,2606.0,1016.0,590.0,1282.0,1464.0,1726.0,506.0,979.0,1234.0,986.0,1607.0,1147.0,2257.0,477.0,130.0,352.0,610.0,1175.0,931.0,939.0,597.0,1061.0,1506.0,1760.0,853.0,1266.0,280.0,1235.0,846.0,758.0,939.0,1395.0,1844.0,2075.0,1098.0,1476.0,1456.0,1007.0,853.0,1206.0,1603.0,2114.0,2248.0,1375.0,1745.0,534.0,791.0,1133.0,1826.0,1580.0,2531.0,679.0,619.0,259.0,1168.0,1844.0,1867.0,2572.0,907.0,1061.0,1296.0,1938.0,2063.0,2661.0,1115.0,1310.0,698.0,908.0,1418.0,514.0,915.0,941.0,728.0,1171.0,1508.0,1316.0,961.0,1017.0,1861.0,2145.0,426.0,2592.0,2180.0,1482.0,1203.0,1944.0,1818.0,1479.0,1171.0,604.0,248.0,659.0,227.0,1184.0,1600.0,2067.0,2141.0,1128.0,1278.0
R13,Warmblut,584.0,R13_080226_5.JPG,1139.0,1240.0,1675.0,2275.0,2287.0,2793.0,2505.0,2146.0,2507.0,2714.0,2862.0,2963.0,3073.0,1756.0,1084.0,1381.0,439.0,2148.0,2372.0,841.0,942.0,1147.0,1151.0,1655.0,1414.0,1538.0,1919.0,2181.0,1837.0,2072.0,2244.0,974.0,776.0,243.0,1023.0,1161.0,1277.0,486.0,1688.0,1637.0,2002.0,1540.0,909.0,1280.0,1506.0,1758.0,1756.0,1844.0,579.0,156.0,916.0,851.0,1071.0,1431.0,1411.0,1334.0,1609.0,1098.0,597.0,977.0,1240.0,1274.0,1289.0,1403.0,94.0,622.0,885.0,1319.0,605.0,1006.0,117.0,606.0,780.0,1847.0,2127.0,2390.0,1290.0,1771.0,2019.0,1357.0,1717.0,915.0,2159.0,1032.0,702.0,539.0,664.0,1749.0,2021.0,2283.0,1174.0,1654.0,1902.0,1275.0,1676.0,912.0,2149.0,927.0,586.0,576.0,1875.0,2062.0,2297.0,930.0,1475.0,1732.0,1530.0,2071.0,1412.0,2617.0,1055.0,618.0,1302.0,1489.0,1730.0,518.0,995.0,1247.0,1010.0,1636.0,1186.0,2257.0,504.0,137.0,385.0,643.0,1229.0,987.0,997.0,580.0,1065.0,1475.0,1740.0,838.0,1266.0,272.0,1279.0,881.0,793.0,951.0,1434.0,1844.0,2091.0,1095.0,1486.0,1469.0,1006.0,852.0,1219.0,1658.0,2113.0,2288.0,1359.0,1737.0,548.0,804.0,1180.0,1884.0,1629.0,2560.0,714.0,632.0,257.0,1207.0,1904.0,1903.0,2604.0,923.0,1072.0,1330.0,1997.0,2092.0,2694.0,1124.0,1317.0,713.0,895.0,1407.0,513.0,922.0,890.0,700.0,1185.0,1521.0,1245.0,981.0,1049.0,1849.0,2131.0,438.0,2637.0,2200.0,1511.0,1247.0,1978.0,1862.0,1496.0,1194.0,648.0,257.0,669.0,226.0,1210.0,1656.0,2091.0,2192.0,1139.0,1297.0
R14,Vollblut,540.0,R14_080226_1.JPG,1196.0,1254.0,1728.0,2247.0,2159.0,2831.0,2475.0,2153.0,2436.0,2627.0,2963.0,3067.0,3196.0,1774.0,1149.0,1450.0,561.0,2183.0,2339.0,821.0,973.0,1067.0,965.0,1634.0,1337.0,1468.0,1753.0,2006.0,1856.0,2074.0,2258.0,976.0,801.0,258.0,995.0,1162.0,1194.0,500.0,1634.0,1476.0,2019.0,1456.0,900.0,1186.0,1394.0,1856.0,1859.0,1962.0,558.0,106.0,880.0,734.0,1051.0,1352.0,1424.0,1249.0,1670.0,1032.0,497.0,787.0,1035.0,1377.0,1360.0,1470.0,67.0,604.0,889.0,1231.0,587.0,955.0,177.0,648.0,830.0,1757.0,1949.0,2207.0,1282.0,1719.0,1967.0,1375.0,1674.0,840.0,2046.0,1087.0,733.0,679.0,698.0,1581.0,1777.0,2036.0,1184.0,1592.0,1835.0,1199.0,1521.0,722.0,1923.0,916.0,586.0,700.0,1843.0,1948.0,2174.0,886.0,1398.0,1655.0,1607.0,2084.0,1383.0,2557.0,1147.0,725.0,1145.0,1252.0,1485.0,529.0,894.0,1139.0,966.0,1539.0,1088.0,2097.0,464.0,145.0,293.0,538.0,1299.0,1098.0,1130.0,493.0,1004.0,1364.0,1618.0,704.0,1130.0,265.0,1285.0,973.0,943.0,777.0,1289.0,1635.0,1894.0,864.0,1269.0,1453.0,1067.0,973.0,1031.0,1492.0,1896.0,2075.0,1121.0,1514.0,517.0,771.0,1312.0,1951.0,1612.0,2546.0,806.0,674.0,257.0,1305.0,1964.0,1858.0,2589.0,914.0,1015.0,1422.0,2068.0,2054.0,2696.0,1098.0,1253.0,661.0,875.0,1285.0,520.0,891.0,891.0,628.0,1146.0,1431.0,1206.0,958.0,944.0,1745.0,1973.0,427.0,2330.0,2007.0,1305.0,1033.0,1969.0,1835.0,1566.0,1140.0,538.0,257.0,713.0,249.0,1032.0,1382.0,1890.0,1798.0,997.0,1249.0
R14,Vollblut,540.0,R14_080226_3.JPG,1311.0,1273.0,1795.0,2370.0,2390.0,2964.0,2672.0,2161.0,2455.0,2609.0,3241.0,3449.0,3475.0,1876.0,1171.0,1566.0,538.0,2284.0,2477.0,826.0,1003.0,1076.0,1084.0,1653.0,1410.0,1519.0,1838.0,2080.0,2021.0,2335.0,2424.0,984.0,824.0,258.0,1114.0,1176.0,1212.0,532.0,1692.0,1645.0,2101.0,1625.0,909.0,1221.0,1417.0,2097.0,2218.0,2220.0,636.0,104.0,917.0,788.0,1108.0,1456.0,1510.0,1427.0,1768.0,1210.0,518.0,835.0,1080.0,1604.0,1688.0,1688.0,139.0,636.0,947.0,1320.0,630.0,1074.0,129.0,659.0,829.0,1933.0,2175.0,2440.0,1409.0,1903.0,2088.0,1395.0,1741.0,844.0,2182.0,1142.0,720.0,591.0,700.0,1833.0,2067.0,2331.0,1286.0,1775.0,1959.0,1307.0,1700.0,839.0,2174.0,1027.0,592.0,634.0,2063.0,2228.0,2477.0,951.0,1501.0,1728.0,1632.0,2171.0,1399.0,2710.0,1210.0,703.0,1443.0,1595.0,1842.0,633.0,1080.0,1259.0,1071.0,1711.0,1160.0,2328.0,602.0,198.0,323.0,562.0,1649.0,1557.0,1481.0,573.0,1002.0,1460.0,1641.0,854.0,1365.0,265.0,1681.0,1481.0,1357.0,873.0,1311.0,1766.0,1926.0,1049.0,1552.0,1879.0,1617.0,1460.0,1129.0,1498.0,2021.0,2073.0,1310.0,1808.0,552.0,790.0,1475.0,2194.0,1779.0,2852.0,989.0,822.0,251.0,1584.0,2321.0,2117.0,3003.0,1177.0,1233.0,1599.0,2324.0,2222.0,3008.0,1249.0,1393.0,738.0,894.0,1419.0,494.0,936.0,942.0,684.0,1205.0,1538.0,1338.0,986.0,963.0,1869.0,2142.0,511.0,2377.0,2071.0,1391.0,1069.0,2080.0,1951.0,1692.0,1255.0,556.0,235.0,745.0,206.0,1091.0,1457.0,1973.0,1869.0,1050.0,1366.0
R14,Vollblut,540.0,R14_080226_4.JPG,1313.0,1287.0,1767.0,2274.0,2358.0,2848.0,2620.0,2139.0,2436.0,2595.0,3140.0,3350.0,3380.0,1844.0,1186.0,1487.0,546.0,2261.0,2431.0,829.0,947.0,976.0,1048.0,1535.0,1358.0,1494.0,1825.0,2067.0,1914.0,2232.0,2321.0,961.0,837.0,179.0,1086.0,1137.0,1166.0,501.0,1593.0,1598.0,1984.0,1564.0,872.0,1192.0,1392.0,1994.0,2108.0,2114.0,591.0,105.0,867.0,780.0,1086.0,1401.0,1381.0,1341.0,1637.0,1140.0,549.0,878.0,1123.0,1515.0,1607.0,1617.0,97.0,607.0,884.0,1278.0,618.0,1005.0,151.0,625.0,806.0,1844.0,2111.0,2370.0,1331.0,1821.0,1991.0,1322.0,1650.0,821.0,2053.0,1048.0,689.0,502.0,662.0,1775.0,2028.0,2285.0,1180.0,1674.0,1847.0,1273.0,1662.0,882.0,2107.0,950.0,560.0,597.0,1970.0,2164.0,2407.0,894.0,1444.0,1651.0,1553.0,2062.0,1362.0,2566.0,1101.0,650.0,1395.0,1571.0,1811.0,570.0,1017.0,1186.0,1046.0,1656.0,1181.0,2248.0,542.0,192.0,334.0,575.0,1587.0,1482.0,1415.0,559.0,963.0,1432.0,1605.0,868.0,1322.0,259.0,1651.0,1431.0,1315.0,878.0,1277.0,1758.0,1895.0,1086.0,1532.0,1847.0,1566.0,1420.0,1130.0,1467.0,2007.0,2049.0,1340.0,1782.0,555.0,773.0,1418.0,2095.0,1740.0,2730.0,909.0,756.0,229.0,1519.0,2213.0,2072.0,2883.0,1107.0,1166.0,1536.0,2219.0,2169.0,2894.0,1184.0,1317.0,696.0,881.0,1364.0,522.0,916.0,895.0,675.0,1186.0,1490.0,1231.0,989.0,990.0,1827.0,2067.0,454.0,2422.0,2045.0,1382.0,1100.0,1989.0,1848.0,1612.0,1186.0,562.0,228.0,721.0,185.0,1083.0,1445.0,1953.0,1906.0,1038.0,1303.0
R15,G-Pony,455.0,R15_080226_2.JPG,1222.0,1277.0,1705.0,2151.0,2084.0,2687.0,2477.0,2120.0,2457.0,2662.0,2972.0,3247.0,3341.0,1756.0,1119.0,1373.0,499.0,2146.0,2337.0,832.0,891.0,968.0,877.0,1470.0,1279.0,1395.0,1735.0,2008.0,1799.0,2161.0,2308.0,889.0,773.0,151.0,1006.0,1051.0,1136.0,483.0,1616.0,1481.0,1955.0,1525.0,843.0,1183.0,1402.0,1911.0,2060.0,2113.0,555.0,159.0,876.0,803.0,1057.0,1410.0,1374.0,1226.0,1595.0,1100.0,505.0,850.0,1118.0,1440.0,1579.0,1644.0,79.0,618.0,851.0,1261.0,601.0,1003.0,151.0,583.0,782.0,1749.0,1995.0,2278.0,1273.0,1803.0,2034.0,1316.0,1628.0,834.0,1974.0,1019.0,695.0,607.0,681.0,1598.0,1847.0,2130.0,1196.0,1706.0,1928.0,1166.0,1501.0,735.0,1878.0,873.0,577.0,587.0,1832.0,1991.0,2250.0,868.0,1438.0,1699.0,1521.0,2007.0,1322.0,2453.0,1061.0,618.0,1261.0,1404.0,1663.0,538.0,1025.0,1252.0,1021.0,1611.0,1132.0,2154.0,512.0,143.0,351.0,613.0,1419.0,1365.0,1351.0,511.0,1002.0,1346.0,1642.0,774.0,1215.0,286.0,1430.0,1235.0,1155.0,847.0,1341.0,1677.0,1972.0,980.0,1391.0,1631.0,1348.0,1214.0,1122.0,1559.0,1956.0,2168.0,1260.0,1660.0,571.0,835.0,1363.0,2022.0,1655.0,2613.0,858.0,676.0,271.0,1514.0,2197.0,2032.0,2833.0,1117.0,1139.0,1587.0,2259.0,2188.0,2905.0,1258.0,1353.0,684.0,835.0,1321.0,522.0,926.0,843.0,650.0,1165.0,1488.0,1143.0,931.0,989.0,1763.0,2019.0,444.0,2436.0,2007.0,1337.0,1118.0,2027.0,1909.0,1674.0,1247.0,613.0,271.0,810.0,246.0,1118.0,1479.0,1944.0,1957.0,1103.0,1334.0
R15,G-Pony,455.0,R15_080226_4.JPG,1170.0,997.0,1490.0,2132.0,2194.0,2636.0,2331.0,1834.0,2161.0,2339.0,2674.0,2765.0,2848.0,1546.0,892.0,1352.0,374.0,1959.0,2259.0,842.0,913.0,964.0,1024.0,1473.0,1249.0,1410.0,1753.0,2014.0,1679.0,1929.0,2084.0,902.0,801.0,188.0,1035.0,1054.0,1174.0,515.0,1630.0,1620.0,1981.0,1534.0,847.0,1188.0,1397.0,1776.0,1791.0,1858.0,586.0,108.0,913.0,643.0,1058.0,1472.0,1383.0,1327.0,1608.0,1095.0,497.0,843.0,1101.0,1274.0,1280.0,1360.0,84.0,607.0,875.0,1152.0,573.0,1044.0,160.0,584.0,742.0,1778.0,2033.0,2304.0,1230.0,1684.0,1903.0,1316.0,1636.0,793.0,1987.0,1042.0,698.0,463.0,589.0,1693.0,1930.0,2199.0,1072.0,1533.0,1755.0,1255.0,1637.0,842.0,2023.0,934.0,550.0,577.0,1880.0,2050.0,2301.0,905.0,1419.0,1652.0,1527.0,2014.0,1287.0,2442.0,1100.0,597.0,1312.0,1473.0,1725.0,498.0,944.0,1168.0,1012.0,1588.0,1067.0,2077.0,543.0,74.0,353.0,604.0,1300.0,1104.0,1100.0,520.0,955.0,1366.0,1467.0,782.0,1283.0,274.0,1338.0,1010.0,933.0,854.0,1296.0,1697.0,1789.0,995.0,1460.0,1545.0,1155.0,1028.0,1119.0,1503.0,1965.0,1965.0,1264.0,1718.0,517.0,750.0,1195.0,1852.0,1509.0,2380.0,722.0,559.0,233.0,1219.0,1886.0,1785.0,2431.0,875.0,985.0,1311.0,1959.0,1951.0,2501.0,1034.0,1205.0,672.0,847.0,1216.0,491.0,961.0,892.0,545.0,1131.0,1524.0,1194.0,917.0,993.0,1658.0,2008.0,506.0,2212.0,1982.0,1382.0,1084.0,1882.0,1725.0,1483.0,1139.0,597.0,243.0,651.0,207.0,1084.0,1485.0,1893.0,1857.0,1004.0,1188.0
R15,G-Pony,455.0,R15_080226_5.JPG,1039.0,830.0,1321.0,2012.0,2049.0,2498.0,2171.0,1698.0,2024.0,2200.0,2507.0,2601.0,2671.0,1375.0,767.0,1250.0,371.0,1809.0,2114.0,851.0,908.0,972.0,1016.0,1477.0,1242.0,1428.0,1774.0,2025.0,1672.0,1923.0,2072.0,902.0,820.0,224.0,968.0,1065.0,1184.0,522.0,1650.0,1621.0,1994.0,1545.0,873.0,1209.0,1408.0,1781.0,1802.0,1853.0,588.0,66.0,942.0,484.0,1082.0,1492.0,1389.0,1314.0,1607.0,1097.0,520.0,868.0,1117.0,1271.0,1285.0,1351.0,75.0,573.0,869.0,999.0,586.0,1051.0,165.0,586.0,734.0,1795.0,2057.0,2322.0,1226.0,1675.0,1900.0,1331.0,1648.0,770.0,1909.0,1049.0,706.0,474.0,572.0,1690.0,1937.0,2199.0,1061.0,1514.0,1741.0,1252.0,1626.0,799.0,1918.0,923.0,547.0,567.0,1880.0,2060.0,2307.0,893.0,1397.0,1643.0,1535.0,2009.0,1256.0,2338.0,1091.0,590.0,1319.0,1494.0,1743.0,502.0,943.0,1173.0,1022.0,1572.0,1026.0,1948.0,538.0,58.0,352.0,597.0,1291.0,1098.0,1069.0,534.0,938.0,1378.0,1337.0,792.0,1291.0,267.0,1346.0,1024.0,918.0,873.0,1275.0,1710.0,1657.0,1014.0,1478.0,1554.0,1175.0,1021.0,1129.0,1474.0,1971.0,1829.0,1276.0,1730.0,506.0,752.0,1199.0,1823.0,1471.0,2236.0,704.0,545.0,246.0,1227.0,1856.0,1753.0,2283.0,859.0,968.0,1303.0,1911.0,1917.0,2337.0,1013.0,1195.0,636.0,845.0,1061.0,512.0,977.0,925.0,427.0,1121.0,1519.0,1143.0,904.0,969.0,1532.0,1893.0,504.0,2120.0,1989.0,1400.0,1098.0,1872.0,1707.0,1454.0,1138.0,586.0,232.0,642.0,207.0,1092.0,1464.0,1880.0,1760.0,994.0,1171.0
R15,G-Pony,455.0,R15_080226_3.JPG,1107.0,1078.0,1506.0,2046.0,1937.0,2545.0,2285.0,1934.0,2258.0,2438.0,2831.0,3056.0,3143.0,1594.0,969.0,1246.0,428.0,1954.0,2156.0,770.0,813.0,973.0,842.0,1442.0,1209.0,1328.0,1656.0,1904.0,1785.0,2101.0,2243.0,843.0,730.0,140.0,946.0,999.0,1079.0,476.0,1603.0,1430.0,1934.0,1478.0,856.0,1183.0,1377.0,1926.0,2046.0,2100.0,576.0,110.0,822.0,677.0,1018.0,1365.0,1357.0,1172.0,1579.0,1055.0,517.0,851.0,1093.0,1459.0,1574.0,1640.0,102.0,567.0,782.0,1134.0,559.0,957.0,186.0,556.0,767.0,1725.0,1961.0,2223.0,1291.0,1789.0,2014.0,1307.0,1608.0,849.0,1919.0,1052.0,704.0,612.0,653.0,1542.0,1784.0,2046.0,1215.0,1685.0,1899.0,1121.0,1441.0,709.0,1781.0,878.0,568.0,613.0,1808.0,1961.0,2205.0,904.0,1449.0,1702.0,1501.0,1967.0,1305.0,2365.0,1106.0,654.0,1206.0,1348.0,1592.0,592.0,1032.0,1249.0,964.0,1535.0,1073.0,2021.0,522.0,130.0,338.0,576.0,1404.0,1331.0,1320.0,491.0,966.0,1287.0,1526.0,705.0,1155.0,264.0,1404.0,1199.0,1125.0,813.0,1293.0,1606.0,1843.0,909.0,1326.0,1589.0,1306.0,1182.0,1065.0,1487.0,1860.0,2015.0,1170.0,1578.0,548.0,807.0,1358.0,2002.0,1652.0,2531.0,909.0,716.0,263.0,1477.0,2141.0,1984.0,2705.0,1115.0,1129.0,1549.0,2201.0,2134.0,2772.0,1244.0,1334.0,665.0,796.0,1229.0,460.0,870.0,799.0,572.0,1093.0,1418.0,1072.0,893.0,944.0,1630.0,1896.0,453.0,2191.0,1906.0,1295.0,1093.0,2005.0,1869.0,1687.0,1237.0,577.0,250.0,783.0,243.0,1064.0,1393.0,1858.0,1783.0,1052.0,1303.0
R15,G-Pony,455.0,R15_080226_6.JPG,1133.0,951.0,1462.0,2138.0,2210.0,2578.0,2328.0,1851.0,2186.0,2382.0,2594.0,2707.0,2805.0,1531.0,906.0,1297.0,406.0,1973.0,2246.0,843.0,911.0,1006.0,1082.0,1461.0,1308.0,1463.0,1823.0,2094.0,1657.0,1923.0,2096.0,935.0,857.0,174.0,1044.0,1113.0,1214.0,537.0,1655.0,1644.0,1943.0,1552.0,909.0,1259.0,1482.0,1735.0,1778.0,1860.0,612.0,50.0,902.0,587.0,1113.0,1491.0,1374.0,1306.0,1534.0,1071.0,552.0,913.0,1184.0,1206.0,1247.0,1347.0,75.0,588.0,864.0,1121.0,596.0,1028.0,199.0,552.0,793.0,1805.0,2079.0,2356.0,1202.0,1658.0,1896.0,1337.0,1690.0,848.0,2022.0,1050.0,710.0,392.0,602.0,1694.0,1946.0,2219.0,1007.0,1470.0,1711.0,1260.0,1683.0,913.0,2058.0,912.0,526.0,561.0,1827.0,2020.0,2276.0,863.0,1358.0,1606.0,1476.0,1986.0,1289.0,2401.0,1025.0,546.0,1284.0,1461.0,1715.0,416.0,868.0,1111.0,1003.0,1600.0,1141.0,2079.0,499.0,99.0,366.0,631.0,1232.0,1046.0,1045.0,538.0,949.0,1412.0,1462.0,803.0,1282.0,282.0,1304.0,982.0,894.0,891.0,1296.0,1764.0,1788.0,1034.0,1482.0,1520.0,1138.0,995.0,1166.0,1515.0,2040.0,1977.0,1308.0,1743.0,496.0,744.0,1131.0,1785.0,1499.0,2301.0,626.0,511.0,248.0,1176.0,1827.0,1787.0,2365.0,810.0,948.0,1282.0,1908.0,1970.0,2445.0,993.0,1187.0,662.0,874.0,1195.0,523.0,963.0,924.0,538.0,1163.0,1538.0,1180.0,979.0,1046.0,1676.0,2007.0,482.0,2338.0,2066.0,1498.0,1165.0,1861.0,1660.0,1408.0,1066.0,623.0,251.0,645.0,219.0,1128.0,1527.0,1967.0,1931.0,999.0,1159.0
