ID,Typ,Gewicht,image_name,poll_withers,poll_shoulder,poll_elbow,poll_croup,poll_hip,poll_dock,poll_knee,poll_carpus,poll_front_fetlock,poll_front_hoof,poll_hock,poll_hind_fetlock,poll_hind_hoof,poll_girth,poll_lower_neck,poll_back,poll_throat,poll_belly,poll_belly_end,withers_shoulder,withers_elbow,withers_croup,withers_hip,withers_dock,withers_knee,withers_carpus,withers_front_fetlock,withers_front_hoof,withers_hock,withers_hind_fetlock,withers_hind_hoof,withers_girth,withers_lower_neck,withers_back,withers_throat,withers_belly,withers_belly_end,shoulder_elbow,shoulder_croup,shoulder_hip,shoulder_dock,shoulder_knee,shoulder_carpus,shoulder_front_fetlock,shoulder_front_hoof,shoulder_hock,shoulder_hind_fetlock,shoulder_hind_hoof,shoulder_girth,shoulder_lower_neck,shoulder_back,shoulder_throat,shoulder_belly,shoulder_belly_end,elbow_croup,elbow_hip,elbow_dock,elbow_knee,elbow_carpus,elbow_front_fetlock,elbow_front_hoof,elbow_hock,elbow_hind_fetlock,elbow_hind_hoof,elbow_girth,elbow_lower_neck,elbow_back,elbow_throat,elbow_belly,elbow_belly_end,croup_hip,croup_dock,croup_knee,croup_carpus,croup_front_fetlock,croup_front_hoof,croup_hock,croup_hind_fetlock,croup_hind_hoof,croup_girth,croup_lower_neck,croup_back,croup_throat,croup_belly,croup_belly_end,hip_dock,hip_knee,hip_carpus,hip_front_fetlock,hip_front_hoof,hip_hock,hip_hind_fetlock,hip_hind_hoof,hip_girth,hip_lower_neck,hip_back,hip_throat,hip_belly,hip_belly_end,dock_knee,dock_carpus,dock_front_fetlock,dock_front_hoof,dock_hock,dock_hind_fetlock,dock_hind_hoof,dock_girth,dock_lower_neck,dock_back,dock_throat,dock_belly,dock_belly_end,knee_carpus,knee_front_fetlock,knee_front_hoof,knee_hock,knee_hind_fetlock,knee_hind_hoof,knee_girth,knee_lower_neck,knee_back,knee_throat,knee_belly,knee_belly_end,carpus_front_fetlock,carpus_front_hoof,carpus_hock,carpus_hind_fetlock,carpus_hind_hoof,carpus_girth,carpus_lower_neck,carpus_back,carpus_throat,carpus_belly,carpus_belly_end,front_fetlock_front_hoof,front_fetlock_hock,front_fetlock_hind_fetlock,front_fetlock_hind_hoof,front_fetlock_girth,front_fetlock_lower_neck,front_fetlock_back,front_fetlock_throat,front_fetlock_belly,front_fetlock_belly_end,front_hoof_hock,front_hoof_hind_fetlock,front_hoof_hind_hoof,front_hoof_girth,front_hoof_lower_neck,front_hoof_back,front_hoof_throat,front_hoof_belly,front_hoof_belly_end,hock_hind_fetlock,hock_hind_hoof,hock_girth,hock_lower_neck,hock_back,hock_throat,hock_belly,hock_belly_end,hind_fetlock_hind_hoof,hind_fetlock_girth,hind_fetlock_lower_neck,hind_fetlock_back,hind_fetlock_throat,hind_fetlock_belly,hind_fetlock_belly_end,hind_hoof_girth,hind_hoof_lower_neck,hind_hoof_back,hind_hoof_throat,hind_hoof_belly,hind_hoof_belly_end,girth_lower_neck,girth_back,girth_throat,girth_belly,girth_belly_end,lower_neck_back,lower_neck_throat,lower_neck_belly,lower_neck_belly_end,back_throat,back_belly,back_belly_end,throat_belly,throat_belly_end,belly_belly_end,poll_height,withers_height,shoulder_height,elbow_height,croup_height,hip_height,dock_height,knee_height,carpus_height,front_fetlock_height,hock_height,hind_fetlock_height,girth_height,lower_neck_height,back_height,throat_height,belly_height,belly_end_height
1,Warmblut,565.0,001_020725_3.jpg,99.0,106.0,142.0,183.0,183.0,226.0,204.0,178.0,204.0,220.0,240.0,248.0,253.0,150.0,92.0,122.0,39.0,179.0,197.0,68.0,79.0,84.0,84.0,127.0,110.0,123.0,150.0,171.0,151.0,170.0,180.0,83.0,68.0,23.0,87.0,95.0,103.0,39.0,128.0,124.0,154.0,117.0,72.0,99.0,117.0,143.0,144.0,147.0,47.0,14.0,73.0,71.0,84.0,112.0,109.0,103.0,124.0,82.0,44.0,71.0,92.0,104.0,106.0,111.0,8.0,54.0,72.0,110.0,47.0,78.0,9.0,51.0,64.0,141.0,160.0,182.0,108.0,142.0,161.0,107.0,136.0,63.0,170.0,83.0,59.0,46.0,55.0,133.0,152.0,173.0,100.0,133.0,152.0,100.0,132.0,62.0,169.0,75.0,50.0,46.0,141.0,153.0,172.0,74.0,114.0,135.0,118.0,165.0,104.0,208.0,82.0,47.0,95.0,107.0,127.0,46.0,78.0,97.0,76.0,130.0,88.0,180.0,37.0,7.0,28.0,48.0,96.0,81.0,79.0,41.0,86.0,114.0,142.0,60.0,94.0,22.0,96.0,70.0,61.0,67.0,112.0,140.0,167.0,77.0,108.0,110.0,78.0,63.0,89.0,129.0,162.0,183.0,98.0,128.0,40.0,61.0,97.0,157.0,131.0,211.0,61.0,52.0,21.0,98.0,159.0,152.0,215.0,74.0,83.0,104.0,161.0,164.0,218.0,87.0,101.0,61.0,73.0,117.0,40.0,72.0,78.0,57.0,98.0,124.0,107.0,77.0,81.0,151.0,173.0,35.0,203.0,172.0,114.0,93.0,160.0,151.0,122.0,95.0,49.0,21.0,51.0,17.0,89.0,123.0,161.0,164.0,86.0,101.0
1,Warmblut,565.0,001_020725_1.jpg,88.0,106.0,138.0,169.0,180.0,210.0,195.0,174.0,201.0,217.0,224.0,234.0,244.0,143.0,89.0,111.0,45.0,171.0,186.0,66.0,80.0,82.0,92.0,123.0,110.0,123.0,150.0,171.0,144.0,163.0,177.0,82.0,64.0,23.0,71.0,95.0,101.0,35.0,120.0,121.0,142.0,113.0,68.0,95.0,113.0,128.0,131.0,138.0,41.0,19.0,68.0,64.0,77.0,105.0,106.0,102.0,117.0,84.0,44.0,71.0,92.0,94.0,96.0,105.0,6.0,54.0,71.0,98.0,45.0,77.0,18.0,48.0,59.0,139.0,159.0,182.0,103.0,138.0,158.0,102.0,130.0,61.0,151.0,80.0,56.0,32.0,43.0,131.0,149.0,172.0,86.0,123.0,143.0,98.0,133.0,70.0,159.0,70.0,41.0,37.0,138.0,151.0,172.0,71.0,111.0,133.0,112.0,156.0,100.0,187.0,77.0,42.0,101.0,114.0,135.0,44.0,80.0,101.0,79.0,129.0,87.0,165.0,41.0,9.0,27.0,48.0,90.0,74.0,74.0,43.0,86.0,114.0,131.0,61.0,96.0,23.0,92.0,65.0,57.0,69.0,112.0,139.0,157.0,79.0,111.0,110.0,77.0,64.0,91.0,129.0,162.0,172.0,102.0,133.0,40.0,62.0,88.0,147.0,123.0,189.0,53.0,48.0,22.0,91.0,150.0,145.0,195.0,69.0,82.0,100.0,157.0,161.0,202.0,85.0,102.0,60.0,71.0,104.0,39.0,71.0,73.0,45.0,95.0,121.0,90.0,76.0,79.0,136.0,157.0,35.0,209.0,172.0,113.0,92.0,156.0,139.0,118.0,97.0,48.0,21.0,53.0,19.0,90.0,126.0,159.0,165.0,86.0,100.0
1,Warmblut,565.0,001_020725_2.jpg,91.0,99.0,131.0,179.0,176.0,225.0,197.0,170.0,198.0,213.0,237.0,247.0,252.0,138.0,86.0,114.0,38.0,168.0,188.0,70.0,77.0,89.0,86.0,135.0,111.0,122.0,151.0,172.0,157.0,177.0,188.0,80.0,64.0,24.0,79.0,94.0,102.0,36.0,135.0,124.0,163.0,121.0,70.0,99.0,116.0,149.0,151.0,154.0,43.0,13.0,75.0,64.0,81.0,113.0,115.0,101.0,134.0,88.0,46.0,75.0,95.0,113.0,116.0,121.0,7.0,47.0,70.0,98.0,45.0,81.0,17.0,54.0,65.0,146.0,167.0,189.0,114.0,151.0,170.0,113.0,137.0,68.0,167.0,91.0,61.0,50.0,50.0,130.0,151.0,172.0,99.0,135.0,153.0,99.0,127.0,62.0,161.0,74.0,45.0,50.0,150.0,162.0,181.0,79.0,121.0,143.0,129.0,168.0,111.0,207.0,94.0,55.0,100.0,113.0,133.0,51.0,86.0,104.0,82.0,128.0,88.0,173.0,45.0,9.0,30.0,50.0,103.0,89.0,87.0,42.0,83.0,113.0,134.0,57.0,96.0,22.0,102.0,76.0,68.0,71.0,112.0,141.0,161.0,76.0,111.0,116.0,85.0,71.0,92.0,129.0,163.0,176.0,98.0,132.0,43.0,65.0,106.0,159.0,135.0,208.0,69.0,58.0,22.0,110.0,163.0,158.0,214.0,83.0,90.0,115.0,167.0,170.0,218.0,95.0,108.0,54.0,72.0,105.0,39.0,75.0,73.0,51.0,90.0,120.0,99.0,76.0,79.0,139.0,164.0,39.0,192.0,172.0,110.0,95.0,169.0,153.0,132.0,104.0,50.0,21.0,57.0,18.0,92.0,121.0,162.0,156.0,90.0,108.0
2,Warmblut,591.0,002_030725_1.JPG,108.0,105.0,144.0,195.0,193.0,241.0,212.0,171.0,195.0,210.0,256.0,269.0,273.0,149.0,95.0,128.0,44.0,188.0,206.0,70.0,78.0,88.0,86.0,133.0,107.0,116.0,140.0,160.0,156.0,176.0,185.0,78.0,68.0,20.0,89.0,94.0,102.0,40.0,140.0,133.0,172.0,128.0,66.0,91.0,108.0,163.0,168.0,170.0,46.0,11.0,76.0,64.0,94.0,124.0,122.0,113.0,144.0,95.0,37.0,62.0,82.0,125.0,128.0,130.0,7.0,51.0,74.0,104.0,57.0,92.0,11.0,51.0,60.0,151.0,167.0,187.0,106.0,141.0,156.0,117.0,144.0,70.0,176.0,87.0,58.0,48.0,50.0,141.0,156.0,176.0,97.0,131.0,146.0,107.0,138.0,67.0,173.0,76.0,47.0,53.0,164.0,173.0,191.0,76.0,114.0,131.0,138.0,178.0,114.0,218.0,94.0,55.0,112.0,121.0,138.0,51.0,82.0,96.0,89.0,136.0,88.0,182.0,41.0,5.0,26.0,45.0,126.0,118.0,115.0,38.0,76.0,111.0,128.0,70.0,109.0,21.0,125.0,108.0,102.0,62.0,101.0,134.0,152.0,81.0,119.0,137.0,116.0,107.0,82.0,117.0,154.0,166.0,100.0,137.0,39.0,56.0,118.0,172.0,137.0,222.0,70.0,56.0,17.0,122.0,178.0,159.0,231.0,82.0,85.0,125.0,181.0,169.0,234.0,91.0,99.0,56.0,72.0,110.0,50.0,85.0,77.0,54.0,103.0,131.0,106.0,78.0,83.0,153.0,177.0,39.0,190.0,160.0,104.0,82.0,156.0,146.0,127.0,96.0,45.0,20.0,53.0,16.0,81.0,112.0,151.0,149.0,79.0,99.0
2,Warmblut,591.0,002_030725_2.JPG,104.0,104.0,143.0,185.0,184.0,230.0,206.0,171.0,195.0,211.0,251.0,266.0,273.0,147.0,94.0,123.0,40.0,185.0,199.0,69.0,79.0,82.0,80.0,126.0,104.0,116.0,140.0,161.0,153.0,174.0,184.0,77.0,67.0,19.0,92.0,93.0,98.0,41.0,134.0,128.0,166.0,126.0,67.0,93.0,110.0,163.0,169.0,173.0,47.0,10.0,74.0,69.0,94.0,120.0,117.0,109.0,140.0,94.0,37.0,62.0,82.0,125.0,129.0,132.0,8.0,50.0,73.0,109.0,58.0,89.0,10.0,48.0,58.0,146.0,163.0,183.0,103.0,136.0,153.0,111.0,137.0,66.0,174.0,82.0,55.0,47.0,49.0,137.0,153.0,173.0,94.0,128.0,144.0,102.0,131.0,63.0,171.0,71.0,46.0,50.0,159.0,170.0,187.0,71.0,109.0,128.0,132.0,171.0,108.0,215.0,88.0,53.0,110.0,120.0,137.0,50.0,79.0,95.0,86.0,133.0,85.0,184.0,38.0,6.0,26.0,45.0,127.0,120.0,118.0,40.0,77.0,109.0,134.0,72.0,106.0,21.0,127.0,112.0,107.0,63.0,102.0,132.0,158.0,84.0,118.0,139.0,119.0,111.0,84.0,119.0,153.0,172.0,102.0,135.0,38.0,57.0,117.0,171.0,134.0,226.0,69.0,55.0,19.0,122.0,178.0,156.0,237.0,82.0,84.0,126.0,183.0,167.0,241.0,92.0,99.0,56.0,69.0,115.0,50.0,81.0,74.0,59.0,102.0,127.0,108.0,76.0,79.0,158.0,177.0,35.0,196.0,160.0,107.0,82.0,153.0,143.0,125.0,94.0,45.0,20.0,54.0,17.0,83.0,115.0,149.0,157.0,80.0,98.0
3,Kleinpferd,500.0,003_030725_3.JPG,94.0,92.0,122.0,183.0,184.0,231.0,199.0,151.0,171.0,179.0,240.0,252.0,258.0,132.0,76.0,112.0,41.0,169.0,188.0,67.0,74.0,89.0,89.0,137.0,111.0,116.0,138.0,153.0,156.0,175.0,186.0,73.0,62.0,18.0,78.0,91.0,100.0,31.0,137.0,133.0,169.0,124.0,61.0,84.0,95.0,159.0,164.0,169.0,44.0,16.0,71.0,52.0,87.0,114.0,123.0,116.0,146.0,96.0,42.0,65.0,80.0,129.0,133.0,137.0,15.0,46.0,70.0,83.0,58.0,88.0,11.0,57.0,68.0,155.0,172.0,190.0,107.0,141.0,157.0,111.0,141.0,74.0,165.0,87.0,62.0,51.0,57.0,147.0,163.0,181.0,96.0,130.0,146.0,104.0,137.0,73.0,164.0,77.0,51.0,55.0,167.0,178.0,195.0,69.0,106.0,124.0,132.0,177.0,120.0,208.0,92.0,59.0,113.0,123.0,140.0,46.0,74.0,89.0,82.0,134.0,93.0,168.0,39.0,11.0,23.0,38.0,132.0,124.0,123.0,46.0,77.0,111.0,110.0,75.0,108.0,17.0,135.0,120.0,117.0,68.0,98.0,133.0,130.0,88.0,120.0,150.0,132.0,126.0,84.0,109.0,149.0,138.0,105.0,137.0,38.0,55.0,115.0,171.0,138.0,207.0,72.0,57.0,18.0,120.0,178.0,159.0,215.0,84.0,83.0,126.0,183.0,171.0,221.0,95.0,97.0,58.0,66.0,95.0,44.0,74.0,70.0,37.0,99.0,124.0,92.0,76.0,82.0,135.0,158.0,33.0,163.0,152.0,94.0,78.0,156.0,145.0,121.0,88.0,37.0,14.0,54.0,17.0,79.0,106.0,145.0,127.0,77.0,94.0
3,Kleinpferd,500.0,003_030725_1.JPG,98.0,111.0,140.0,176.0,183.0,217.0,196.0,175.0,196.0,205.0,228.0,241.0,247.0,145.0,94.0,113.0,45.0,176.0,188.0,65.0,72.0,79.0,85.0,119.0,101.0,115.0,136.0,151.0,136.0,156.0,166.0,76.0,65.0,15.0,77.0,89.0,93.0,33.0,119.0,119.0,142.0,107.0,64.0,86.0,97.0,130.0,135.0,139.0,37.0,18.0,65.0,69.0,76.0,100.0,102.0,99.0,115.0,78.0,43.0,65.0,79.0,97.0,102.0,107.0,5.0,50.0,64.0,100.0,44.0,71.0,12.0,48.0,57.0,133.0,148.0,164.0,93.0,125.0,139.0,102.0,129.0,66.0,156.0,78.0,54.0,37.0,46.0,127.0,141.0,157.0,82.0,114.0,128.0,98.0,130.0,71.0,160.0,71.0,44.0,40.0,133.0,142.0,157.0,60.0,94.0,110.0,113.0,156.0,105.0,191.0,76.0,45.0,93.0,102.0,117.0,38.0,68.0,82.0,75.0,123.0,86.0,164.0,37.0,8.0,22.0,36.0,94.0,85.0,83.0,39.0,81.0,107.0,131.0,57.0,89.0,16.0,95.0,78.0,72.0,60.0,102.0,128.0,152.0,70.0,100.0,108.0,87.0,79.0,75.0,111.0,143.0,161.0,86.0,115.0,34.0,49.0,93.0,147.0,122.0,193.0,54.0,45.0,16.0,97.0,153.0,142.0,202.0,67.0,72.0,102.0,157.0,152.0,207.0,77.0,86.0,55.0,68.0,105.0,40.0,69.0,69.0,51.0,93.0,115.0,89.0,76.0,78.0,139.0,156.0,32.0,191.0,152.0,95.0,79.0,140.0,129.0,103.0,83.0,36.0,14.0,46.0,14.0,75.0,106.0,143.0,147.0,71.0,87.0
4,Warmblut,512.0,004_030725_3.JPG,79.0,98.0,134.0,171.0,170.0,218.0,198.0,167.0,192.0,207.0,249.0,272.0,281.0,141.0,84.0,104.0,36.0,170.0,185.0,66.0,80.0,96.0,92.0,140.0,120.0,119.0,145.0,163.0,171.0,197.0,208.0,81.0,59.0,25.0,66.0,97.0,107.0,41.0,139.0,131.0,171.0,133.0,69.0,94.0,109.0,177.0,191.0,197.0,52.0,14.0,72.0,64.0,92.0,121.0,121.0,109.0,142.0,99.0,39.0,66.0,84.0,139.0,150.0,155.0,12.0,54.0,71.0,102.0,55.0,88.0,13.0,50.0,62.0,151.0,170.0,189.0,105.0,141.0,158.0,112.0,141.0,73.0,161.0,84.0,58.0,48.0,50.0,138.0,157.0,176.0,96.0,131.0,147.0,100.0,133.0,68.0,157.0,71.0,45.0,48.0,162.0,175.0,192.0,66.0,105.0,123.0,131.0,175.0,115.0,204.0,91.0,56.0,115.0,127.0,144.0,51.0,83.0,98.0,87.0,141.0,94.0,177.0,45.0,13.0,27.0,45.0,142.0,143.0,144.0,42.0,83.0,110.0,133.0,71.0,106.0,19.0,146.0,140.0,137.0,67.0,108.0,136.0,157.0,87.0,121.0,159.0,148.0,143.0,86.0,123.0,155.0,171.0,105.0,138.0,39.0,57.0,127.0,186.0,146.0,226.0,85.0,64.0,18.0,139.0,202.0,173.0,247.0,103.0,93.0,145.0,208.0,184.0,254.0,112.0,107.0,63.0,69.0,111.0,43.0,76.0,70.0,50.0,102.0,128.0,89.0,75.0,82.0,144.0,164.0,35.0,199.0,163.0,107.0,83.0,154.0,142.0,123.0,92.0,44.0,18.0,57.0,18.0,82.0,120.0,150.0,164.0,82.0,97.0
5,Kleinpferd,480.0,005_010725_2.JPG,82.0,78.0,113.0,152.0,158.0,191.0,170.0,140.0,163.0,175.0,204.0,216.0,225.0,120.0,66.0,95.0,37.0,152.0,165.0,58.0,70.0,71.0,77.0,109.0,91.0,105.0,129.0,147.0,128.0,147.0,160.0,69.0,55.0,14.0,66.0,83.0,86.0,36.0,116.0,119.0,142.0,112.0,63.0,87.0,101.0,137.0,142.0,150.0,45.0,12.0,62.0,42.0,82.0,106.0,105.0,106.0,120.0,87.0,35.0,60.0,77.0,105.0,107.0,114.0,12.0,47.0,66.0,77.0,51.0,82.0,8.0,46.0,50.0,134.0,153.0,171.0,89.0,119.0,137.0,97.0,118.0,59.0,136.0,77.0,49.0,37.0,43.0,133.0,151.0,169.0,82.0,113.0,131.0,97.0,122.0,65.0,141.0,74.0,44.0,35.0,140.0,153.0,169.0,56.0,90.0,108.0,109.0,147.0,96.0,170.0,76.0,40.0,105.0,118.0,135.0,41.0,70.0,87.0,76.0,119.0,77.0,144.0,41.0,5.0,25.0,42.0,110.0,101.0,102.0,39.0,74.0,101.0,102.0,64.0,100.0,18.0,115.0,99.0,96.0,61.0,98.0,125.0,125.0,78.0,114.0,128.0,109.0,103.0,79.0,112.0,143.0,138.0,95.0,131.0,34.0,52.0,94.0,146.0,115.0,174.0,55.0,44.0,18.0,97.0,153.0,135.0,183.0,65.0,71.0,105.0,161.0,149.0,191.0,77.0,88.0,56.0,63.0,86.0,39.0,70.0,61.0,30.0,91.0,113.0,77.0,72.0,73.0,120.0,139.0,36.0,170.0,144.0,101.0,76.0,138.0,131.0,105.0,88.0,41.0,16.0,50.0,18.0,75.0,112.0,137.0,134.0,69.0,88.0
5,Kleinpferd,480.0,005_010725_3.JPG,88.0,77.0,111.0,153.0,152.0,197.0,176.0,134.0,156.0,170.0,223.0,243.0,252.0,117.0,70.0,97.0,38.0,152.0,168.0,62.0,69.0,65.0,64.0,109.0,93.0,103.0,128.0,148.0,141.0,167.0,179.0,67.0,60.0,10.0,71.0,82.0,85.0,35.0,115.0,111.0,147.0,115.0,58.0,81.0,98.0,158.0,172.0,178.0,42.0,8.0,64.0,40.0,82.0,108.0,103.0,97.0,125.0,88.0,34.0,59.0,79.0,127.0,138.0,143.0,9.0,42.0,66.0,74.0,50.0,81.0,7.0,48.0,55.0,133.0,152.0,173.0,97.0,131.0,148.0,96.0,117.0,57.0,135.0,77.0,52.0,46.0,49.0,126.0,145.0,166.0,92.0,125.0,142.0,89.0,113.0,55.0,132.0,70.0,45.0,42.0,147.0,160.0,179.0,59.0,95.0,115.0,116.0,150.0,99.0,174.0,82.0,46.0,106.0,119.0,137.0,49.0,77.0,93.0,79.0,120.0,83.0,148.0,41.0,8.0,25.0,44.0,135.0,137.0,137.0,38.0,65.0,101.0,95.0,65.0,101.0,21.0,140.0,135.0,132.0,61.0,89.0,124.0,117.0,79.0,115.0,154.0,146.0,140.0,82.0,105.0,145.0,132.0,99.0,134.0,36.0,56.0,118.0,163.0,132.0,193.0,76.0,56.0,20.0,130.0,178.0,158.0,210.0,91.0,84.0,136.0,185.0,170.0,217.0,100.0,99.0,49.0,63.0,81.0,41.0,72.0,64.0,32.0,88.0,112.0,78.0,74.0,76.0,119.0,140.0,36.0,161.0,144.0,98.0,76.0,142.0,135.0,115.0,87.0,43.0,19.0,56.0,20.0,77.0,105.0,139.0,127.0,71.0,90.0
6,Warmblut,495.0,006_030725_3.JPG,104.0,111.0,148.0,189.0,184.0,236.0,208.0,179.0,205.0,221.0,258.0,275.0,285.0,155.0,99.0,125.0,43.0,181.0,199.0,66.0,78.0,87.0,81.0,132.0,106.0,117.0,144.0,165.0,160.0,185.0,201.0,79.0,62.0,21.0,85.0,89.0,98.0,38.0,132.0,123.0,164.0,120.0,68.0,95.0,113.0,158.0,167.0,175.0,47.0,12.0,72.0,71.0,81.0,111.0,117.0,108.0,138.0,90.0,39.0,66.0,87.0,122.0,129.0,138.0,10.0,50.0,73.0,109.0,48.0,82.0,9.0,51.0,60.0,145.0,164.0,186.0,112.0,154.0,176.0,110.0,135.0,68.0,172.0,86.0,58.0,54.0,54.0,136.0,156.0,177.0,108.0,148.0,170.0,101.0,127.0,61.0,165.0,77.0,51.0,51.0,155.0,167.0,186.0,78.0,126.0,149.0,129.0,170.0,111.0,214.0,94.0,57.0,104.0,116.0,136.0,56.0,94.0,116.0,80.0,128.0,86.0,180.0,43.0,9.0,27.0,48.0,118.0,110.0,113.0,40.0,81.0,111.0,138.0,62.0,98.0,22.0,117.0,99.0,96.0,65.0,107.0,136.0,162.0,79.0,113.0,130.0,104.0,96.0,87.0,125.0,158.0,178.0,100.0,133.0,47.0,71.0,112.0,169.0,140.0,225.0,78.0,63.0,24.0,121.0,179.0,168.0,238.0,96.0,99.0,131.0,188.0,184.0,246.0,112.0,119.0,58.0,71.0,117.0,38.0,72.0,72.0,59.0,91.0,119.0,104.0,73.0,77.0,148.0,170.0,37.0,187.0,166.0,105.0,87.0,175.0,168.0,150.0,115.0,48.0,22.0,71.0,24.0,88.0,114.0,160.0,148.0,95.0,117.0
6,Warmblut,495.0,006_030725_1.JPG,114.0,98.0,136.0,208.0,198.0,256.0,225.0,160.0,181.0,191.0,278.0,293.0,296.0,143.0,89.0,133.0,42.0,182.0,205.0,67.0,78.0,94.0,86.0,144.0,125.0,121.0,147.0,165.0,182.0,209.0,217.0,80.0,69.0,20.0,96.0,95.0,104.0,38.0,139.0,122.0,175.0,132.0,68.0,93.0,108.0,183.0,195.0,198.0,45.0,10.0,73.0,61.0,86.0,114.0,122.0,102.0,149.0,99.0,43.0,68.0,87.0,146.0,158.0,160.0,7.0,47.0,74.0,98.0,51.0,83.0,22.0,56.0,75.0,156.0,175.0,194.0,124.0,164.0,180.0,117.0,146.0,75.0,186.0,90.0,66.0,58.0,58.0,134.0,153.0,172.0,111.0,148.0,163.0,97.0,130.0,66.0,173.0,68.0,45.0,61.0,172.0,184.0,202.0,84.0,128.0,147.0,142.0,184.0,124.0,230.0,102.0,69.0,114.0,124.0,141.0,58.0,91.0,105.0,92.0,142.0,106.0,192.0,48.0,21.0,26.0,44.0,147.0,145.0,143.0,43.0,75.0,117.0,119.0,70.0,103.0,20.0,148.0,139.0,133.0,68.0,99.0,142.0,139.0,86.0,117.0,160.0,146.0,137.0,87.0,114.0,161.0,150.0,104.0,135.0,45.0,64.0,139.0,192.0,164.0,243.0,97.0,78.0,20.0,151.0,205.0,192.0,255.0,115.0,108.0,154.0,207.0,202.0,257.0,122.0,121.0,54.0,74.0,105.0,44.0,76.0,77.0,51.0,96.0,123.0,112.0,81.0,86.0,147.0,173.0,34.0,152.0,166.0,104.0,87.0,174.0,154.0,148.0,99.0,44.0,19.0,64.0,19.0,87.0,107.0,161.0,120.0,90.0,108.0
6,Warmblut,495.0,006_030725_2.JPG,129.0,113.0,152.0,219.0,221.0,266.0,237.0,175.0,193.0,205.0,276.0,286.0,291.0,162.0,104.0,147.0,49.0,197.0,223.0,73.0,83.0,90.0,92.0,138.0,117.0,126.0,148.0,169.0,159.0,180.0,191.0,83.0,72.0,19.0,107.0,92.0,103.0,39.0,143.0,138.0,176.0,137.0,69.0,90.0,108.0,170.0,175.0,179.0,51.0,8.0,78.0,68.0,89.0,123.0,128.0,119.0,151.0,106.0,43.0,65.0,86.0,134.0,136.0,140.0,13.0,48.0,80.0,107.0,55.0,93.0,16.0,54.0,66.0,163.0,181.0,202.0,104.0,139.0,156.0,118.0,147.0,73.0,195.0,89.0,62.0,46.0,50.0,152.0,169.0,189.0,89.0,123.0,140.0,108.0,143.0,74.0,194.0,76.0,45.0,51.0,176.0,189.0,208.0,67.0,106.0,125.0,138.0,182.0,119.0,236.0,99.0,59.0,127.0,138.0,157.0,43.0,74.0,90.0,92.0,143.0,98.0,202.0,51.0,14.0,22.0,43.0,143.0,133.0,131.0,48.0,76.0,122.0,127.0,78.0,117.0,22.0,149.0,133.0,128.0,68.0,97.0,144.0,144.0,93.0,131.0,164.0,144.0,137.0,90.0,114.0,165.0,156.0,113.0,150.0,39.0,58.0,121.0,177.0,141.0,237.0,80.0,56.0,19.0,124.0,183.0,163.0,243.0,91.0,83.0,129.0,187.0,175.0,247.0,100.0,98.0,59.0,76.0,119.0,42.0,80.0,80.0,61.0,97.0,129.0,122.0,77.0,85.0,157.0,187.0,39.0,186.0,166.0,109.0,83.0,157.0,141.0,122.0,91.0,42.0,19.0,56.0,18.0,83.0,115.0,157.0,143.0,82.0,97.0
7,Spezialrasse,381.5,007_030725_3.JPG,86.0,94.0,123.0,159.0,159.0,197.0,176.0,149.0,170.0,184.0,211.0,223.0,231.0,128.0,82.0,99.0,42.0,156.0,171.0,59.0,67.0,76.0,75.0,111.0,91.0,98.0,120.0,138.0,129.0,147.0,159.0,65.0,57.0,13.0,71.0,79.0,86.0,32.0,120.0,115.0,141.0,106.0,55.0,76.0,92.0,131.0,135.0,140.0,39.0,12.0,63.0,55.0,75.0,102.0,107.0,100.0,120.0,81.0,32.0,53.0,71.0,101.0,103.0,109.0,9.0,44.0,65.0,87.0,46.0,78.0,9.0,43.0,57.0,131.0,146.0,164.0,93.0,126.0,143.0,100.0,125.0,64.0,148.0,80.0,53.0,39.0,47.0,123.0,138.0,155.0,85.0,117.0,134.0,92.0,120.0,62.0,145.0,71.0,43.0,43.0,134.0,145.0,160.0,64.0,99.0,118.0,111.0,149.0,98.0,179.0,79.0,44.0,92.0,102.0,118.0,40.0,69.0,87.0,71.0,116.0,80.0,151.0,37.0,6.0,22.0,40.0,100.0,91.0,91.0,34.0,67.0,96.0,109.0,55.0,91.0,19.0,101.0,85.0,80.0,55.0,88.0,117.0,129.0,67.0,102.0,112.0,91.0,82.0,74.0,103.0,136.0,143.0,85.0,118.0,35.0,55.0,92.0,142.0,117.0,182.0,57.0,46.0,19.0,97.0,147.0,138.0,190.0,68.0,74.0,103.0,152.0,150.0,195.0,80.0,91.0,51.0,62.0,93.0,37.0,69.0,64.0,43.0,86.0,111.0,83.0,70.0,74.0,126.0,146.0,36.0,167.0,138.0,88.0,71.0,143.0,134.0,115.0,87.0,40.0,18.0,52.0,18.0,73.0,96.0,135.0,126.0,71.0,91.0
7,Spezialrasse,381.5,007_030725_1.JPG,77.0,85.0,110.0,145.0,148.0,190.0,167.0,144.0,166.0,180.0,198.0,209.0,217.0,115.0,73.0,83.0,42.0,144.0,157.0,60.0,64.0,75.0,74.0,115.0,91.0,101.0,123.0,141.0,123.0,139.0,150.0,61.0,56.0,6.0,65.0,75.0,80.0,30.0,127.0,121.0,154.0,112.0,59.0,81.0,96.0,134.0,135.0,139.0,38.0,12.0,63.0,46.0,76.0,103.0,115.0,107.0,134.0,88.0,38.0,61.0,78.0,106.0,105.0,109.0,10.0,41.0,65.0,74.0,49.0,80.0,13.0,50.0,66.0,143.0,161.0,179.0,96.0,127.0,145.0,107.0,127.0,69.0,140.0,88.0,60.0,43.0,52.0,133.0,149.0,168.0,83.0,114.0,131.0,99.0,123.0,68.0,139.0,76.0,47.0,53.0,151.0,163.0,180.0,68.0,103.0,122.0,125.0,158.0,109.0,178.0,92.0,56.0,100.0,111.0,128.0,34.0,62.0,79.0,78.0,119.0,86.0,145.0,41.0,11.0,23.0,41.0,107.0,93.0,91.0,40.0,71.0,101.0,104.0,60.0,95.0,19.0,111.0,90.0,83.0,62.0,93.0,124.0,126.0,74.0,108.0,125.0,101.0,91.0,80.0,108.0,142.0,139.0,92.0,126.0,35.0,54.0,97.0,143.0,118.0,172.0,58.0,44.0,19.0,98.0,145.0,135.0,177.0,65.0,69.0,103.0,150.0,147.0,183.0,75.0,85.0,48.0,62.0,80.0,39.0,70.0,61.0,34.0,85.0,109.0,71.0,72.0,75.0,115.0,135.0,36.0,177.0,138.0,95.0,77.0,144.0,131.0,110.0,78.0,40.0,16.0,48.0,17.0,77.0,107.0,137.0,135.0,69.0,85.0
8,Warmblut,491.0,008_030725_1.JPG,89.0,100.0,137.0,173.0,171.0,221.0,198.0,169.0,194.0,212.0,253.0,275.0,284.0,144.0,89.0,114.0,36.0,172.0,188.0,66.0,80.0,86.0,83.0,132.0,110.0,122.0,149.0,172.0,167.0,193.0,205.0,78.0,64.0,25.0,79.0,91.0,101.0,40.0,132.0,126.0,165.0,125.0,70.0,96.0,116.0,172.0,186.0,191.0,51.0,10.0,74.0,67.0,89.0,116.0,117.0,110.0,139.0,94.0,43.0,69.0,92.0,135.0,147.0,151.0,14.0,50.0,75.0,107.0,55.0,86.0,7.0,51.0,60.0,152.0,173.0,196.0,109.0,145.0,163.0,104.0,135.0,64.0,165.0,79.0,57.0,51.0,54.0,146.0,167.0,189.0,105.0,140.0,158.0,98.0,130.0,60.0,162.0,72.0,51.0,49.0,165.0,180.0,200.0,71.0,109.0,130.0,125.0,170.0,108.0,209.0,87.0,55.0,116.0,131.0,151.0,57.0,88.0,105.0,79.0,132.0,86.0,179.0,39.0,9.0,27.0,50.0,142.0,142.0,141.0,50.0,80.0,117.0,135.0,78.0,110.0,23.0,147.0,140.0,134.0,75.0,105.0,143.0,159.0,96.0,126.0,162.0,150.0,141.0,98.0,125.0,166.0,177.0,118.0,147.0,38.0,59.0,122.0,181.0,143.0,231.0,84.0,65.0,21.0,135.0,196.0,171.0,250.0,103.0,95.0,141.0,201.0,184.0,257.0,114.0,111.0,61.0,68.0,116.0,40.0,71.0,75.0,57.0,97.0,123.0,102.0,71.0,78.0,148.0,169.0,32.0,206.0,170.0,116.0,90.0,161.0,155.0,130.0,101.0,49.0,22.0,58.0,20.0,92.0,124.0,159.0,169.0,92.0,104.0
8,Warmblut,491.0,008_030725_3.JPG,99.0,109.0,143.0,187.0,183.0,234.0,209.0,176.0,199.0,217.0,251.0,264.0,270.0,150.0,101.0,120.0,42.0,181.0,196.0,67.0,79.0,89.0,85.0,135.0,112.0,123.0,148.0,171.0,158.0,179.0,190.0,78.0,65.0,21.0,83.0,91.0,99.0,36.0,133.0,126.0,166.0,122.0,68.0,93.0,113.0,155.0,159.0,163.0,46.0,8.0,72.0,70.0,87.0,112.0,118.0,111.0,142.0,94.0,44.0,69.0,92.0,121.0,124.0,127.0,12.0,44.0,74.0,105.0,57.0,85.0,8.0,50.0,62.0,154.0,173.0,195.0,108.0,145.0,164.0,108.0,136.0,70.0,171.0,78.0,55.0,51.0,57.0,146.0,165.0,187.0,103.0,140.0,158.0,100.0,129.0,65.0,166.0,71.0,49.0,55.0,167.0,181.0,201.0,80.0,123.0,144.0,130.0,171.0,114.0,214.0,89.0,58.0,114.0,127.0,146.0,49.0,83.0,101.0,81.0,129.0,92.0,182.0,37.0,13.0,25.0,48.0,124.0,111.0,107.0,49.0,75.0,118.0,135.0,79.0,110.0,23.0,128.0,106.0,97.0,73.0,100.0,143.0,157.0,96.0,125.0,142.0,114.0,102.0,95.0,119.0,165.0,174.0,117.0,145.0,44.0,65.0,110.0,162.0,139.0,220.0,70.0,61.0,21.0,115.0,167.0,162.0,229.0,88.0,93.0,120.0,170.0,174.0,232.0,100.0,109.0,53.0,70.0,114.0,44.0,73.0,73.0,62.0,94.0,118.0,102.0,74.0,79.0,150.0,170.0,31.0,202.0,170.0,112.0,91.0,164.0,158.0,136.0,101.0,47.0,22.0,59.0,18.0,92.0,118.0,161.0,162.0,95.0,109.0
11,Warmblut,510.0,011_030725_3.JPG,112.0,85.0,121.0,204.0,203.0,248.0,212.0,142.0,161.0,173.0,258.0,271.0,274.0,139.0,76.0,134.0,35.0,172.0,202.0,75.0,81.0,93.0,93.0,141.0,117.0,126.0,149.0,171.0,169.0,193.0,204.0,82.0,73.0,26.0,105.0,93.0,106.0,37.0,146.0,143.0,180.0,136.0,65.0,87.0,106.0,177.0,186.0,190.0,55.0,9.0,83.0,57.0,92.0,127.0,127.0,123.0,153.0,105.0,45.0,68.0,90.0,142.0,150.0,153.0,20.0,45.0,77.0,93.0,58.0,96.0,5.0,53.0,63.0,165.0,182.0,205.0,109.0,146.0,163.0,112.0,149.0,70.0,192.0,87.0,58.0,51.0,58.0,161.0,177.0,200.0,104.0,141.0,158.0,108.0,146.0,69.0,190.0,82.0,53.0,53.0,181.0,193.0,214.0,72.0,113.0,132.0,134.0,185.0,116.0,232.0,98.0,58.0,129.0,140.0,161.0,53.0,85.0,101.0,85.0,142.0,91.0,191.0,48.0,11.0,23.0,45.0,152.0,148.0,145.0,53.0,73.0,122.0,108.0,83.0,123.0,23.0,156.0,145.0,139.0,73.0,95.0,144.0,126.0,97.0,136.0,172.0,157.0,149.0,96.0,113.0,167.0,138.0,119.0,157.0,40.0,60.0,122.0,184.0,144.0,233.0,86.0,63.0,20.0,132.0,195.0,170.0,242.0,102.0,94.0,136.0,198.0,182.0,245.0,111.0,109.0,63.0,72.0,112.0,38.0,77.0,84.0,49.0,99.0,132.0,123.0,74.0,81.0,148.0,181.0,40.0,155.0,168.0,106.0,87.0,162.0,157.0,131.0,99.0,44.0,21.0,59.0,19.0,86.0,113.0,157.0,124.0,88.0,104.0
12,Vollblut,431.0,012_040725_1.JPG,95.0,76.0,115.0,186.0,179.0,233.0,196.0,141.0,164.0,176.0,246.0,261.0,269.0,126.0,69.0,115.0,35.0,158.0,185.0,70.0,81.0,92.0,85.0,142.0,116.0,125.0,153.0,172.0,172.0,198.0,212.0,82.0,67.0,22.0,84.0,93.0,103.0,39.0,141.0,131.0,176.0,130.0,69.0,96.0,111.0,174.0,186.0,193.0,51.0,8.0,77.0,44.0,87.0,121.0,125.0,113.0,150.0,98.0,44.0,72.0,91.0,138.0,147.0,155.0,14.0,46.0,77.0,82.0,52.0,91.0,11.0,55.0,68.0,161.0,183.0,203.0,116.0,156.0,176.0,114.0,142.0,71.0,171.0,90.0,58.0,58.0,59.0,149.0,172.0,192.0,111.0,149.0,168.0,103.0,132.0,64.0,162.0,78.0,48.0,58.0,176.0,192.0,211.0,79.0,122.0,144.0,137.0,180.0,120.0,213.0,101.0,59.0,118.0,134.0,153.0,56.0,90.0,109.0,84.0,134.0,95.0,171.0,46.0,13.0,28.0,47.0,143.0,139.0,140.0,48.0,76.0,121.0,106.0,75.0,116.0,20.0,148.0,136.0,133.0,75.0,103.0,149.0,130.0,95.0,135.0,163.0,147.0,141.0,94.0,118.0,168.0,142.0,115.0,154.0,43.0,65.0,124.0,180.0,151.0,217.0,88.0,70.0,22.0,135.0,193.0,179.0,230.0,106.0,103.0,143.0,200.0,194.0,237.0,119.0,121.0,58.0,74.0,95.0,38.0,78.0,77.0,37.0,92.0,125.0,101.0,77.0,82.0,129.0,161.0,42.0,157.0,171.0,110.0,90.0,173.0,163.0,143.0,105.0,46.0,18.0,64.0,21.0,90.0,116.0,164.0,129.0,93.0,115.0
12,Vollblut,431.0,012_040725_2.JPG,100.0,89.0,129.0,191.0,185.0,245.0,201.0,161.0,185.0,195.0,256.0,268.0,272.0,135.0,81.0,116.0,37.0,167.0,189.0,70.0,82.0,91.0,85.0,145.0,111.0,126.0,152.0,168.0,172.0,197.0,208.0,80.0,67.0,17.0,92.0,91.0,98.0,41.0,142.0,131.0,182.0,125.0,75.0,100.0,113.0,172.0,180.0,183.0,49.0,8.0,75.0,57.0,84.0,116.0,126.0,113.0,155.0,91.0,44.0,70.0,87.0,132.0,139.0,143.0,10.0,48.0,78.0,98.0,47.0,84.0,15.0,61.0,72.0,159.0,179.0,198.0,128.0,169.0,187.0,118.0,144.0,75.0,181.0,95.0,63.0,61.0,58.0,145.0,164.0,183.0,117.0,157.0,174.0,104.0,133.0,69.0,172.0,80.0,49.0,68.0,175.0,188.0,205.0,94.0,141.0,162.0,145.0,186.0,129.0,229.0,110.0,71.0,107.0,120.0,138.0,64.0,99.0,116.0,81.0,130.0,95.0,178.0,44.0,13.0,26.0,43.0,127.0,118.0,116.0,47.0,82.0,121.0,126.0,66.0,106.0,18.0,127.0,108.0,102.0,73.0,108.0,147.0,149.0,85.0,121.0,139.0,116.0,106.0,90.0,120.0,164.0,159.0,103.0,139.0,47.0,68.0,124.0,178.0,157.0,229.0,89.0,76.0,21.0,133.0,187.0,184.0,237.0,107.0,110.0,138.0,191.0,196.0,239.0,117.0,126.0,55.0,74.0,106.0,37.0,74.0,74.0,50.0,90.0,120.0,106.0,79.0,82.0,140.0,168.0,40.0,159.0,171.0,105.0,88.0,188.0,173.0,164.0,115.0,44.0,18.0,68.0,20.0,92.0,111.0,167.0,127.0,97.0,123.0
13,Warmblut,585.0,013_070725_1.JPG,86.0,93.0,132.0,176.0,170.0,226.0,197.0,167.0,194.0,211.0,252.0,272.0,283.0,139.0,85.0,108.0,36.0,172.0,188.0,68.0,83.0,91.0,85.0,140.0,113.0,126.0,153.0,176.0,169.0,195.0,208.0,81.0,64.0,21.0,79.0,96.0,104.0,41.0,142.0,133.0,177.0,133.0,75.0,102.0,121.0,178.0,190.0,197.0,52.0,8.0,75.0,61.0,95.0,124.0,129.0,119.0,153.0,103.0,43.0,70.0,93.0,141.0,150.0,156.0,14.0,49.0,78.0,102.0,60.0,95.0,10.0,55.0,62.0,162.0,183.0,205.0,113.0,151.0,172.0,117.0,143.0,73.0,170.0,89.0,60.0,57.0,56.0,152.0,173.0,196.0,109.0,146.0,166.0,107.0,133.0,65.0,162.0,80.0,52.0,52.0,175.0,189.0,210.0,74.0,115.0,138.0,139.0,180.0,119.0,215.0,97.0,59.0,123.0,137.0,158.0,57.0,91.0,110.0,89.0,137.0,92.0,180.0,45.0,10.0,28.0,50.0,145.0,141.0,141.0,48.0,83.0,120.0,133.0,78.0,117.0,23.0,148.0,137.0,132.0,74.0,110.0,146.0,159.0,95.0,132.0,164.0,147.0,139.0,97.0,129.0,169.0,176.0,117.0,153.0,41.0,64.0,128.0,184.0,148.0,231.0,83.0,66.0,23.0,138.0,197.0,175.0,247.0,101.0,97.0,145.0,204.0,190.0,256.0,113.0,115.0,59.0,73.0,111.0,46.0,81.0,73.0,52.0,100.0,128.0,97.0,78.0,83.0,149.0,170.0,38.0,204.0,174.0,120.0,92.0,170.0,163.0,137.0,108.0,49.0,21.0,63.0,22.0,93.0,128.0,164.0,168.0,92.0,111.0
13,Warmblut,585.0,013_070725_2.JPG,101.0,108.0,144.0,185.0,189.0,230.0,210.0,179.0,207.0,225.0,255.0,275.0,284.0,155.0,96.0,125.0,39.0,184.0,201.0,71.0,81.0,86.0,89.0,129.0,110.0,126.0,154.0,178.0,157.0,183.0,195.0,80.0,68.0,24.0,94.0,93.0,102.0,39.0,139.0,138.0,166.0,131.0,72.0,99.0,120.0,166.0,177.0,182.0,54.0,12.0,79.0,77.0,93.0,123.0,123.0,120.0,140.0,100.0,45.0,73.0,97.0,131.0,138.0,143.0,18.0,50.0,77.0,115.0,59.0,94.0,8.0,51.0,61.0,159.0,180.0,205.0,105.0,143.0,161.0,108.0,142.0,65.0,180.0,84.0,57.0,44.0,54.0,155.0,176.0,200.0,97.0,135.0,154.0,105.0,141.0,67.0,183.0,78.0,50.0,44.0,166.0,180.0,203.0,66.0,107.0,127.0,122.0,172.0,106.0,221.0,85.0,47.0,122.0,137.0,159.0,49.0,83.0,101.0,82.0,139.0,87.0,194.0,42.0,9.0,29.0,52.0,137.0,131.0,129.0,52.0,83.0,121.0,145.0,81.0,118.0,25.0,142.0,127.0,121.0,78.0,111.0,148.0,171.0,98.0,134.0,160.0,140.0,130.0,102.0,131.0,172.0,188.0,122.0,157.0,41.0,62.0,113.0,176.0,135.0,236.0,74.0,57.0,21.0,123.0,188.0,162.0,251.0,91.0,89.0,129.0,193.0,176.0,257.0,102.0,106.0,65.0,70.0,128.0,41.0,76.0,79.0,65.0,103.0,131.0,116.0,74.0,79.0,163.0,186.0,38.0,220.0,174.0,120.0,95.0,162.0,155.0,125.0,101.0,51.0,22.0,59.0,19.0,94.0,131.0,162.0,181.0,90.0,106.0
16,Vollblut,511.5,016_070725_1.JPG,101.0,89.0,130.0,179.0,175.0,228.0,196.0,158.0,183.0,195.0,246.0,263.0,265.0,140.0,84.0,119.0,36.0,171.0,187.0,65.0,76.0,79.0,74.0,127.0,99.0,118.0,146.0,166.0,153.0,179.0,186.0,74.0,65.0,18.0,94.0,85.0,91.0,41.0,131.0,123.0,168.0,124.0,71.0,99.0,115.0,166.0,177.0,177.0,53.0,6.0,71.0,60.0,89.0,115.0,117.0,108.0,143.0,93.0,42.0,70.0,90.0,129.0,136.0,135.0,15.0,47.0,73.0,101.0,54.0,86.0,9.0,53.0,58.0,153.0,175.0,197.0,107.0,145.0,160.0,105.0,134.0,63.0,172.0,81.0,55.0,55.0,51.0,144.0,166.0,188.0,102.0,140.0,154.0,96.0,126.0,57.0,166.0,72.0,47.0,52.0,169.0,186.0,206.0,73.0,116.0,134.0,129.0,172.0,110.0,217.0,92.0,58.0,117.0,133.0,154.0,55.0,89.0,102.0,78.0,129.0,82.0,178.0,40.0,9.0,29.0,48.0,136.0,131.0,123.0,49.0,76.0,114.0,124.0,77.0,112.0,21.0,142.0,128.0,116.0,75.0,103.0,142.0,148.0,96.0,129.0,160.0,141.0,127.0,96.0,119.0,162.0,159.0,117.0,151.0,43.0,62.0,114.0,171.0,136.0,224.0,77.0,63.0,21.0,124.0,183.0,163.0,237.0,94.0,95.0,125.0,183.0,171.0,236.0,100.0,107.0,59.0,68.0,113.0,40.0,71.0,73.0,54.0,95.0,120.0,109.0,71.0,74.0,147.0,169.0,35.0,185.0,162.0,114.0,87.0,160.0,153.0,131.0,102.0,46.0,18.0,58.0,16.0,88.0,118.0,154.0,149.0,88.0,105.0
17,Warmblut,566.0,017_160725_1.JPG,87.0,87.0,125.0,177.0,174.0,227.0,200.0,154.0,177.0,188.0,258.0,282.0,292.0,134.0,75.0,112.0,35.0,169.0,189.0,68.0,82.0,90.0,88.0,141.0,119.0,118.0,143.0,161.0,178.0,208.0,222.0,79.0,61.0,25.0,76.0,98.0,109.0,39.0,136.0,126.0,172.0,132.0,67.0,91.0,105.0,184.0,201.0,209.0,52.0,13.0,76.0,55.0,91.0,122.0,122.0,108.0,147.0,101.0,37.0,62.0,80.0,148.0,163.0,170.0,17.0,50.0,77.0,94.0,57.0,92.0,18.0,57.0,65.0,149.0,167.0,187.0,115.0,155.0,176.0,107.0,136.0,67.0,165.0,87.0,61.0,53.0,49.0,132.0,150.0,170.0,103.0,140.0,160.0,92.0,127.0,63.0,159.0,70.0,44.0,50.0,163.0,175.0,193.0,70.0,112.0,135.0,130.0,176.0,116.0,211.0,95.0,57.0,113.0,124.0,143.0,59.0,93.0,112.0,84.0,138.0,94.0,178.0,46.0,11.0,25.0,43.0,148.0,153.0,155.0,44.0,80.0,112.0,120.0,68.0,106.0,20.0,150.0,148.0,146.0,67.0,104.0,136.0,143.0,82.0,119.0,164.0,158.0,153.0,87.0,118.0,155.0,154.0,102.0,138.0,42.0,66.0,133.0,192.0,154.0,233.0,93.0,69.0,24.0,150.0,211.0,185.0,254.0,113.0,101.0,159.0,219.0,200.0,263.0,125.0,119.0,61.0,69.0,104.0,40.0,75.0,73.0,44.0,99.0,128.0,98.0,79.0,84.0,142.0,167.0,38.0,168.0,162.0,101.0,80.0,165.0,147.0,135.0,100.0,43.0,18.0,66.0,24.0,85.0,113.0,154.0,137.0,83.0,103.0
17,Warmblut,566.0,017_160725_2.JPG,86.0,88.0,122.0,175.0,175.0,223.0,194.0,153.0,178.0,193.0,235.0,249.0,257.0,129.0,78.0,109.0,31.0,166.0,185.0,63.0,74.0,89.0,89.0,136.0,112.0,115.0,141.0,162.0,156.0,178.0,192.0,75.0,60.0,23.0,75.0,95.0,103.0,36.0,131.0,125.0,165.0,125.0,66.0,92.0,110.0,157.0,164.0,171.0,44.0,10.0,71.0,59.0,86.0,115.0,114.0,106.0,140.0,95.0,41.0,67.0,88.0,122.0,128.0,135.0,9.0,45.0,70.0,94.0,52.0,86.0,12.0,53.0,59.0,144.0,163.0,185.0,103.0,139.0,160.0,108.0,133.0,67.0,163.0,86.0,57.0,48.0,48.0,135.0,153.0,174.0,93.0,127.0,148.0,99.0,129.0,66.0,161.0,75.0,45.0,49.0,159.0,170.0,190.0,71.0,110.0,133.0,131.0,170.0,113.0,207.0,94.0,56.0,110.0,121.0,141.0,47.0,80.0,100.0,86.0,131.0,90.0,174.0,46.0,9.0,27.0,47.0,122.0,115.0,115.0,41.0,76.0,109.0,123.0,64.0,103.0,22.0,123.0,107.0,103.0,67.0,102.0,134.0,148.0,79.0,116.0,138.0,117.0,108.0,88.0,119.0,156.0,162.0,100.0,136.0,40.0,62.0,114.0,165.0,135.0,211.0,71.0,54.0,23.0,120.0,174.0,158.0,222.0,84.0,84.0,128.0,181.0,173.0,230.0,96.0,104.0,53.0,68.0,102.0,43.0,77.0,71.0,49.0,94.0,122.0,96.0,78.0,81.0,141.0,164.0,38.0,176.0,162.0,107.0,88.0,159.0,147.0,130.0,100.0,47.0,21.0,60.0,22.0,87.0,115.0,154.0,147.0,82.0,102.0
18,Kleinpferd,415.0,018_070725_2.JPG,79.0,85.0,115.0,156.0,150.0,203.0,176.0,147.0,169.0,181.0,230.0,254.0,264.0,123.0,70.0,93.0,32.0,151.0,163.0,59.0,67.0,80.0,73.0,125.0,99.0,106.0,130.0,145.0,155.0,183.0,196.0,68.0,52.0,14.0,68.0,81.0,86.0,33.0,124.0,114.0,156.0,115.0,62.0,85.0,98.0,160.0,177.0,184.0,43.0,15.0,63.0,55.0,79.0,102.0,111.0,100.0,134.0,88.0,40.0,63.0,78.0,129.0,144.0,151.0,11.0,46.0,65.0,87.0,49.0,76.0,11.0,51.0,59.0,142.0,159.0,176.0,109.0,148.0,166.0,103.0,125.0,68.0,148.0,80.0,56.0,54.0,52.0,131.0,148.0,165.0,104.0,142.0,160.0,92.0,115.0,59.0,140.0,69.0,47.0,50.0,154.0,165.0,181.0,72.0,113.0,134.0,123.0,161.0,111.0,190.0,88.0,59.0,105.0,115.0,131.0,57.0,91.0,109.0,77.0,122.0,85.0,158.0,40.0,14.0,24.0,39.0,130.0,133.0,135.0,41.0,77.0,104.0,116.0,66.0,96.0,17.0,131.0,126.0,125.0,63.0,100.0,126.0,138.0,80.0,109.0,142.0,134.0,129.0,79.0,113.0,142.0,149.0,97.0,125.0,41.0,62.0,118.0,171.0,141.0,209.0,82.0,69.0,21.0,134.0,189.0,171.0,229.0,104.0,101.0,142.0,197.0,185.0,238.0,116.0,117.0,56.0,63.0,96.0,38.0,65.0,59.0,41.0,89.0,109.0,81.0,70.0,73.0,127.0,144.0,30.0,163.0,146.0,94.0,79.0,159.0,150.0,134.0,100.0,39.0,16.0,62.0,21.0,79.0,107.0,143.0,133.0,84.0,103.0
18,Kleinpferd,415.0,018_070725_1.JPG,86.0,91.0,122.0,160.0,165.0,199.0,177.0,153.0,175.0,188.0,210.0,223.0,229.0,127.0,81.0,98.0,34.0,153.0,169.0,58.0,66.0,77.0,80.0,113.0,93.0,107.0,129.0,147.0,130.0,149.0,159.0,67.0,57.0,12.0,73.0,77.0,85.0,34.0,118.0,116.0,142.0,108.0,63.0,85.0,100.0,132.0,137.0,141.0,39.0,11.0,62.0,60.0,73.0,101.0,103.0,97.0,117.0,80.0,41.0,64.0,82.0,99.0,103.0,108.0,6.0,44.0,63.0,93.0,41.0,74.0,13.0,44.0,52.0,135.0,152.0,171.0,91.0,123.0,138.0,99.0,123.0,65.0,150.0,76.0,49.0,35.0,40.0,127.0,143.0,161.0,78.0,110.0,125.0,93.0,121.0,68.0,152.0,67.0,37.0,39.0,139.0,151.0,168.0,61.0,96.0,113.0,112.0,148.0,101.0,184.0,79.0,44.0,100.0,112.0,129.0,40.0,71.0,86.0,75.0,117.0,81.0,157.0,40.0,9.0,23.0,40.0,103.0,92.0,90.0,41.0,73.0,103.0,121.0,61.0,96.0,19.0,106.0,88.0,82.0,63.0,95.0,126.0,142.0,76.0,109.0,120.0,98.0,89.0,81.0,109.0,144.0,155.0,95.0,127.0,35.0,52.0,93.0,141.0,118.0,187.0,60.0,47.0,17.0,98.0,147.0,139.0,196.0,72.0,75.0,103.0,151.0,149.0,201.0,82.0,90.0,50.0,63.0,99.0,36.0,69.0,63.0,50.0,82.0,109.0,85.0,68.0,73.0,128.0,149.0,35.0,181.0,146.0,100.0,80.0,139.0,125.0,106.0,86.0,40.0,17.0,48.0,15.0,78.0,108.0,140.0,147.0,76.0,91.0
18,Kleinpferd,415.0,018_070725_3.JPG,86.0,91.0,122.0,159.0,165.0,199.0,177.0,152.0,174.0,188.0,210.0,223.0,229.0,125.0,80.0,96.0,34.0,153.0,168.0,59.0,66.0,75.0,80.0,113.0,92.0,105.0,129.0,147.0,128.0,148.0,158.0,67.0,57.0,9.0,75.0,77.0,83.0,34.0,118.0,117.0,142.0,109.0,61.0,84.0,100.0,132.0,137.0,141.0,38.0,11.0,61.0,60.0,74.0,100.0,102.0,98.0,117.0,80.0,40.0,63.0,82.0,99.0,104.0,108.0,4.0,44.0,63.0,93.0,42.0,73.0,14.0,46.0,53.0,134.0,152.0,171.0,91.0,123.0,139.0,100.0,122.0,66.0,149.0,76.0,49.0,35.0,40.0,127.0,144.0,162.0,78.0,110.0,126.0,95.0,122.0,71.0,153.0,67.0,37.0,40.0,139.0,151.0,168.0,60.0,96.0,112.0,114.0,149.0,104.0,185.0,78.0,45.0,99.0,111.0,129.0,40.0,70.0,86.0,76.0,116.0,83.0,158.0,39.0,9.0,24.0,42.0,102.0,93.0,91.0,40.0,72.0,103.0,120.0,61.0,95.0,19.0,106.0,89.0,82.0,62.0,95.0,126.0,141.0,77.0,109.0,120.0,98.0,89.0,81.0,110.0,144.0,155.0,95.0,127.0,35.0,52.0,95.0,141.0,119.0,187.0,58.0,48.0,17.0,100.0,148.0,140.0,197.0,72.0,76.0,104.0,152.0,150.0,201.0,81.0,90.0,48.0,63.0,97.0,38.0,70.0,61.0,49.0,83.0,108.0,83.0,69.0,74.0,129.0,148.0,34.0,182.0,146.0,100.0,81.0,139.0,126.0,105.0,86.0,41.0,17.0,48.0,15.0,79.0,109.0,141.0,148.0,76.0,91.0
19,Warmblut,488.0,019_070725_3.JPG,96.0,94.0,131.0,180.0,185.0,220.0,199.0,160.0,183.0,196.0,227.0,241.0,251.0,141.0,81.0,120.0,35.0,171.0,189.0,69.0,80.0,83.0,89.0,125.0,109.0,120.0,146.0,164.0,144.0,168.0,183.0,80.0,62.0,25.0,85.0,93.0,100.0,39.0,130.0,129.0,157.0,123.0,67.0,92.0,107.0,141.0,149.0,158.0,51.0,14.0,75.0,62.0,87.0,113.0,114.0,108.0,130.0,91.0,40.0,66.0,84.0,104.0,110.0,120.0,14.0,51.0,73.0,100.0,52.0,82.0,15.0,47.0,61.0,146.0,165.0,185.0,102.0,139.0,158.0,103.0,131.0,61.0,167.0,82.0,58.0,36.0,46.0,137.0,155.0,175.0,87.0,125.0,144.0,96.0,131.0,65.0,170.0,71.0,44.0,45.0,152.0,166.0,184.0,74.0,114.0,133.0,117.0,161.0,100.0,203.0,84.0,51.0,108.0,121.0,139.0,41.0,78.0,97.0,77.0,129.0,85.0,176.0,40.0,10.0,26.0,44.0,106.0,97.0,100.0,44.0,81.0,112.0,126.0,69.0,102.0,20.0,109.0,91.0,89.0,68.0,106.0,137.0,149.0,85.0,116.0,124.0,100.0,95.0,87.0,121.0,156.0,161.0,104.0,135.0,40.0,59.0,91.0,151.0,121.0,201.0,56.0,48.0,19.0,100.0,161.0,148.0,211.0,76.0,82.0,111.0,170.0,164.0,220.0,91.0,100.0,62.0,69.0,111.0,38.0,68.0,73.0,50.0,96.0,120.0,106.0,73.0,75.0,145.0,166.0,33.0,178.0,164.0,105.0,84.0,158.0,144.0,128.0,97.0,44.0,18.0,57.0,19.0,84.0,118.0,152.0,145.0,84.0,100.0
19,Warmblut,488.0,019_070725_1.JPG,105.0,112.0,146.0,180.0,181.0,219.0,199.0,176.0,199.0,211.0,237.0,253.0,257.0,149.0,93.0,119.0,39.0,175.0,188.0,67.0,78.0,75.0,76.0,114.0,99.0,120.0,145.0,163.0,141.0,166.0,175.0,78.0,64.0,14.0,93.0,86.0,89.0,36.0,118.0,113.0,140.0,105.0,66.0,90.0,106.0,134.0,143.0,146.0,40.0,19.0,66.0,79.0,71.0,95.0,103.0,96.0,115.0,75.0,42.0,67.0,86.0,99.0,108.0,111.0,4.0,54.0,71.0,114.0,39.0,67.0,10.0,44.0,59.0,138.0,158.0,177.0,99.0,136.0,150.0,100.0,125.0,63.0,167.0,79.0,55.0,39.0,49.0,129.0,149.0,168.0,90.0,126.0,140.0,93.0,122.0,63.0,167.0,69.0,45.0,44.0,139.0,154.0,172.0,68.0,108.0,124.0,111.0,152.0,100.0,201.0,80.0,49.0,95.0,109.0,128.0,44.0,77.0,92.0,71.0,119.0,85.0,175.0,37.0,10.0,25.0,43.0,101.0,93.0,90.0,43.0,84.0,113.0,140.0,61.0,91.0,20.0,106.0,88.0,80.0,67.0,107.0,137.0,162.0,79.0,107.0,121.0,98.0,88.0,86.0,122.0,156.0,173.0,99.0,126.0,40.0,56.0,95.0,151.0,127.0,210.0,63.0,53.0,17.0,104.0,162.0,153.0,222.0,81.0,84.0,108.0,165.0,163.0,225.0,90.0,97.0,58.0,70.0,118.0,34.0,63.0,67.0,60.0,88.0,110.0,104.0,74.0,75.0,147.0,165.0,31.0,197.0,164.0,106.0,85.0,152.0,141.0,119.0,92.0,43.0,18.0,53.0,15.0,85.0,120.0,154.0,159.0,84.0,98.0
20,Warmblut,558.0,020_070725_2.JPG,100.0,100.0,138.0,183.0,185.0,233.0,204.0,170.0,193.0,208.0,240.0,249.0,255.0,147.0,87.0,116.0,39.0,180.0,197.0,66.0,78.0,84.0,85.0,134.0,107.0,120.0,145.0,166.0,150.0,168.0,179.0,78.0,62.0,17.0,85.0,95.0,101.0,39.0,134.0,128.0,168.0,124.0,71.0,96.0,113.0,150.0,152.0,156.0,51.0,13.0,70.0,63.0,90.0,117.0,119.0,111.0,141.0,93.0,42.0,67.0,88.0,112.0,112.0,118.0,14.0,51.0,73.0,103.0,54.0,86.0,13.0,57.0,64.0,152.0,171.0,192.0,111.0,145.0,162.0,109.0,135.0,70.0,169.0,89.0,63.0,50.0,51.0,142.0,160.0,181.0,98.0,132.0,149.0,99.0,131.0,69.0,168.0,78.0,50.0,51.0,162.0,174.0,193.0,79.0,118.0,137.0,128.0,173.0,117.0,214.0,93.0,57.0,111.0,123.0,142.0,49.0,81.0,99.0,79.0,132.0,90.0,178.0,42.0,7.0,26.0,46.0,112.0,97.0,96.0,46.0,84.0,114.0,131.0,69.0,105.0,22.0,113.0,90.0,84.0,69.0,108.0,138.0,155.0,83.0,118.0,128.0,100.0,90.0,90.0,126.0,160.0,169.0,104.0,138.0,39.0,59.0,99.0,160.0,134.0,210.0,60.0,52.0,19.0,102.0,164.0,154.0,215.0,73.0,82.0,109.0,169.0,166.0,220.0,85.0,99.0,62.0,70.0,113.0,40.0,72.0,68.0,51.0,100.0,124.0,99.0,81.0,84.0,150.0,171.0,36.0,194.0,165.0,112.0,87.0,162.0,149.0,125.0,98.0,45.0,20.0,52.0,17.0,87.0,123.0,156.0,156.0,81.0,99.0
20,Warmblut,558.0,020_070725_1.JPG,95.0,105.0,133.0,155.0,161.0,186.0,177.0,167.0,194.0,211.0,198.0,212.0,221.0,138.0,96.0,104.0,39.0,164.0,172.0,60.0,67.0,61.0,67.0,91.0,85.0,110.0,137.0,159.0,111.0,133.0,146.0,70.0,60.0,10.0,83.0,81.0,81.0,31.0,99.0,99.0,114.0,92.0,63.0,90.0,110.0,102.0,109.0,117.0,35.0,10.0,59.0,72.0,68.0,87.0,85.0,81.0,92.0,66.0,44.0,71.0,92.0,72.0,79.0,88.0,5.0,41.0,62.0,102.0,39.0,60.0,11.0,36.0,49.0,121.0,142.0,163.0,80.0,112.0,128.0,85.0,105.0,53.0,143.0,68.0,48.0,26.0,39.0,115.0,135.0,156.0,70.0,102.0,118.0,81.0,105.0,58.0,148.0,60.0,38.0,31.0,116.0,132.0,152.0,56.0,90.0,106.0,90.0,122.0,82.0,170.0,60.0,34.0,86.0,102.0,122.0,32.0,63.0,79.0,63.0,101.0,76.0,155.0,30.0,5.0,28.0,49.0,74.0,62.0,62.0,40.0,71.0,105.0,132.0,56.0,82.0,22.0,82.0,58.0,52.0,67.0,98.0,132.0,157.0,75.0,99.0,99.0,71.0,60.0,89.0,117.0,154.0,174.0,96.0,119.0,33.0,50.0,68.0,112.0,102.0,172.0,34.0,33.0,16.0,74.0,119.0,125.0,181.0,52.0,64.0,83.0,127.0,138.0,189.0,66.0,80.0,45.0,65.0,107.0,35.0,58.0,61.0,62.0,78.0,96.0,91.0,72.0,71.0,137.0,150.0,26.0,239.0,165.0,123.0,96.0,130.0,118.0,92.0,78.0,52.0,21.0,43.0,15.0,91.0,132.0,156.0,196.0,74.0,81.0
20,Warmblut,558.0,020_070725_3.JPG,97.0,105.0,134.0,155.0,161.0,186.0,180.0,169.0,195.0,213.0,199.0,213.0,222.0,138.0,96.0,106.0,39.0,165.0,173.0,61.0,66.0,60.0,65.0,90.0,87.0,110.0,138.0,160.0,111.0,132.0,145.0,69.0,62.0,9.0,85.0,80.0,79.0,32.0,101.0,99.0,117.0,93.0,64.0,91.0,111.0,104.0,111.0,117.0,36.0,10.0,61.0,73.0,69.0,89.0,86.0,79.0,92.0,64.0,45.0,72.0,95.0,73.0,80.0,88.0,4.0,42.0,61.0,103.0,38.0,61.0,13.0,36.0,56.0,123.0,144.0,167.0,82.0,114.0,129.0,86.0,107.0,52.0,144.0,70.0,48.0,26.0,44.0,114.0,134.0,156.0,69.0,101.0,117.0,80.0,106.0,56.0,148.0,59.0,35.0,38.0,118.0,134.0,156.0,59.0,92.0,108.0,91.0,125.0,81.0,171.0,62.0,34.0,82.0,96.0,118.0,26.0,57.0,74.0,61.0,102.0,78.0,157.0,27.0,9.0,28.0,50.0,75.0,62.0,62.0,41.0,72.0,106.0,133.0,56.0,85.0,23.0,82.0,58.0,51.0,68.0,99.0,132.0,159.0,74.0,101.0,101.0,74.0,62.0,91.0,118.0,155.0,176.0,97.0,123.0,33.0,50.0,69.0,114.0,102.0,174.0,35.0,35.0,17.0,76.0,121.0,124.0,183.0,52.0,66.0,84.0,127.0,137.0,190.0,66.0,82.0,46.0,64.0,108.0,35.0,60.0,63.0,63.0,79.0,98.0,93.0,72.0,70.0,139.0,152.0,29.0,243.0,165.0,125.0,98.0,131.0,117.0,93.0,72.0,52.0,21.0,43.0,14.0,93.0,134.0,156.0,200.0,74.0,82.0
21,Warmblut,569.0,021_070725_1.JPG,100.0,106.0,142.0,186.0,186.0,230.0,202.0,176.0,204.0,220.0,243.0,257.0,262.0,149.0,97.0,123.0,38.0,178.0,196.0,64.0,75.0,88.0,87.0,130.0,105.0,118.0,147.0,169.0,149.0,172.0,181.0,76.0,64.0,23.0,85.0,89.0,98.0,38.0,130.0,126.0,158.0,118.0,71.0,99.0,118.0,148.0,154.0,157.0,47.0,10.0,71.0,72.0,83.0,112.0,112.0,107.0,130.0,86.0,43.0,72.0,94.0,110.0,116.0,119.0,9.0,48.0,70.0,110.0,48.0,82.0,6.0,49.0,55.0,142.0,163.0,186.0,101.0,140.0,156.0,105.0,135.0,66.0,173.0,80.0,51.0,47.0,50.0,137.0,158.0,180.0,96.0,134.0,151.0,101.0,132.0,64.0,172.0,74.0,46.0,45.0,148.0,161.0,182.0,69.0,112.0,131.0,121.0,165.0,107.0,212.0,84.0,48.0,102.0,117.0,138.0,48.0,85.0,101.0,77.0,126.0,82.0,179.0,39.0,7.0,30.0,51.0,108.0,97.0,93.0,43.0,79.0,111.0,141.0,65.0,101.0,23.0,110.0,87.0,78.0,71.0,108.0,139.0,168.0,84.0,117.0,126.0,97.0,84.0,94.0,125.0,162.0,183.0,106.0,139.0,43.0,62.0,102.0,157.0,128.0,216.0,65.0,55.0,19.0,109.0,164.0,154.0,226.0,83.0,90.0,113.0,166.0,165.0,229.0,93.0,105.0,56.0,68.0,118.0,39.0,73.0,74.0,62.0,92.0,120.0,107.0,71.0,75.0,151.0,173.0,36.0,208.0,169.0,117.0,94.0,156.0,151.0,121.0,101.0,51.0,21.0,55.0,15.0,92.0,123.0,159.0,170.0,90.0,105.0
22,Vollblut,514.0,022_070725_1.JPG,88.0,84.0,119.0,167.0,165.0,215.0,184.0,149.0,174.0,184.0,235.0,253.0,256.0,131.0,72.0,108.0,36.0,157.0,176.0,65.0,72.0,81.0,77.0,127.0,99.0,111.0,138.0,154.0,152.0,177.0,184.0,72.0,58.0,19.0,77.0,84.0,91.0,37.0,134.0,128.0,169.0,123.0,65.0,91.0,104.0,166.0,175.0,176.0,53.0,13.0,74.0,50.0,85.0,115.0,120.0,113.0,145.0,94.0,39.0,66.0,82.0,132.0,139.0,140.0,18.0,47.0,71.0,86.0,52.0,87.0,9.0,52.0,62.0,151.0,172.0,189.0,109.0,148.0,161.0,108.0,132.0,64.0,157.0,89.0,61.0,51.0,54.0,143.0,164.0,181.0,102.0,140.0,154.0,99.0,126.0,59.0,153.0,80.0,52.0,56.0,167.0,182.0,198.0,76.0,119.0,135.0,129.0,170.0,108.0,201.0,100.0,61.0,112.0,126.0,142.0,54.0,88.0,100.0,76.0,126.0,80.0,162.0,45.0,8.0,27.0,43.0,135.0,129.0,125.0,45.0,78.0,109.0,113.0,67.0,106.0,17.0,139.0,125.0,118.0,69.0,104.0,135.0,137.0,84.0,122.0,152.0,134.0,124.0,85.0,117.0,151.0,148.0,101.0,138.0,44.0,60.0,114.0,172.0,134.0,210.0,81.0,61.0,17.0,123.0,184.0,161.0,224.0,95.0,92.0,125.0,186.0,169.0,226.0,101.0,103.0,61.0,66.0,101.0,33.0,69.0,69.0,40.0,91.0,118.0,94.0,70.0,73.0,130.0,154.0,38.0,173.0,153.0,102.0,81.0,160.0,152.0,134.0,98.0,42.0,15.0,58.0,15.0,81.0,115.0,146.0,138.0,80.0,100.0
22,Vollblut,514.0,022_070725_3.JPG,90.0,82.0,117.0,166.0,165.0,213.0,185.0,146.0,172.0,183.0,233.0,251.0,254.0,129.0,70.0,109.0,36.0,157.0,176.0,64.0,72.0,77.0,75.0,123.0,99.0,111.0,138.0,155.0,149.0,175.0,183.0,72.0,58.0,18.0,77.0,83.0,90.0,36.0,130.0,124.0,166.0,123.0,65.0,92.0,106.0,164.0,174.0,176.0,52.0,13.0,73.0,47.0,84.0,113.0,117.0,109.0,143.0,94.0,39.0,67.0,83.0,131.0,138.0,140.0,17.0,46.0,70.0,83.0,52.0,86.0,11.0,51.0,61.0,148.0,170.0,187.0,106.0,145.0,159.0,105.0,128.0,61.0,153.0,87.0,59.0,49.0,51.0,138.0,160.0,177.0,97.0,136.0,149.0,96.0,123.0,57.0,150.0,76.0,49.0,54.0,164.0,180.0,196.0,74.0,117.0,133.0,127.0,167.0,105.0,196.0,98.0,60.0,111.0,126.0,142.0,51.0,85.0,98.0,77.0,127.0,81.0,161.0,45.0,9.0,28.0,44.0,134.0,128.0,125.0,43.0,77.0,108.0,110.0,66.0,104.0,17.0,138.0,124.0,117.0,69.0,105.0,135.0,135.0,84.0,121.0,151.0,133.0,124.0,86.0,118.0,152.0,146.0,101.0,137.0,44.0,60.0,113.0,170.0,132.0,206.0,80.0,60.0,17.0,123.0,183.0,159.0,220.0,94.0,91.0,125.0,186.0,168.0,223.0,100.0,103.0,60.0,66.0,97.0,34.0,69.0,68.0,37.0,91.0,117.0,93.0,70.0,72.0,128.0,152.0,38.0,172.0,153.0,104.0,82.0,157.0,147.0,132.0,96.0,44.0,15.0,58.0,15.0,81.0,117.0,146.0,137.0,79.0,99.0
22,Vollblut,514.0,022_070725_2.JPG,89.0,87.0,124.0,169.0,155.0,216.0,182.0,156.0,182.0,190.0,246.0,273.0,275.0,131.0,75.0,104.0,35.0,162.0,173.0,63.0,73.0,81.0,65.0,126.0,98.0,113.0,140.0,153.0,165.0,201.0,207.0,75.0,56.0,14.0,77.0,90.0,90.0,39.0,130.0,106.0,162.0,112.0,70.0,96.0,106.0,168.0,190.0,190.0,47.0,12.0,69.0,54.0,83.0,103.0,114.0,88.0,135.0,79.0,40.0,67.0,80.0,130.0,151.0,152.0,8.0,49.0,71.0,92.0,46.0,70.0,27.0,53.0,68.0,144.0,164.0,178.0,123.0,171.0,183.0,110.0,128.0,68.0,157.0,92.0,67.0,61.0,49.0,117.0,138.0,152.0,112.0,157.0,167.0,83.0,105.0,51.0,139.0,67.0,45.0,61.0,152.0,165.0,179.0,85.0,136.0,151.0,128.0,164.0,112.0,199.0,97.0,67.0,92.0,105.0,119.0,67.0,108.0,118.0,71.0,117.0,85.0,158.0,37.0,9.0,28.0,40.0,123.0,130.0,127.0,38.0,82.0,110.0,122.0,55.0,85.0,14.0,121.0,117.0,111.0,65.0,109.0,136.0,147.0,72.0,101.0,131.0,121.0,113.0,78.0,119.0,150.0,156.0,86.0,115.0,51.0,66.0,122.0,176.0,152.0,219.0,85.0,75.0,17.0,143.0,199.0,189.0,243.0,113.0,114.0,144.0,201.0,196.0,244.0,117.0,123.0,56.0,71.0,100.0,37.0,63.0,64.0,44.0,90.0,108.0,90.0,80.0,77.0,134.0,149.0,30.0,152.0,153.0,94.0,80.0,175.0,151.0,153.0,106.0,40.0,14.0,68.0,16.0,79.0,105.0,152.0,122.0,83.0,106.0
24,Warmblut,477.0,024_070725_1.JPG,87.0,108.0,141.0,165.0,166.0,209.0,198.0,182.0,208.0,225.0,252.0,285.0,301.0,147.0,96.0,108.0,40.0,166.0,184.0,62.0,74.0,84.0,83.0,125.0,112.0,121.0,147.0,167.0,166.0,199.0,216.0,76.0,60.0,22.0,67.0,84.0,98.0,37.0,126.0,121.0,155.0,126.0,74.0,100.0,118.0,173.0,195.0,209.0,46.0,13.0,68.0,70.0,78.0,111.0,111.0,104.0,131.0,97.0,46.0,73.0,93.0,139.0,159.0,172.0,10.0,50.0,69.0,104.0,46.0,83.0,10.0,46.0,58.0,145.0,165.0,186.0,105.0,146.0,166.0,105.0,132.0,65.0,152.0,78.0,53.0,43.0,49.0,136.0,155.0,176.0,98.0,138.0,158.0,97.0,127.0,63.0,150.0,69.0,43.0,42.0,153.0,167.0,186.0,67.0,108.0,129.0,123.0,164.0,104.0,192.0,88.0,50.0,113.0,125.0,144.0,54.0,91.0,110.0,88.0,136.0,91.0,175.0,51.0,15.0,27.0,47.0,140.0,148.0,156.0,46.0,86.0,113.0,143.0,67.0,103.0,21.0,142.0,143.0,147.0,71.0,112.0,139.0,169.0,86.0,118.0,157.0,152.0,153.0,92.0,129.0,160.0,186.0,107.0,138.0,42.0,62.0,129.0,184.0,144.0,227.0,95.0,68.0,21.0,150.0,208.0,179.0,256.0,120.0,103.0,163.0,221.0,196.0,271.0,135.0,121.0,58.0,68.0,111.0,37.0,74.0,70.0,57.0,90.0,121.0,88.0,67.0,77.0,136.0,160.0,38.0,219.0,167.0,116.0,93.0,157.0,147.0,128.0,99.0,47.0,20.0,62.0,21.0,91.0,126.0,157.0,179.0,93.0,104.0
24,Warmblut,477.0,024_070725_2.JPG,90.0,108.0,141.0,166.0,173.0,211.0,209.0,183.0,210.0,227.0,254.0,286.0,303.0,144.0,97.0,102.0,39.0,166.0,183.0,64.0,73.0,82.0,87.0,124.0,119.0,121.0,147.0,167.0,165.0,198.0,215.0,74.0,61.0,12.0,71.0,81.0,94.0,39.0,130.0,128.0,159.0,136.0,76.0,102.0,119.0,177.0,200.0,212.0,44.0,11.0,68.0,71.0,79.0,113.0,112.0,107.0,132.0,103.0,48.0,74.0,94.0,141.0,161.0,173.0,5.0,49.0,71.0,106.0,44.0,82.0,13.0,47.0,67.0,147.0,166.0,187.0,106.0,146.0,167.0,109.0,132.0,71.0,154.0,81.0,53.0,38.0,54.0,140.0,157.0,178.0,94.0,134.0,154.0,104.0,131.0,75.0,158.0,73.0,41.0,43.0,155.0,167.0,187.0,66.0,107.0,129.0,128.0,164.0,112.0,196.0,91.0,51.0,116.0,126.0,144.0,46.0,82.0,102.0,98.0,143.0,107.0,186.0,59.0,26.0,27.0,47.0,142.0,150.0,156.0,47.0,86.0,118.0,146.0,67.0,104.0,22.0,144.0,144.0,146.0,73.0,113.0,143.0,172.0,85.0,118.0,159.0,154.0,153.0,93.0,130.0,164.0,189.0,107.0,139.0,42.0,64.0,136.0,185.0,153.0,231.0,98.0,71.0,22.0,156.0,208.0,186.0,259.0,123.0,105.0,168.0,221.0,204.0,274.0,138.0,124.0,53.0,71.0,110.0,39.0,78.0,66.0,60.0,86.0,119.0,84.0,72.0,82.0,136.0,160.0,39.0,221.0,167.0,117.0,94.0,159.0,146.0,128.0,93.0,46.0,20.0,63.0,22.0,93.0,127.0,162.0,182.0,94.0,107.0
25,Warmblut,481.5,025_070725_1.JPG,89.0,116.0,142.0,162.0,171.0,204.0,187.0,181.0,209.0,228.0,221.0,238.0,249.0,148.0,98.0,102.0,38.0,170.0,180.0,67.0,72.0,76.0,83.0,115.0,99.0,118.0,144.0,165.0,135.0,159.0,173.0,77.0,63.0,12.0,83.0,87.0,91.0,34.0,115.0,114.0,138.0,104.0,66.0,93.0,112.0,121.0,127.0,136.0,39.0,19.0,67.0,86.0,73.0,97.0,94.0,89.0,109.0,72.0,46.0,72.0,93.0,87.0,96.0,107.0,6.0,52.0,65.0,116.0,39.0,66.0,15.0,44.0,53.0,128.0,147.0,166.0,96.0,133.0,152.0,94.0,122.0,65.0,158.0,73.0,51.0,32.0,39.0,119.0,136.0,155.0,81.0,119.0,138.0,88.0,123.0,72.0,164.0,63.0,37.0,40.0,129.0,140.0,157.0,70.0,111.0,130.0,107.0,149.0,103.0,195.0,74.0,45.0,89.0,101.0,119.0,43.0,80.0,99.0,69.0,118.0,87.0,173.0,35.0,8.0,28.0,48.0,80.0,68.0,72.0,41.0,84.0,111.0,151.0,56.0,85.0,21.0,80.0,55.0,52.0,68.0,111.0,137.0,178.0,74.0,100.0,92.0,60.0,49.0,88.0,130.0,158.0,195.0,94.0,118.0,41.0,60.0,81.0,138.0,123.0,200.0,51.0,48.0,20.0,90.0,146.0,148.0,212.0,72.0,83.0,101.0,154.0,163.0,221.0,88.0,101.0,57.0,70.0,122.0,35.0,63.0,65.0,67.0,89.0,110.0,93.0,76.0,79.0,150.0,165.0,30.0,216.0,166.0,107.0,94.0,152.0,137.0,120.0,98.0,48.0,21.0,55.0,18.0,89.0,121.0,159.0,178.0,88.0,102.0
25,Warmblut,481.5,025_070725_2.JPG,90.0,112.0,141.0,161.0,168.0,201.0,186.0,180.0,206.0,226.0,218.0,235.0,246.0,146.0,99.0,107.0,37.0,169.0,178.0,65.0,73.0,74.0,79.0,112.0,97.0,117.0,143.0,165.0,133.0,157.0,171.0,76.0,65.0,17.0,87.0,86.0,89.0,35.0,115.0,111.0,137.0,105.0,67.0,94.0,114.0,121.0,128.0,136.0,40.0,16.0,64.0,86.0,74.0,97.0,97.0,89.0,111.0,74.0,44.0,70.0,93.0,87.0,95.0,105.0,5.0,50.0,64.0,119.0,40.0,67.0,15.0,43.0,54.0,130.0,148.0,169.0,96.0,134.0,153.0,96.0,124.0,60.0,161.0,74.0,51.0,33.0,38.0,118.0,135.0,155.0,81.0,119.0,138.0,87.0,121.0,63.0,165.0,61.0,37.0,40.0,131.0,142.0,160.0,72.0,113.0,133.0,108.0,149.0,96.0,198.0,75.0,45.0,90.0,102.0,121.0,43.0,80.0,100.0,70.0,118.0,80.0,176.0,35.0,8.0,27.0,49.0,81.0,69.0,71.0,41.0,81.0,107.0,153.0,57.0,86.0,23.0,81.0,56.0,51.0,67.0,108.0,132.0,178.0,74.0,100.0,94.0,61.0,48.0,89.0,127.0,155.0,197.0,95.0,120.0,41.0,61.0,82.0,137.0,116.0,202.0,50.0,47.0,20.0,90.0,144.0,142.0,214.0,72.0,83.0,100.0,151.0,157.0,222.0,88.0,102.0,55.0,66.0,124.0,36.0,63.0,69.0,71.0,88.0,110.0,102.0,71.0,72.0,152.0,167.0,30.0,216.0,166.0,111.0,93.0,152.0,136.0,121.0,98.0,49.0,23.0,55.0,18.0,90.0,121.0,155.0,180.0,88.0,102.0
27,Kaltblut,408.0,027_070725_1.JPG,79.0,95.0,121.0,157.0,159.0,201.0,185.0,153.0,175.0,191.0,231.0,257.0,267.0,127.0,82.0,95.0,38.0,154.0,171.0,64.0,71.0,83.0,82.0,124.0,107.0,110.0,132.0,151.0,153.0,181.0,193.0,71.0,60.0,16.0,69.0,82.0,93.0,31.0,129.0,123.0,159.0,125.0,58.0,80.0,97.0,165.0,181.0,187.0,40.0,13.0,68.0,60.0,80.0,112.0,115.0,106.0,138.0,100.0,39.0,61.0,80.0,137.0,150.0,156.0,10.0,43.0,68.0,90.0,52.0,88.0,14.0,46.0,58.0,146.0,163.0,181.0,95.0,134.0,151.0,108.0,132.0,68.0,152.0,79.0,53.0,42.0,44.0,135.0,151.0,169.0,84.0,122.0,138.0,97.0,127.0,67.0,150.0,66.0,39.0,45.0,160.0,172.0,188.0,60.0,101.0,119.0,128.0,165.0,108.0,192.0,90.0,52.0,117.0,127.0,143.0,46.0,79.0,94.0,89.0,133.0,91.0,168.0,48.0,14.0,23.0,41.0,144.0,147.0,148.0,41.0,71.0,106.0,118.0,70.0,108.0,19.0,148.0,145.0,143.0,62.0,92.0,127.0,139.0,85.0,120.0,160.0,152.0,148.0,82.0,109.0,147.0,154.0,102.0,137.0,41.0,59.0,126.0,174.0,137.0,212.0,85.0,59.0,18.0,141.0,192.0,166.0,234.0,104.0,91.0,147.0,198.0,178.0,242.0,113.0,105.0,52.0,65.0,97.0,42.0,78.0,68.0,48.0,89.0,120.0,84.0,68.0,77.0,130.0,154.0,38.0,186.0,149.0,96.0,79.0,145.0,131.0,119.0,87.0,41.0,18.0,59.0,18.0,78.0,107.0,141.0,148.0,78.0,93.0
27,Kaltblut,408.0,027_070725_2.JPG,82.0,93.0,124.0,152.0,160.0,190.0,175.0,154.0,176.0,191.0,203.0,216.0,223.0,129.0,78.0,92.0,39.0,152.0,166.0,54.0,69.0,72.0,79.0,109.0,95.0,107.0,129.0,149.0,126.0,145.0,154.0,70.0,60.0,11.0,71.0,79.0,86.0,32.0,105.0,107.0,130.0,101.0,62.0,85.0,102.0,121.0,127.0,131.0,38.0,20.0,54.0,60.0,68.0,94.0,96.0,94.0,111.0,77.0,38.0,61.0,80.0,92.0,95.0,99.0,6.0,51.0,64.0,92.0,41.0,72.0,12.0,41.0,52.0,125.0,143.0,163.0,83.0,115.0,129.0,92.0,120.0,62.0,142.0,69.0,44.0,31.0,42.0,121.0,138.0,157.0,72.0,105.0,118.0,89.0,123.0,69.0,148.0,63.0,34.0,40.0,132.0,144.0,162.0,59.0,94.0,108.0,106.0,148.0,98.0,176.0,74.0,40.0,93.0,105.0,123.0,33.0,63.0,77.0,71.0,120.0,84.0,154.0,36.0,10.0,23.0,42.0,95.0,84.0,82.0,38.0,76.0,102.0,118.0,59.0,92.0,20.0,100.0,81.0,75.0,60.0,98.0,124.0,139.0,75.0,107.0,114.0,91.0,82.0,80.0,113.0,144.0,153.0,94.0,125.0,35.0,50.0,86.0,141.0,115.0,178.0,53.0,43.0,15.0,90.0,146.0,135.0,187.0,66.0,72.0,94.0,150.0,144.0,191.0,75.0,85.0,57.0,64.0,97.0,35.0,67.0,64.0,42.0,88.0,113.0,80.0,69.0,74.0,125.0,146.0,34.0,192.0,149.0,105.0,80.0,130.0,119.0,100.0,77.0,42.0,18.0,45.0,13.0,77.0,115.0,142.0,152.0,74.0,87.0
28,Warmblut,572.5,028_080725_1.JPG,82.0,98.0,132.0,162.0,159.0,211.0,195.0,168.0,194.0,213.0,233.0,254.0,264.0,138.0,85.0,103.0,33.0,168.0,180.0,63.0,75.0,83.0,79.0,130.0,114.0,117.0,142.0,166.0,153.0,179.0,191.0,76.0,58.0,21.0,72.0,93.0,99.0,38.0,126.0,118.0,161.0,125.0,71.0,97.0,117.0,155.0,167.0,172.0,46.0,13.0,68.0,68.0,86.0,111.0,111.0,101.0,136.0,94.0,42.0,67.0,91.0,119.0,129.0,135.0,9.0,49.0,69.0,104.0,52.0,81.0,12.0,51.0,66.0,142.0,159.0,184.0,104.0,141.0,160.0,106.0,128.0,64.0,155.0,83.0,58.0,51.0,56.0,130.0,147.0,172.0,96.0,132.0,151.0,94.0,120.0,59.0,151.0,71.0,47.0,51.0,154.0,164.0,187.0,72.0,113.0,135.0,128.0,166.0,109.0,201.0,90.0,57.0,105.0,113.0,135.0,41.0,76.0,95.0,85.0,133.0,94.0,178.0,43.0,15.0,26.0,49.0,117.0,113.0,112.0,41.0,83.0,110.0,138.0,64.0,98.0,25.0,116.0,102.0,97.0,66.0,109.0,134.0,164.0,77.0,109.0,133.0,113.0,103.0,90.0,129.0,159.0,182.0,102.0,133.0,41.0,62.0,110.0,164.0,133.0,213.0,69.0,55.0,22.0,121.0,178.0,161.0,231.0,86.0,87.0,127.0,184.0,174.0,238.0,98.0,105.0,57.0,68.0,111.0,43.0,73.0,67.0,55.0,96.0,118.0,92.0,76.0,78.0,146.0,162.0,34.0,204.0,166.0,114.0,91.0,160.0,150.0,131.0,95.0,49.0,24.0,60.0,20.0,90.0,125.0,157.0,170.0,86.0,103.0
28,Warmblut,572.5,028_080725_3.JPG,93.0,93.0,131.0,175.0,168.0,226.0,195.0,162.0,189.0,204.0,239.0,255.0,260.0,137.0,83.0,109.0,36.0,173.0,186.0,61.0,77.0,83.0,75.0,133.0,108.0,116.0,144.0,166.0,155.0,180.0,191.0,76.0,59.0,17.0,76.0,95.0,98.0,38.0,125.0,115.0,162.0,116.0,70.0,98.0,117.0,152.0,163.0,166.0,45.0,11.0,66.0,59.0,86.0,108.0,113.0,103.0,139.0,86.0,39.0,67.0,89.0,117.0,124.0,128.0,9.0,49.0,73.0,97.0,51.0,80.0,10.0,55.0,67.0,143.0,163.0,187.0,111.0,150.0,169.0,107.0,129.0,67.0,158.0,86.0,60.0,60.0,61.0,133.0,154.0,178.0,107.0,145.0,163.0,96.0,119.0,59.0,150.0,77.0,53.0,59.0,157.0,169.0,191.0,80.0,123.0,146.0,131.0,169.0,117.0,205.0,94.0,61.0,98.0,110.0,132.0,49.0,83.0,102.0,77.0,124.0,92.0,168.0,36.0,10.0,28.0,50.0,113.0,107.0,104.0,41.0,80.0,112.0,126.0,63.0,96.0,24.0,112.0,95.0,87.0,68.0,108.0,139.0,153.0,78.0,110.0,130.0,106.0,92.0,91.0,126.0,162.0,168.0,101.0,133.0,43.0,66.0,109.0,162.0,140.0,208.0,67.0,58.0,24.0,118.0,173.0,167.0,221.0,85.0,92.0,123.0,177.0,179.0,225.0,97.0,110.0,55.0,71.0,103.0,43.0,71.0,67.0,48.0,95.0,116.0,91.0,83.0,82.0,142.0,159.0,34.0,181.0,166.0,112.0,89.0,169.0,162.0,142.0,102.0,50.0,23.0,63.0,21.0,91.0,120.0,161.0,149.0,88.0,109.0
28,Warmblut,572.5,028_080725_2.JPG,91.0,98.0,132.0,170.0,168.0,220.0,194.0,168.0,196.0,213.0,237.0,247.0,263.0,137.0,83.0,106.0,34.0,168.0,186.0,67.0,73.0,82.0,77.0,129.0,106.0,117.0,145.0,168.0,149.0,167.0,185.0,75.0,60.0,15.0,78.0,90.0,97.0,38.0,132.0,121.0,165.0,121.0,70.0,99.0,116.0,158.0,157.0,170.0,45.0,15.0,72.0,66.0,83.0,113.0,113.0,99.0,136.0,86.0,44.0,72.0,94.0,121.0,118.0,132.0,6.0,51.0,71.0,103.0,46.0,79.0,16.0,53.0,67.0,145.0,165.0,189.0,102.0,137.0,157.0,109.0,132.0,68.0,160.0,89.0,63.0,51.0,53.0,130.0,150.0,173.0,90.0,123.0,143.0,95.0,123.0,62.0,155.0,74.0,48.0,57.0,156.0,168.0,190.0,67.0,110.0,129.0,131.0,169.0,114.0,205.0,98.0,60.0,100.0,111.0,134.0,43.0,70.0,91.0,81.0,129.0,92.0,173.0,43.0,9.0,29.0,51.0,120.0,102.0,110.0,42.0,85.0,113.0,136.0,59.0,95.0,24.0,122.0,94.0,97.0,70.0,114.0,140.0,164.0,76.0,109.0,140.0,107.0,106.0,93.0,131.0,164.0,180.0,100.0,132.0,44.0,62.0,114.0,167.0,135.0,214.0,75.0,52.0,20.0,112.0,169.0,155.0,220.0,79.0,77.0,126.0,183.0,173.0,235.0,96.0,97.0,57.0,71.0,108.0,40.0,73.0,68.0,52.0,93.0,120.0,93.0,80.0,83.0,142.0,164.0,37.0,205.0,166.0,115.0,93.0,157.0,143.0,123.0,90.0,50.0,21.0,58.0,20.0,91.0,129.0,159.0,172.0,82.0,96.0
29,Vollblut,546.0,029_080725_1.JPG,94.0,91.0,130.0,179.0,177.0,224.0,192.0,161.0,187.0,200.0,225.0,233.0,237.0,137.0,80.0,115.0,34.0,167.0,183.0,65.0,77.0,85.0,83.0,130.0,106.0,115.0,142.0,162.0,145.0,166.0,177.0,77.0,63.0,21.0,83.0,91.0,96.0,40.0,129.0,121.0,161.0,115.0,70.0,97.0,113.0,140.0,142.0,146.0,48.0,11.0,71.0,60.0,83.0,108.0,112.0,101.0,133.0,82.0,37.0,65.0,85.0,101.0,103.0,108.0,10.0,51.0,72.0,100.0,46.0,76.0,14.0,51.0,65.0,137.0,156.0,178.0,107.0,144.0,163.0,104.0,134.0,65.0,166.0,85.0,58.0,48.0,52.0,124.0,143.0,165.0,94.0,131.0,149.0,92.0,126.0,62.0,162.0,71.0,44.0,57.0,146.0,157.0,177.0,82.0,125.0,146.0,123.0,168.0,109.0,207.0,92.0,58.0,89.0,101.0,121.0,43.0,79.0,98.0,71.0,125.0,86.0,169.0,37.0,10.0,28.0,48.0,92.0,78.0,77.0,39.0,81.0,108.0,128.0,55.0,88.0,22.0,90.0,64.0,57.0,65.0,108.0,134.0,154.0,71.0,102.0,106.0,73.0,59.0,86.0,123.0,155.0,167.0,93.0,124.0,43.0,64.0,92.0,151.0,127.0,198.0,58.0,53.0,21.0,96.0,154.0,150.0,202.0,74.0,87.0,103.0,157.0,163.0,205.0,87.0,105.0,59.0,69.0,108.0,36.0,66.0,73.0,49.0,93.0,117.0,101.0,76.0,76.0,140.0,161.0,34.0,171.0,162.0,105.0,85.0,162.0,149.0,134.0,97.0,48.0,21.0,57.0,18.0,86.0,112.0,155.0,140.0,85.0,105.0
30,Kleinpferd,490.0,030_090725_2.JPG,92.0,99.0,131.0,179.0,174.0,227.0,191.0,157.0,177.0,189.0,240.0,254.0,254.0,136.0,85.0,110.0,40.0,167.0,183.0,66.0,74.0,89.0,82.0,135.0,102.0,108.0,129.0,148.0,153.0,173.0,177.0,74.0,63.0,18.0,80.0,88.0,94.0,35.0,136.0,126.0,167.0,116.0,58.0,79.0,94.0,156.0,162.0,159.0,41.0,14.0,72.0,62.0,81.0,108.0,120.0,108.0,141.0,86.0,34.0,56.0,75.0,122.0,127.0,125.0,7.0,48.0,71.0,96.0,48.0,79.0,13.0,54.0,64.0,146.0,161.0,182.0,107.0,140.0,151.0,114.0,140.0,72.0,168.0,90.0,62.0,54.0,53.0,133.0,148.0,169.0,98.0,130.0,141.0,102.0,130.0,65.0,160.0,77.0,50.0,58.0,157.0,167.0,185.0,71.0,107.0,122.0,134.0,174.0,117.0,210.0,97.0,63.0,100.0,109.0,128.0,52.0,79.0,88.0,79.0,125.0,86.0,167.0,40.0,8.0,22.0,41.0,122.0,117.0,111.0,36.0,72.0,105.0,119.0,61.0,95.0,21.0,123.0,111.0,102.0,56.0,92.0,126.0,138.0,72.0,106.0,137.0,121.0,109.0,76.0,106.0,146.0,149.0,93.0,125.0,36.0,51.0,115.0,167.0,137.0,213.0,75.0,60.0,17.0,121.0,175.0,158.0,222.0,87.0,85.0,119.0,172.0,163.0,221.0,89.0,93.0,54.0,70.0,102.0,41.0,72.0,72.0,48.0,92.0,117.0,96.0,75.0,77.0,138.0,159.0,34.0,173.0,148.0,91.0,74.0,151.0,140.0,118.0,87.0,40.0,18.0,48.0,13.0,74.0,102.0,143.0,134.0,73.0,91.0
30,Kleinpferd,490.0,030_090725_3.JPG,93.0,98.0,131.0,178.0,174.0,227.0,193.0,155.0,176.0,188.0,240.0,252.0,253.0,137.0,83.0,110.0,40.0,169.0,184.0,65.0,73.0,87.0,81.0,133.0,103.0,107.0,129.0,148.0,153.0,172.0,176.0,74.0,61.0,17.0,80.0,88.0,94.0,36.0,133.0,125.0,165.0,116.0,58.0,79.0,94.0,154.0,160.0,158.0,43.0,15.0,70.0,61.0,82.0,108.0,116.0,107.0,138.0,85.0,34.0,56.0,75.0,119.0,124.0,122.0,7.0,50.0,69.0,97.0,48.0,78.0,10.0,54.0,64.0,143.0,159.0,180.0,107.0,139.0,150.0,111.0,137.0,71.0,166.0,87.0,60.0,55.0,56.0,133.0,149.0,170.0,101.0,132.0,143.0,101.0,129.0,65.0,160.0,77.0,52.0,56.0,156.0,165.0,185.0,72.0,107.0,122.0,131.0,173.0,117.0,209.0,94.0,61.0,100.0,109.0,129.0,51.0,77.0,87.0,78.0,126.0,87.0,168.0,38.0,9.0,22.0,42.0,121.0,116.0,110.0,35.0,72.0,103.0,117.0,62.0,95.0,21.0,120.0,109.0,100.0,56.0,93.0,124.0,137.0,73.0,106.0,136.0,120.0,108.0,76.0,108.0,145.0,148.0,94.0,126.0,35.0,50.0,112.0,167.0,137.0,211.0,73.0,59.0,17.0,118.0,174.0,157.0,220.0,85.0,84.0,116.0,172.0,162.0,219.0,88.0,93.0,57.0,68.0,103.0,41.0,71.0,70.0,47.0,94.0,118.0,95.0,75.0,78.0,139.0,159.0,33.0,172.0,148.0,92.0,75.0,150.0,142.0,117.0,86.0,41.0,19.0,47.0,13.0,74.0,103.0,142.0,133.0,73.0,91.0
30,Kleinpferd,490.0,030_090725_1.JPG,91.0,93.0,122.0,163.0,172.0,196.0,180.0,147.0,166.0,178.0,199.0,207.0,214.0,127.0,83.0,101.0,42.0,154.0,169.0,61.0,71.0,72.0,81.0,106.0,96.0,109.0,131.0,150.0,121.0,139.0,152.0,73.0,65.0,10.0,80.0,83.0,86.0,30.0,108.0,110.0,126.0,98.0,57.0,78.0,95.0,111.0,114.0,121.0,34.0,13.0,62.0,57.0,65.0,89.0,96.0,94.0,104.0,73.0,39.0,60.0,80.0,82.0,85.0,92.0,5.0,42.0,67.0,86.0,37.0,64.0,14.0,41.0,57.0,129.0,145.0,166.0,85.0,115.0,132.0,94.0,118.0,62.0,148.0,75.0,52.0,27.0,45.0,125.0,140.0,160.0,73.0,104.0,121.0,92.0,122.0,71.0,154.0,69.0,43.0,37.0,128.0,140.0,159.0,58.0,90.0,107.0,101.0,138.0,96.0,174.0,72.0,42.0,92.0,103.0,122.0,29.0,59.0,75.0,69.0,111.0,87.0,152.0,37.0,11.0,21.0,41.0,88.0,76.0,76.0,38.0,65.0,106.0,106.0,57.0,87.0,21.0,92.0,73.0,68.0,59.0,85.0,127.0,124.0,71.0,99.0,109.0,86.0,77.0,79.0,100.0,147.0,136.0,91.0,119.0,32.0,49.0,77.0,123.0,112.0,167.0,45.0,37.0,17.0,80.0,126.0,131.0,171.0,57.0,64.0,88.0,132.0,144.0,177.0,69.0,80.0,47.0,69.0,91.0,33.0,60.0,68.0,44.0,78.0,101.0,87.0,75.0,76.0,121.0,141.0,30.0,173.0,148.0,96.0,77.0,131.0,118.0,96.0,74.0,39.0,18.0,44.0,16.0,74.0,101.0,143.0,131.0,68.0,80.0
31,Kleinpferd,459.0,031_090725_1.JPG,82.0,93.0,125.0,160.0,159.0,205.0,185.0,158.0,182.0,196.0,221.0,240.0,248.0,130.0,80.0,98.0,38.0,159.0,174.0,61.0,71.0,83.0,80.0,125.0,104.0,111.0,135.0,153.0,142.0,166.0,176.0,70.0,56.0,17.0,69.0,83.0,93.0,35.0,128.0,121.0,158.0,122.0,65.0,88.0,104.0,148.0,156.0,162.0,42.0,13.0,67.0,59.0,83.0,111.0,115.0,106.0,135.0,95.0,40.0,64.0,82.0,115.0,122.0,127.0,9.0,47.0,69.0,93.0,53.0,85.0,12.0,50.0,58.0,146.0,164.0,182.0,99.0,137.0,151.0,108.0,129.0,67.0,151.0,80.0,55.0,46.0,47.0,136.0,153.0,171.0,89.0,126.0,140.0,99.0,123.0,64.0,149.0,69.0,44.0,44.0,156.0,167.0,184.0,68.0,109.0,124.0,127.0,162.0,108.0,192.0,86.0,52.0,112.0,124.0,140.0,43.0,79.0,94.0,87.0,129.0,87.0,165.0,44.0,12.0,24.0,42.0,118.0,111.0,111.0,42.0,78.0,108.0,122.0,70.0,104.0,19.0,120.0,105.0,102.0,65.0,101.0,131.0,145.0,84.0,117.0,133.0,113.0,108.0,83.0,117.0,149.0,159.0,102.0,134.0,40.0,56.0,107.0,157.0,127.0,198.0,65.0,51.0,15.0,115.0,167.0,152.0,212.0,83.0,84.0,121.0,174.0,163.0,219.0,93.0,98.0,53.0,66.0,98.0,44.0,76.0,65.0,46.0,91.0,117.0,85.0,70.0,76.0,133.0,153.0,35.0,189.0,152.0,103.0,81.0,152.0,140.0,120.0,94.0,42.0,17.0,54.0,15.0,82.0,115.0,146.0,151.0,81.0,97.0
31,Kleinpferd,459.0,031_090725_3.JPG,81.0,93.0,124.0,162.0,157.0,205.0,181.0,156.0,178.0,193.0,219.0,237.0,244.0,129.0,78.0,99.0,36.0,158.0,172.0,62.0,73.0,84.0,77.0,124.0,101.0,112.0,134.0,153.0,141.0,164.0,174.0,70.0,56.0,18.0,71.0,84.0,92.0,34.0,130.0,121.0,157.0,119.0,64.0,86.0,102.0,145.0,153.0,158.0,43.0,15.0,68.0,59.0,83.0,110.0,118.0,108.0,135.0,93.0,39.0,61.0,80.0,114.0,120.0,124.0,12.0,48.0,69.0,92.0,54.0,86.0,10.0,49.0,57.0,147.0,163.0,183.0,98.0,135.0,150.0,107.0,131.0,68.0,154.0,81.0,55.0,50.0,50.0,138.0,153.0,174.0,92.0,129.0,143.0,97.0,122.0,61.0,148.0,71.0,47.0,45.0,155.0,165.0,183.0,66.0,106.0,122.0,124.0,162.0,107.0,193.0,84.0,50.0,110.0,120.0,139.0,43.0,78.0,93.0,81.0,126.0,83.0,163.0,40.0,9.0,23.0,42.0,117.0,109.0,108.0,44.0,79.0,107.0,122.0,71.0,105.0,20.0,119.0,103.0,99.0,64.0,101.0,128.0,143.0,84.0,116.0,134.0,113.0,106.0,84.0,117.0,148.0,157.0,104.0,136.0,40.0,56.0,103.0,156.0,124.0,197.0,63.0,50.0,16.0,111.0,166.0,149.0,210.0,80.0,83.0,116.0,171.0,159.0,216.0,90.0,97.0,55.0,64.0,99.0,43.0,74.0,65.0,45.0,93.0,117.0,87.0,70.0,75.0,134.0,154.0,34.0,186.0,152.0,101.0,80.0,150.0,143.0,118.0,93.0,41.0,18.0,54.0,15.0,81.0,115.0,144.0,150.0,80.0,97.0
32,Warmblut,580.0,032_090725_2.JPG,108.0,99.0,139.0,194.0,194.0,248.0,219.0,173.0,200.0,215.0,277.0,298.0,304.0,150.0,87.0,127.0,39.0,184.0,206.0,71.0,82.0,87.0,87.0,140.0,115.0,125.0,153.0,176.0,176.0,205.0,216.0,79.0,69.0,19.0,95.0,92.0,103.0,41.0,141.0,137.0,184.0,140.0,75.0,103.0,122.0,189.0,203.0,207.0,54.0,13.0,78.0,65.0,95.0,127.0,127.0,120.0,161.0,109.0,43.0,72.0,94.0,152.0,163.0,166.0,17.0,53.0,79.0,106.0,61.0,97.0,9.0,55.0,62.0,158.0,179.0,202.0,119.0,161.0,178.0,112.0,145.0,70.0,182.0,84.0,58.0,54.0,54.0,150.0,171.0,194.0,112.0,153.0,169.0,105.0,142.0,68.0,180.0,76.0,49.0,58.0,181.0,196.0,218.0,87.0,133.0,153.0,144.0,191.0,121.0,233.0,104.0,66.0,125.0,138.0,159.0,62.0,100.0,116.0,92.0,149.0,96.0,197.0,49.0,14.0,29.0,51.0,151.0,149.0,147.0,49.0,88.0,121.0,136.0,77.0,115.0,24.0,153.0,142.0,136.0,76.0,115.0,148.0,162.0,95.0,131.0,169.0,152.0,143.0,99.0,133.0,171.0,177.0,118.0,153.0,47.0,67.0,136.0,200.0,158.0,251.0,95.0,74.0,21.0,149.0,215.0,188.0,267.0,115.0,108.0,154.0,219.0,199.0,272.0,124.0,123.0,66.0,72.0,118.0,44.0,80.0,79.0,53.0,105.0,135.0,112.0,76.0,84.0,156.0,183.0,38.0,196.0,175.0,119.0,94.0,174.0,164.0,153.0,112.0,50.0,22.0,66.0,19.0,96.0,129.0,167.0,159.0,98.0,115.0
32,Warmblut,580.0,032_090725_3.JPG,111.0,110.0,145.0,188.0,200.0,227.0,210.0,183.0,208.0,224.0,237.0,247.0,254.0,151.0,98.0,121.0,36.0,180.0,200.0,65.0,73.0,77.0,89.0,116.0,104.0,123.0,150.0,173.0,138.0,159.0,173.0,77.0,70.0,11.0,105.0,86.0,94.0,38.0,120.0,123.0,148.0,117.0,75.0,102.0,121.0,134.0,139.0,145.0,44.0,14.0,67.0,83.0,78.0,107.0,100.0,98.0,120.0,84.0,50.0,77.0,100.0,97.0,102.0,110.0,6.0,51.0,68.0,120.0,42.0,75.0,18.0,42.0,54.0,138.0,157.0,181.0,95.0,130.0,149.0,99.0,131.0,67.0,181.0,75.0,50.0,28.0,38.0,130.0,147.0,171.0,79.0,114.0,134.0,96.0,135.0,78.0,190.0,67.0,36.0,44.0,146.0,159.0,182.0,76.0,114.0,135.0,117.0,161.0,106.0,217.0,84.0,48.0,103.0,115.0,139.0,41.0,76.0,96.0,79.0,131.0,94.0,194.0,43.0,11.0,27.0,50.0,94.0,80.0,78.0,47.0,85.0,118.0,152.0,63.0,98.0,25.0,97.0,72.0,64.0,73.0,111.0,144.0,176.0,82.0,112.0,116.0,86.0,72.0,96.0,129.0,168.0,191.0,106.0,136.0,38.0,59.0,91.0,148.0,128.0,216.0,57.0,48.0,21.0,96.0,152.0,150.0,222.0,73.0,80.0,104.0,158.0,164.0,227.0,87.0,99.0,58.0,72.0,126.0,37.0,71.0,73.0,69.0,92.0,121.0,114.0,78.0,83.0,159.0,183.0,36.0,222.0,175.0,125.0,101.0,150.0,132.0,120.0,94.0,50.0,22.0,51.0,18.0,96.0,132.0,168.0,185.0,89.0,100.0
33,Warmblut,529.0,033_090725_2.JPG,91.0,99.0,129.0,166.0,173.0,206.0,195.0,161.0,182.0,192.0,230.0,247.0,255.0,132.0,83.0,103.0,42.0,165.0,180.0,68.0,72.0,77.0,82.0,115.0,107.0,114.0,137.0,153.0,143.0,166.0,177.0,72.0,64.0,12.0,79.0,86.0,91.0,34.0,126.0,124.0,149.0,122.0,62.0,84.0,96.0,149.0,158.0,163.0,40.0,16.0,70.0,60.0,81.0,108.0,108.0,103.0,123.0,91.0,42.0,65.0,81.0,116.0,124.0,129.0,6.0,49.0,68.0,93.0,48.0,79.0,15.0,45.0,63.0,142.0,160.0,179.0,97.0,131.0,146.0,104.0,130.0,66.0,155.0,82.0,55.0,34.0,49.0,134.0,151.0,169.0,83.0,116.0,131.0,98.0,130.0,70.0,158.0,71.0,42.0,41.0,147.0,160.0,177.0,63.0,99.0,114.0,118.0,157.0,103.0,189.0,82.0,46.0,108.0,119.0,137.0,37.0,68.0,82.0,86.0,133.0,95.0,171.0,45.0,16.0,23.0,39.0,120.0,116.0,116.0,43.0,77.0,110.0,121.0,65.0,100.0,18.0,125.0,113.0,110.0,66.0,99.0,133.0,142.0,80.0,114.0,140.0,125.0,121.0,82.0,110.0,149.0,150.0,98.0,132.0,36.0,52.0,110.0,161.0,131.0,202.0,68.0,52.0,16.0,118.0,172.0,155.0,216.0,82.0,79.0,124.0,178.0,166.0,222.0,91.0,93.0,54.0,67.0,98.0,42.0,73.0,69.0,45.0,93.0,118.0,89.0,76.0,79.0,135.0,156.0,35.0,183.0,150.0,95.0,79.0,145.0,130.0,113.0,82.0,37.0,14.0,51.0,15.0,79.0,108.0,144.0,142.0,73.0,90.0
34,Warmblut,527.0,034_090725_1.JPG,83.0,95.0,122.0,155.0,162.0,192.0,175.0,156.0,183.0,198.0,211.0,221.0,225.0,127.0,77.0,93.0,36.0,151.0,167.0,63.0,68.0,74.0,79.0,109.0,95.0,112.0,138.0,156.0,132.0,149.0,156.0,71.0,59.0,10.0,74.0,80.0,87.0,32.0,116.0,116.0,137.0,106.0,62.0,88.0,105.0,132.0,134.0,135.0,37.0,18.0,64.0,63.0,70.0,98.0,100.0,96.0,112.0,77.0,45.0,70.0,88.0,101.0,102.0,104.0,6.0,49.0,64.0,93.0,40.0,70.0,12.0,42.0,55.0,136.0,154.0,172.0,91.0,119.0,132.0,98.0,122.0,65.0,147.0,76.0,52.0,32.0,43.0,130.0,146.0,163.0,79.0,107.0,121.0,93.0,123.0,70.0,152.0,68.0,41.0,39.0,138.0,149.0,165.0,60.0,92.0,107.0,108.0,147.0,99.0,180.0,77.0,44.0,99.0,110.0,126.0,39.0,65.0,77.0,73.0,119.0,85.0,157.0,39.0,8.0,27.0,44.0,106.0,93.0,89.0,43.0,79.0,109.0,123.0,62.0,94.0,19.0,107.0,87.0,79.0,68.0,106.0,134.0,149.0,78.0,107.0,119.0,95.0,84.0,86.0,121.0,152.0,163.0,96.0,124.0,33.0,48.0,95.0,147.0,123.0,189.0,62.0,46.0,15.0,97.0,151.0,140.0,195.0,70.0,69.0,99.0,153.0,148.0,197.0,76.0,81.0,54.0,66.0,99.0,35.0,66.0,63.0,45.0,85.0,111.0,83.0,72.0,77.0,127.0,148.0,33.0,204.0,156.0,109.0,88.0,134.0,121.0,97.0,79.0,45.0,17.0,40.0,11.0,84.0,126.0,149.0,167.0,76.0,84.0
34,Warmblut,527.0,034_090725_2.JPG,99.0,96.0,130.0,186.0,182.0,236.0,201.0,162.0,186.0,197.0,252.0,256.0,268.0,138.0,82.0,110.0,38.0,170.0,191.0,67.0,73.0,88.0,83.0,137.0,109.0,115.0,140.0,158.0,158.0,171.0,185.0,75.0,64.0,11.0,84.0,88.0,98.0,36.0,138.0,124.0,171.0,121.0,67.0,91.0,105.0,169.0,165.0,175.0,44.0,15.0,71.0,61.0,83.0,112.0,121.0,104.0,144.0,89.0,42.0,67.0,84.0,135.0,130.0,139.0,9.0,50.0,71.0,96.0,49.0,82.0,21.0,58.0,73.0,151.0,169.0,187.0,104.0,135.0,152.0,116.0,142.0,77.0,171.0,91.0,67.0,54.0,54.0,132.0,149.0,167.0,90.0,117.0,134.0,98.0,130.0,72.0,163.0,70.0,47.0,62.0,161.0,171.0,188.0,59.0,98.0,115.0,136.0,179.0,126.0,216.0,99.0,65.0,100.0,110.0,127.0,51.0,66.0,82.0,80.0,131.0,98.0,174.0,40.0,10.0,26.0,42.0,136.0,118.0,123.0,41.0,82.0,113.0,126.0,63.0,96.0,18.0,138.0,113.0,114.0,65.0,106.0,137.0,149.0,79.0,109.0,152.0,123.0,122.0,83.0,119.0,155.0,160.0,97.0,126.0,41.0,56.0,127.0,181.0,147.0,224.0,87.0,61.0,17.0,121.0,179.0,161.0,225.0,87.0,76.0,131.0,189.0,176.0,235.0,99.0,91.0,58.0,72.0,104.0,41.0,74.0,69.0,46.0,95.0,123.0,94.0,79.0,88.0,140.0,165.0,34.0,184.0,156.0,104.0,84.0,152.0,133.0,111.0,79.0,42.0,16.0,52.0,17.0,81.0,116.0,151.0,148.0,77.0,87.0
36,Warmblut,577.0,036_090725_3.JPG,92.0,100.0,132.0,166.0,180.0,206.0,191.0,166.0,190.0,207.0,230.0,247.0,253.0,136.0,86.0,104.0,37.0,162.0,181.0,60.0,76.0,74.0,88.0,114.0,103.0,120.0,146.0,169.0,144.0,167.0,177.0,78.0,64.0,12.0,82.0,87.0,93.0,32.0,110.0,117.0,134.0,107.0,69.0,94.0,115.0,139.0,150.0,154.0,37.0,17.0,60.0,69.0,67.0,99.0,101.0,104.0,115.0,84.0,44.0,70.0,93.0,110.0,118.0,122.0,5.0,48.0,71.0,101.0,39.0,77.0,17.0,45.0,57.0,138.0,158.0,180.0,95.0,128.0,143.0,99.0,122.0,63.0,154.0,79.0,50.0,28.0,45.0,136.0,154.0,177.0,80.0,114.0,129.0,101.0,130.0,77.0,166.0,76.0,40.0,37.0,140.0,154.0,175.0,59.0,95.0,111.0,112.0,149.0,102.0,190.0,81.0,40.0,104.0,117.0,138.0,42.0,72.0,86.0,80.0,123.0,91.0,170.0,46.0,10.0,26.0,48.0,115.0,109.0,107.0,44.0,80.0,115.0,131.0,60.0,100.0,23.0,120.0,105.0,99.0,69.0,105.0,140.0,154.0,79.0,116.0,136.0,117.0,108.0,92.0,124.0,163.0,171.0,101.0,138.0,36.0,52.0,106.0,156.0,133.0,205.0,72.0,52.0,17.0,114.0,166.0,156.0,218.0,85.0,80.0,118.0,170.0,167.0,223.0,92.0,94.0,53.0,72.0,105.0,35.0,73.0,67.0,53.0,84.0,114.0,91.0,77.0,81.0,135.0,160.0,41.0,207.0,167.0,117.0,91.0,145.0,131.0,109.0,88.0,47.0,21.0,50.0,15.0,89.0,126.0,159.0,169.0,82.0,96.0
39,Warmblut,505.0,039_160725_1.JPG,92.0,79.0,118.0,171.0,171.0,210.0,181.0,147.0,169.0,180.0,208.0,209.0,209.0,127.0,72.0,105.0,40.0,156.0,174.0,61.0,71.0,78.0,79.0,120.0,100.0,107.0,131.0,151.0,134.0,150.0,157.0,76.0,64.0,14.0,81.0,89.0,92.0,39.0,121.0,117.0,149.0,110.0,69.0,91.0,106.0,132.0,130.0,130.0,49.0,8.0,65.0,44.0,81.0,104.0,101.0,94.0,118.0,75.0,37.0,61.0,80.0,93.0,91.0,94.0,9.0,48.0,66.0,83.0,42.0,71.0,11.0,49.0,61.0,124.0,141.0,164.0,96.0,130.0,145.0,99.0,127.0,66.0,155.0,81.0,55.0,43.0,49.0,115.0,130.0,153.0,84.0,118.0,133.0,90.0,123.0,66.0,152.0,71.0,43.0,48.0,128.0,137.0,158.0,67.0,108.0,126.0,112.0,156.0,107.0,188.0,82.0,49.0,80.0,90.0,111.0,37.0,69.0,85.0,68.0,118.0,87.0,153.0,35.0,8.0,24.0,44.0,82.0,65.0,62.0,32.0,76.0,101.0,109.0,46.0,79.0,23.0,82.0,53.0,44.0,55.0,98.0,124.0,130.0,60.0,91.0,99.0,65.0,50.0,76.0,111.0,145.0,141.0,83.0,113.0,41.0,59.0,84.0,140.0,122.0,176.0,52.0,45.0,19.0,82.0,137.0,139.0,172.0,61.0,75.0,85.0,137.0,148.0,171.0,71.0,90.0,57.0,70.0,93.0,34.0,64.0,69.0,36.0,89.0,112.0,90.0,78.0,79.0,124.0,147.0,34.0,159.0,152.0,102.0,81.0,142.0,131.0,107.0,82.0,44.0,20.0,46.0,13.0,76.0,105.0,145.0,123.0,71.0,88.0
40,Kleinpferd,426.0,040_140725_1.JPG,88.0,93.0,126.0,173.0,176.0,215.0,197.0,151.0,171.0,180.0,237.0,253.0,259.0,134.0,82.0,110.0,41.0,168.0,186.0,61.0,72.0,87.0,88.0,127.0,112.0,107.0,130.0,146.0,152.0,173.0,182.0,73.0,57.0,22.0,71.0,90.0,101.0,34.0,129.0,125.0,158.0,126.0,58.0,80.0,92.0,159.0,167.0,170.0,44.0,11.0,68.0,54.0,86.0,115.0,114.0,108.0,135.0,98.0,36.0,58.0,75.0,128.0,133.0,136.0,11.0,45.0,67.0,88.0,55.0,88.0,12.0,46.0,60.0,143.0,161.0,179.0,96.0,130.0,145.0,106.0,131.0,66.0,157.0,81.0,56.0,40.0,48.0,135.0,152.0,170.0,84.0,117.0,133.0,99.0,129.0,67.0,157.0,70.0,44.0,46.0,156.0,170.0,187.0,63.0,100.0,117.0,125.0,163.0,105.0,195.0,87.0,51.0,113.0,125.0,142.0,41.0,70.0,85.0,86.0,133.0,90.0,170.0,44.0,11.0,23.0,39.0,134.0,130.0,128.0,39.0,69.0,103.0,110.0,70.0,106.0,18.0,140.0,129.0,124.0,60.0,91.0,125.0,130.0,84.0,119.0,155.0,141.0,134.0,78.0,102.0,142.0,139.0,101.0,136.0,37.0,55.0,116.0,167.0,131.0,207.0,73.0,52.0,18.0,123.0,177.0,153.0,219.0,85.0,78.0,127.0,181.0,163.0,224.0,92.0,92.0,54.0,65.0,97.0,44.0,77.0,68.0,44.0,95.0,121.0,91.0,72.0,79.0,136.0,159.0,36.0,169.0,144.0,92.0,72.0,142.0,130.0,116.0,83.0,37.0,14.0,54.0,17.0,72.0,101.0,135.0,131.0,70.0,87.0
40,Kleinpferd,426.0,040_140725_2.JPG,72.0,81.0,113.0,159.0,156.0,213.0,188.0,133.0,153.0,165.0,235.0,252.0,254.0,118.0,72.0,85.0,33.0,154.0,166.0,61.0,73.0,90.0,85.0,141.0,118.0,104.0,126.0,141.0,166.0,188.0,193.0,71.0,55.0,13.0,65.0,90.0,97.0,34.0,136.0,125.0,174.0,131.0,53.0,74.0,87.0,172.0,181.0,180.0,43.0,10.0,66.0,50.0,88.0,111.0,125.0,110.0,152.0,103.0,32.0,54.0,69.0,140.0,147.0,145.0,12.0,42.0,71.0,84.0,58.0,85.0,17.0,59.0,74.0,154.0,172.0,187.0,115.0,152.0,166.0,114.0,134.0,78.0,155.0,89.0,65.0,56.0,59.0,139.0,156.0,171.0,103.0,137.0,151.0,100.0,124.0,72.0,149.0,72.0,48.0,59.0,176.0,188.0,201.0,76.0,116.0,135.0,140.0,175.0,128.0,203.0,99.0,69.0,121.0,131.0,143.0,48.0,79.0,92.0,91.0,134.0,106.0,170.0,45.0,21.0,22.0,37.0,151.0,149.0,142.0,41.0,63.0,104.0,101.0,77.0,107.0,15.0,155.0,147.0,138.0,60.0,84.0,125.0,120.0,89.0,120.0,163.0,151.0,140.0,76.0,97.0,140.0,132.0,102.0,132.0,41.0,60.0,129.0,177.0,154.0,215.0,84.0,69.0,21.0,138.0,188.0,177.0,228.0,99.0,96.0,137.0,187.0,183.0,228.0,103.0,106.0,50.0,67.0,91.0,46.0,73.0,61.0,42.0,93.0,114.0,77.0,80.0,84.0,131.0,149.0,30.0,156.0,144.0,87.0,69.0,163.0,146.0,137.0,89.0,38.0,15.0,60.0,19.0,74.0,97.0,142.0,123.0,76.0,96.0
41,Kleinpferd,448.0,041_140725_1.JPG,90.0,100.0,136.0,173.0,175.0,224.0,201.0,167.0,191.0,202.0,250.0,270.0,276.0,142.0,86.0,103.0,41.0,169.0,186.0,67.0,77.0,87.0,87.0,135.0,112.0,112.0,136.0,152.0,163.0,186.0,196.0,76.0,61.0,13.0,71.0,87.0,97.0,39.0,137.0,133.0,171.0,132.0,67.0,91.0,102.0,171.0,181.0,184.0,48.0,15.0,70.0,61.0,87.0,118.0,122.0,115.0,145.0,101.0,35.0,59.0,75.0,135.0,142.0,145.0,11.0,52.0,74.0,98.0,52.0,88.0,10.0,55.0,63.0,146.0,161.0,180.0,111.0,147.0,164.0,113.0,139.0,75.0,159.0,85.0,58.0,50.0,53.0,138.0,153.0,171.0,102.0,138.0,154.0,106.0,135.0,74.0,158.0,77.0,48.0,48.0,158.0,166.0,183.0,72.0,111.0,131.0,134.0,176.0,122.0,204.0,95.0,58.0,111.0,118.0,135.0,53.0,85.0,101.0,90.0,140.0,99.0,175.0,49.0,15.0,24.0,40.0,131.0,128.0,126.0,37.0,82.0,108.0,128.0,64.0,101.0,18.0,128.0,119.0,113.0,60.0,105.0,131.0,151.0,76.0,111.0,141.0,127.0,118.0,77.0,117.0,148.0,162.0,94.0,129.0,40.0,60.0,124.0,181.0,150.0,221.0,85.0,66.0,21.0,133.0,193.0,174.0,236.0,101.0,95.0,136.0,197.0,185.0,241.0,109.0,109.0,60.0,71.0,105.0,42.0,77.0,68.0,46.0,97.0,125.0,83.0,76.0,84.0,137.0,160.0,37.0,181.0,152.0,95.0,75.0,160.0,150.0,131.0,98.0,40.0,17.0,59.0,19.0,77.0,108.0,148.0,143.0,82.0,102.0
41,Kleinpferd,448.0,041_140725_2.JPG,90.0,92.0,127.0,169.0,173.0,217.0,194.0,157.0,181.0,190.0,249.0,273.0,282.0,134.0,76.0,103.0,32.0,160.0,182.0,71.0,78.0,83.0,84.0,128.0,106.0,113.0,138.0,153.0,163.0,191.0,203.0,74.0,64.0,13.0,79.0,82.0,94.0,39.0,141.0,139.0,174.0,135.0,65.0,89.0,100.0,182.0,196.0,201.0,52.0,16.0,77.0,61.0,89.0,124.0,126.0,121.0,149.0,105.0,36.0,60.0,75.0,146.0,157.0,162.0,16.0,53.0,77.0,98.0,55.0,95.0,11.0,52.0,63.0,152.0,170.0,187.0,112.0,151.0,169.0,112.0,140.0,71.0,161.0,86.0,58.0,45.0,52.0,145.0,162.0,179.0,102.0,140.0,158.0,106.0,139.0,72.0,163.0,78.0,47.0,49.0,166.0,178.0,194.0,73.0,115.0,135.0,133.0,176.0,114.0,205.0,96.0,56.0,118.0,128.0,145.0,57.0,91.0,107.0,88.0,141.0,93.0,177.0,50.0,13.0,25.0,39.0,147.0,148.0,149.0,42.0,81.0,111.0,126.0,70.0,110.0,17.0,148.0,142.0,139.0,65.0,106.0,134.0,150.0,85.0,123.0,162.0,152.0,148.0,81.0,116.0,150.0,159.0,102.0,140.0,42.0,63.0,131.0,190.0,150.0,229.0,93.0,69.0,21.0,144.0,207.0,178.0,249.0,112.0,101.0,150.0,213.0,191.0,257.0,122.0,116.0,63.0,70.0,108.0,39.0,78.0,72.0,46.0,97.0,129.0,91.0,72.0,81.0,138.0,164.0,41.0,176.0,152.0,95.0,75.0,161.0,151.0,135.0,99.0,39.0,15.0,63.0,20.0,79.0,111.0,148.0,145.0,84.0,103.0
42,Spezialrasse,506.5,042_140725_1.JPG,86.0,95.0,127.0,166.0,163.0,208.0,191.0,159.0,184.0,201.0,229.0,247.0,256.0,133.0,81.0,103.0,37.0,162.0,180.0,64.0,74.0,83.0,79.0,123.0,107.0,111.0,137.0,156.0,146.0,169.0,182.0,75.0,59.0,18.0,68.0,86.0,96.0,35.0,129.0,121.0,158.0,124.0,64.0,89.0,107.0,152.0,161.0,167.0,43.0,15.0,69.0,59.0,82.0,113.0,115.0,106.0,137.0,97.0,37.0,63.0,82.0,120.0,126.0,132.0,9.0,49.0,70.0,93.0,52.0,87.0,10.0,45.0,58.0,142.0,160.0,178.0,98.0,133.0,151.0,109.0,132.0,67.0,151.0,81.0,54.0,45.0,50.0,132.0,150.0,168.0,92.0,126.0,144.0,100.0,124.0,62.0,146.0,71.0,46.0,47.0,154.0,167.0,182.0,71.0,109.0,129.0,129.0,164.0,106.0,190.0,90.0,53.0,109.0,120.0,135.0,42.0,75.0,93.0,89.0,133.0,89.0,166.0,46.0,12.0,26.0,45.0,119.0,114.0,115.0,37.0,78.0,106.0,123.0,64.0,102.0,19.0,121.0,108.0,104.0,62.0,104.0,131.0,148.0,79.0,115.0,131.0,113.0,106.0,81.0,121.0,150.0,164.0,97.0,131.0,38.0,57.0,111.0,163.0,129.0,201.0,70.0,52.0,20.0,118.0,174.0,153.0,215.0,85.0,82.0,125.0,181.0,167.0,224.0,96.0,99.0,56.0,69.0,99.0,43.0,79.0,68.0,45.0,93.0,121.0,84.0,72.0,78.0,132.0,154.0,38.0,189.0,156.0,104.0,82.0,151.0,143.0,126.0,93.0,45.0,19.0,56.0,19.0,81.0,116.0,148.0,154.0,81.0,97.0
42,Spezialrasse,506.5,042_140725_2.JPG,91.0,99.0,134.0,167.0,169.0,214.0,194.0,163.0,185.0,200.0,246.0,269.0,278.0,139.0,85.0,109.0,41.0,166.0,186.0,69.0,78.0,80.0,80.0,125.0,105.0,114.0,137.0,157.0,157.0,184.0,196.0,74.0,62.0,18.0,74.0,84.0,97.0,38.0,134.0,128.0,166.0,129.0,64.0,86.0,103.0,172.0,184.0,190.0,49.0,14.0,74.0,59.0,86.0,120.0,120.0,111.0,143.0,100.0,36.0,59.0,78.0,138.0,147.0,152.0,15.0,51.0,75.0,96.0,54.0,93.0,13.0,50.0,59.0,149.0,167.0,187.0,106.0,144.0,162.0,108.0,134.0,64.0,154.0,83.0,57.0,45.0,47.0,138.0,156.0,175.0,95.0,132.0,150.0,98.0,129.0,62.0,153.0,71.0,44.0,48.0,163.0,176.0,194.0,69.0,111.0,131.0,129.0,169.0,107.0,197.0,93.0,53.0,117.0,129.0,147.0,53.0,86.0,103.0,86.0,135.0,86.0,170.0,48.0,9.0,23.0,43.0,142.0,141.0,141.0,43.0,79.0,110.0,123.0,70.0,110.0,20.0,147.0,138.0,135.0,65.0,100.0,132.0,144.0,85.0,124.0,160.0,147.0,141.0,85.0,116.0,152.0,159.0,104.0,142.0,41.0,62.0,124.0,180.0,139.0,219.0,86.0,61.0,20.0,135.0,195.0,167.0,237.0,103.0,92.0,142.0,201.0,180.0,245.0,113.0,108.0,60.0,67.0,104.0,39.0,78.0,71.0,46.0,94.0,126.0,91.0,70.0,78.0,135.0,161.0,41.0,190.0,156.0,101.0,78.0,157.0,144.0,131.0,98.0,42.0,19.0,61.0,20.0,81.0,114.0,147.0,150.0,83.0,100.0
43,Kleinpferd,490.0,043_140725_1.JPG,88.0,91.0,130.0,171.0,167.0,218.0,193.0,158.0,178.0,188.0,244.0,266.0,272.0,137.0,80.0,109.0,36.0,165.0,183.0,60.0,74.0,85.0,80.0,130.0,106.0,111.0,133.0,148.0,159.0,185.0,194.0,72.0,57.0,21.0,73.0,87.0,97.0,41.0,130.0,122.0,163.0,124.0,68.0,89.0,101.0,169.0,183.0,187.0,51.0,10.0,68.0,56.0,87.0,115.0,115.0,106.0,138.0,93.0,36.0,58.0,74.0,133.0,143.0,146.0,14.0,50.0,69.0,97.0,52.0,86.0,11.0,51.0,59.0,144.0,160.0,179.0,105.0,142.0,157.0,103.0,132.0,66.0,158.0,81.0,55.0,51.0,51.0,134.0,150.0,168.0,99.0,135.0,150.0,93.0,124.0,61.0,153.0,71.0,46.0,49.0,157.0,167.0,185.0,67.0,107.0,125.0,124.0,168.0,109.0,201.0,90.0,53.0,108.0,119.0,136.0,53.0,86.0,99.0,79.0,130.0,86.0,169.0,42.0,9.0,22.0,38.0,135.0,135.0,133.0,43.0,78.0,105.0,122.0,67.0,103.0,18.0,137.0,131.0,126.0,63.0,99.0,126.0,143.0,80.0,115.0,152.0,142.0,135.0,80.0,110.0,143.0,152.0,99.0,133.0,40.0,58.0,119.0,177.0,139.0,219.0,82.0,63.0,19.0,132.0,192.0,166.0,237.0,100.0,93.0,136.0,196.0,176.0,241.0,108.0,106.0,60.0,64.0,105.0,38.0,71.0,68.0,46.0,94.0,121.0,92.0,70.0,76.0,138.0,160.0,36.0,172.0,148.0,98.0,74.0,152.0,143.0,125.0,93.0,37.0,15.0,58.0,18.0,77.0,106.0,140.0,138.0,78.0,97.0
43,Kleinpferd,490.0,043_140725_2.JPG,84.0,94.0,127.0,161.0,160.0,202.0,180.0,155.0,177.0,192.0,214.0,224.0,227.0,130.0,85.0,103.0,36.0,159.0,173.0,60.0,71.0,80.0,77.0,119.0,98.0,106.0,128.0,147.0,134.0,150.0,157.0,70.0,57.0,19.0,70.0,83.0,91.0,36.0,122.0,115.0,148.0,112.0,62.0,84.0,100.0,136.0,137.0,137.0,42.0,9.0,65.0,60.0,79.0,106.0,106.0,99.0,124.0,84.0,35.0,57.0,77.0,102.0,101.0,101.0,8.0,44.0,65.0,95.0,47.0,78.0,9.0,44.0,53.0,132.0,147.0,167.0,91.0,121.0,135.0,100.0,123.0,63.0,150.0,76.0,50.0,43.0,45.0,123.0,138.0,158.0,84.0,113.0,127.0,92.0,118.0,59.0,146.0,67.0,41.0,43.0,140.0,150.0,168.0,65.0,99.0,116.0,117.0,152.0,100.0,186.0,81.0,47.0,97.0,106.0,125.0,40.0,68.0,83.0,76.0,118.0,79.0,159.0,38.0,7.0,23.0,42.0,101.0,89.0,83.0,37.0,71.0,99.0,121.0,60.0,93.0,21.0,102.0,83.0,73.0,58.0,93.0,120.0,143.0,72.0,104.0,116.0,92.0,79.0,78.0,109.0,140.0,157.0,92.0,123.0,34.0,51.0,95.0,143.0,116.0,189.0,57.0,46.0,18.0,96.0,145.0,133.0,195.0,67.0,72.0,97.0,146.0,141.0,196.0,74.0,86.0,50.0,62.0,100.0,40.0,71.0,64.0,51.0,86.0,111.0,87.0,67.0,72.0,132.0,152.0,34.0,188.0,148.0,100.0,77.0,136.0,128.0,104.0,82.0,42.0,19.0,43.0,13.0,77.0,108.0,137.0,152.0,72.0,86.0
44,Warmblut,515.0,044_140725_1.JPG,97.0,101.0,137.0,183.0,183.0,224.0,205.0,166.0,192.0,208.0,241.0,259.0,264.0,143.0,90.0,117.0,37.0,173.0,191.0,65.0,79.0,86.0,86.0,127.0,112.0,117.0,145.0,165.0,152.0,177.0,187.0,77.0,65.0,20.0,85.0,91.0,98.0,38.0,127.0,122.0,156.0,122.0,66.0,94.0,112.0,151.0,162.0,165.0,45.0,11.0,71.0,68.0,80.0,110.0,111.0,104.0,131.0,90.0,38.0,66.0,87.0,115.0,124.0,127.0,10.0,49.0,74.0,106.0,46.0,80.0,10.0,45.0,60.0,140.0,160.0,181.0,99.0,136.0,153.0,103.0,133.0,67.0,170.0,82.0,52.0,41.0,50.0,131.0,151.0,172.0,90.0,126.0,143.0,95.0,129.0,66.0,168.0,73.0,42.0,48.0,150.0,165.0,183.0,72.0,111.0,130.0,122.0,164.0,107.0,208.0,90.0,52.0,104.0,117.0,135.0,42.0,76.0,93.0,81.0,131.0,93.0,182.0,45.0,14.0,29.0,49.0,115.0,111.0,108.0,42.0,77.0,111.0,131.0,61.0,98.0,21.0,117.0,104.0,96.0,69.0,104.0,139.0,157.0,79.0,114.0,131.0,112.0,101.0,90.0,121.0,160.0,171.0,99.0,134.0,39.0,59.0,106.0,162.0,134.0,215.0,71.0,56.0,20.0,117.0,173.0,161.0,229.0,87.0,87.0,121.0,176.0,172.0,232.0,96.0,103.0,56.0,70.0,112.0,37.0,71.0,74.0,57.0,91.0,119.0,103.0,77.0,79.0,145.0,168.0,38.0,192.0,166.0,110.0,87.0,153.0,143.0,126.0,93.0,49.0,20.0,56.0,18.0,88.0,117.0,157.0,156.0,84.0,102.0
44,Warmblut,515.0,044_140725_2.JPG,93.0,95.0,129.0,177.0,185.0,221.0,197.0,163.0,189.0,203.0,238.0,255.0,260.0,138.0,88.0,107.0,32.0,170.0,186.0,60.0,73.0,85.0,93.0,128.0,109.0,118.0,145.0,166.0,154.0,178.0,187.0,78.0,66.0,15.0,88.0,93.0,99.0,35.0,122.0,122.0,153.0,117.0,70.0,97.0,115.0,151.0,162.0,166.0,44.0,10.0,63.0,71.0,81.0,106.0,106.0,102.0,129.0,87.0,46.0,72.0,93.0,117.0,127.0,131.0,9.0,44.0,68.0,106.0,48.0,78.0,17.0,47.0,57.0,140.0,160.0,181.0,101.0,136.0,152.0,103.0,131.0,71.0,172.0,80.0,54.0,35.0,41.0,132.0,149.0,171.0,84.0,120.0,136.0,97.0,132.0,78.0,177.0,69.0,40.0,47.0,151.0,164.0,184.0,71.0,109.0,128.0,123.0,163.0,113.0,212.0,88.0,53.0,104.0,117.0,137.0,47.0,80.0,95.0,80.0,127.0,95.0,183.0,42.0,11.0,27.0,47.0,116.0,111.0,108.0,42.0,76.0,114.0,136.0,64.0,98.0,22.0,117.0,104.0,97.0,68.0,101.0,139.0,160.0,80.0,112.0,133.0,114.0,103.0,89.0,118.0,161.0,174.0,101.0,133.0,38.0,57.0,108.0,160.0,140.0,220.0,69.0,56.0,19.0,118.0,171.0,165.0,233.0,86.0,86.0,122.0,174.0,175.0,237.0,95.0,100.0,53.0,71.0,115.0,40.0,71.0,70.0,63.0,91.0,117.0,101.0,81.0,84.0,151.0,172.0,34.0,190.0,166.0,114.0,93.0,153.0,136.0,124.0,95.0,47.0,20.0,54.0,17.0,88.0,115.0,159.0,158.0,83.0,99.0
44,Warmblut,515.0,044_140725_3.JPG,73.0,73.0,110.0,160.0,158.0,203.0,177.0,143.0,168.0,183.0,208.0,218.0,223.0,118.0,74.0,87.0,29.0,152.0,168.0,64.0,76.0,87.0,85.0,130.0,111.0,122.0,150.0,169.0,146.0,165.0,175.0,79.0,67.0,14.0,75.0,95.0,101.0,39.0,131.0,124.0,161.0,122.0,71.0,98.0,115.0,145.0,149.0,151.0,48.0,3.0,68.0,50.0,89.0,115.0,114.0,105.0,134.0,88.0,47.0,74.0,93.0,107.0,109.0,113.0,9.0,40.0,73.0,89.0,53.0,84.0,11.0,49.0,65.0,153.0,176.0,195.0,103.0,137.0,154.0,109.0,134.0,74.0,159.0,85.0,57.0,46.0,54.0,143.0,165.0,184.0,92.0,126.0,143.0,99.0,127.0,71.0,155.0,73.0,46.0,53.0,163.0,180.0,197.0,76.0,114.0,133.0,127.0,164.0,116.0,198.0,88.0,53.0,111.0,127.0,144.0,39.0,72.0,89.0,80.0,123.0,98.0,165.0,38.0,11.0,28.0,47.0,114.0,100.0,95.0,47.0,70.0,120.0,117.0,75.0,111.0,20.0,121.0,99.0,89.0,73.0,96.0,147.0,141.0,93.0,128.0,135.0,109.0,96.0,93.0,112.0,166.0,155.0,112.0,146.0,38.0,57.0,98.0,146.0,134.0,192.0,56.0,50.0,19.0,101.0,149.0,155.0,198.0,70.0,80.0,105.0,151.0,166.0,201.0,81.0,97.0,48.0,74.0,97.0,44.0,76.0,72.0,50.0,90.0,117.0,86.0,85.0,88.0,136.0,157.0,36.0,181.0,166.0,115.0,90.0,152.0,142.0,119.0,87.0,45.0,18.0,49.0,16.0,86.0,113.0,160.0,152.0,80.0,96.0
46,Warmblut,521.0,046_140725_1.JPG,101.0,108.0,141.0,173.0,186.0,213.0,198.0,173.0,199.0,216.0,233.0,251.0,259.0,145.0,95.0,118.0,41.0,176.0,188.0,66.0,78.0,71.0,85.0,112.0,102.0,126.0,155.0,177.0,141.0,168.0,181.0,81.0,67.0,17.0,86.0,91.0,93.0,34.0,110.0,116.0,135.0,107.0,69.0,97.0,118.0,133.0,145.0,153.0,39.0,14.0,67.0,71.0,76.0,97.0,98.0,99.0,111.0,79.0,48.0,76.0,100.0,100.0,111.0,119.0,4.0,48.0,72.0,105.0,44.0,70.0,17.0,45.0,56.0,140.0,164.0,187.0,96.0,131.0,149.0,97.0,119.0,55.0,155.0,73.0,53.0,29.0,43.0,138.0,160.0,182.0,81.0,118.0,136.0,97.0,126.0,68.0,167.0,68.0,43.0,36.0,143.0,161.0,181.0,62.0,101.0,119.0,109.0,146.0,95.0,191.0,72.0,43.0,107.0,124.0,145.0,41.0,76.0,93.0,76.0,120.0,85.0,171.0,37.0,10.0,29.0,52.0,110.0,103.0,103.0,47.0,79.0,120.0,133.0,71.0,100.0,23.0,118.0,101.0,96.0,75.0,106.0,148.0,158.0,92.0,119.0,135.0,113.0,104.0,98.0,126.0,171.0,176.0,114.0,141.0,38.0,57.0,96.0,147.0,125.0,202.0,58.0,48.0,19.0,106.0,159.0,153.0,216.0,77.0,80.0,114.0,166.0,167.0,223.0,90.0,97.0,52.0,74.0,110.0,41.0,67.0,72.0,58.0,89.0,110.0,100.0,77.0,77.0,144.0,160.0,29.0,215.0,174.0,120.0,96.0,151.0,137.0,115.0,95.0,50.0,21.0,54.0,17.0,93.0,129.0,164.0,174.0,87.0,98.0
46,Warmblut,521.0,046_140725_2.JPG,96.0,102.0,137.0,175.0,175.0,218.0,199.0,171.0,198.0,212.0,241.0,259.0,268.0,142.0,95.0,109.0,42.0,170.0,186.0,66.0,76.0,79.0,79.0,122.0,109.0,126.0,155.0,176.0,153.0,180.0,192.0,80.0,69.0,13.0,83.0,91.0,96.0,37.0,120.0,114.0,147.0,114.0,72.0,100.0,117.0,149.0,161.0,167.0,43.0,8.0,68.0,64.0,77.0,102.0,102.0,94.0,120.0,81.0,51.0,78.0,100.0,113.0,124.0,131.0,6.0,45.0,72.0,101.0,42.0,71.0,10.0,47.0,62.0,144.0,166.0,190.0,101.0,139.0,157.0,100.0,126.0,66.0,159.0,78.0,55.0,44.0,52.0,135.0,157.0,180.0,92.0,130.0,147.0,91.0,121.0,66.0,157.0,68.0,45.0,46.0,150.0,166.0,188.0,66.0,108.0,128.0,116.0,155.0,109.0,197.0,83.0,51.0,104.0,119.0,142.0,44.0,78.0,95.0,76.0,122.0,97.0,172.0,40.0,13.0,29.0,49.0,119.0,113.0,111.0,49.0,77.0,122.0,131.0,68.0,100.0,23.0,124.0,108.0,102.0,76.0,104.0,150.0,157.0,88.0,117.0,143.0,122.0,112.0,98.0,121.0,172.0,170.0,112.0,140.0,42.0,62.0,107.0,157.0,141.0,210.0,72.0,57.0,20.0,118.0,169.0,169.0,225.0,90.0,88.0,125.0,174.0,182.0,232.0,102.0,105.0,51.0,74.0,107.0,36.0,66.0,72.0,57.0,85.0,110.0,94.0,81.0,84.0,139.0,159.0,32.0,204.0,174.0,118.0,98.0,158.0,148.0,125.0,96.0,48.0,20.0,59.0,19.0,94.0,121.0,168.0,163.0,91.0,104.0
48,Kaltblut,510.0,048_140725_1.JPG,94.0,103.0,138.0,188.0,180.0,250.0,206.0,173.0,197.0,211.0,257.0,261.0,262.0,144.0,87.0,107.0,41.0,176.0,195.0,71.0,80.0,95.0,86.0,156.0,117.0,120.0,144.0,163.0,172.0,186.0,192.0,81.0,62.0,14.0,77.0,97.0,107.0,39.0,141.0,126.0,185.0,125.0,70.0,94.0,109.0,165.0,162.0,161.0,46.0,16.0,75.0,63.0,85.0,114.0,120.0,104.0,154.0,91.0,40.0,65.0,83.0,127.0,124.0,125.0,8.0,51.0,77.0,100.0,48.0,80.0,17.0,66.0,68.0,144.0,160.0,179.0,121.0,152.0,168.0,114.0,140.0,82.0,171.0,91.0,66.0,70.0,55.0,127.0,143.0,162.0,111.0,140.0,155.0,98.0,127.0,73.0,160.0,75.0,52.0,67.0,163.0,170.0,185.0,87.0,128.0,148.0,146.0,189.0,142.0,227.0,110.0,75.0,96.0,105.0,121.0,58.0,85.0,101.0,83.0,133.0,104.0,176.0,44.0,11.0,25.0,43.0,113.0,98.0,94.0,39.0,86.0,116.0,133.0,55.0,89.0,19.0,108.0,84.0,75.0,63.0,110.0,139.0,156.0,69.0,99.0,117.0,88.0,75.0,82.0,125.0,158.0,170.0,88.0,116.0,41.0,62.0,119.0,176.0,160.0,223.0,82.0,66.0,21.0,117.0,175.0,175.0,224.0,89.0,89.0,119.0,176.0,183.0,224.0,96.0,103.0,58.0,77.0,107.0,40.0,72.0,67.0,48.0,95.0,122.0,89.0,87.0,94.0,141.0,165.0,35.0,170.0,161.0,93.0,81.0,169.0,155.0,142.0,101.0,42.0,19.0,55.0,17.0,81.0,108.0,158.0,134.0,84.0,103.0
48,Kaltblut,510.0,048_140725_2.JPG,87.0,110.0,140.0,163.0,179.0,205.0,192.0,170.0,191.0,206.0,224.0,239.0,248.0,144.0,96.0,103.0,45.0,169.0,183.0,65.0,78.0,78.0,93.0,118.0,106.0,118.0,141.0,161.0,140.0,160.0,172.0,78.0,63.0,16.0,71.0,90.0,98.0,32.0,112.0,119.0,135.0,108.0,60.0,83.0,101.0,129.0,137.0,142.0,38.0,16.0,66.0,69.0,72.0,98.0,100.0,103.0,113.0,83.0,41.0,64.0,84.0,100.0,105.0,111.0,9.0,48.0,73.0,100.0,44.0,74.0,18.0,45.0,55.0,136.0,155.0,175.0,90.0,120.0,136.0,93.0,121.0,63.0,147.0,72.0,52.0,28.0,42.0,134.0,152.0,172.0,75.0,106.0,122.0,95.0,129.0,77.0,160.0,68.0,42.0,35.0,139.0,153.0,172.0,57.0,89.0,106.0,105.0,147.0,102.0,183.0,72.0,41.0,105.0,118.0,137.0,37.0,66.0,81.0,74.0,121.0,91.0,164.0,39.0,10.0,23.0,43.0,108.0,101.0,100.0,45.0,73.0,114.0,126.0,67.0,98.0,21.0,115.0,101.0,96.0,67.0,95.0,137.0,146.0,84.0,113.0,130.0,112.0,105.0,88.0,112.0,157.0,161.0,104.0,132.0,32.0,49.0,91.0,145.0,125.0,192.0,57.0,43.0,17.0,98.0,153.0,147.0,204.0,71.0,70.0,105.0,158.0,159.0,211.0,82.0,85.0,54.0,71.0,106.0,36.0,65.0,68.0,54.0,87.0,112.0,85.0,77.0,83.0,135.0,155.0,31.0,208.0,161.0,103.0,81.0,139.0,124.0,103.0,83.0,42.0,19.0,47.0,16.0,82.0,114.0,153.0,161.0,77.0,87.0
49,G-Pony,451.5,049_150725_1.JPG,93.0,93.0,128.0,183.0,184.0,228.0,200.0,156.0,176.0,186.0,224.0,227.0,230.0,135.0,79.0,113.0,39.0,173.0,193.0,68.0,75.0,91.0,91.0,136.0,111.0,111.0,133.0,148.0,140.0,153.0,161.0,76.0,62.0,20.0,78.0,93.0,104.0,38.0,140.0,136.0,171.0,128.0,63.0,83.0,96.0,143.0,138.0,139.0,47.0,14.0,75.0,56.0,92.0,122.0,120.0,114.0,143.0,96.0,37.0,58.0,74.0,106.0,101.0,102.0,10.0,50.0,71.0,92.0,56.0,89.0,10.0,50.0,62.0,146.0,162.0,178.0,99.0,130.0,145.0,113.0,142.0,73.0,168.0,86.0,60.0,46.0,53.0,138.0,153.0,169.0,89.0,120.0,135.0,107.0,138.0,72.0,166.0,77.0,50.0,52.0,158.0,169.0,183.0,76.0,112.0,129.0,134.0,176.0,116.0,208.0,93.0,56.0,107.0,116.0,131.0,37.0,68.0,84.0,86.0,136.0,91.0,173.0,41.0,7.0,22.0,37.0,104.0,87.0,82.0,37.0,77.0,106.0,118.0,66.0,102.0,17.0,107.0,82.0,74.0,58.0,98.0,127.0,137.0,78.0,113.0,118.0,90.0,79.0,74.0,110.0,143.0,148.0,93.0,128.0,36.0,53.0,96.0,153.0,122.0,194.0,52.0,42.0,17.0,92.0,151.0,138.0,193.0,60.0,70.0,95.0,152.0,147.0,195.0,70.0,85.0,59.0,69.0,101.0,46.0,80.0,73.0,42.0,101.0,129.0,95.0,78.0,85.0,142.0,166.0,36.0,171.0,148.0,93.0,74.0,143.0,133.0,111.0,80.0,37.0,15.0,44.0,14.0,72.0,106.0,140.0,135.0,68.0,83.0
51,Spezialrasse,411.0,051_150725_2.JPG,97.0,104.0,137.0,168.0,170.0,205.0,186.0,163.0,183.0,193.0,226.0,238.0,242.0,143.0,87.0,112.0,43.0,169.0,179.0,65.0,73.0,76.0,75.0,109.0,90.0,106.0,125.0,140.0,132.0,150.0,157.0,70.0,62.0,15.0,79.0,80.0,84.0,35.0,127.0,121.0,147.0,112.0,59.0,79.0,90.0,140.0,143.0,144.0,47.0,17.0,71.0,64.0,81.0,105.0,113.0,105.0,124.0,85.0,33.0,53.0,67.0,107.0,107.0,108.0,14.0,52.0,71.0,98.0,50.0,78.0,12.0,42.0,56.0,139.0,153.0,169.0,96.0,127.0,140.0,101.0,131.0,62.0,154.0,80.0,56.0,36.0,44.0,129.0,143.0,158.0,85.0,116.0,128.0,92.0,126.0,60.0,153.0,69.0,44.0,43.0,142.0,152.0,166.0,66.0,101.0,115.0,110.0,155.0,94.0,186.0,78.0,48.0,100.0,109.0,123.0,44.0,72.0,84.0,70.0,123.0,76.0,160.0,36.0,7.0,21.0,35.0,109.0,99.0,95.0,39.0,76.0,103.0,122.0,64.0,95.0,16.0,110.0,93.0,87.0,57.0,96.0,122.0,141.0,75.0,105.0,121.0,100.0,92.0,73.0,107.0,137.0,151.0,90.0,119.0,35.0,49.0,94.0,154.0,118.0,196.0,59.0,49.0,14.0,97.0,158.0,138.0,203.0,70.0,75.0,99.0,160.0,146.0,206.0,77.0,86.0,62.0,65.0,107.0,36.0,64.0,71.0,46.0,95.0,116.0,93.0,69.0,70.0,137.0,153.0,31.0,181.0,139.0,88.0,67.0,140.0,128.0,110.0,84.0,34.0,14.0,45.0,12.0,69.0,102.0,133.0,139.0,69.0,85.0
51,Spezialrasse,411.0,051_150725_1.JPG,92.0,90.0,120.0,168.0,167.0,219.0,191.0,146.0,162.0,174.0,228.0,237.0,240.0,127.0,78.0,101.0,41.0,157.0,175.0,65.0,70.0,79.0,76.0,127.0,105.0,105.0,123.0,139.0,142.0,159.0,165.0,69.0,61.0,9.0,70.0,83.0,89.0,33.0,132.0,125.0,166.0,120.0,56.0,74.0,87.0,152.0,154.0,154.0,41.0,12.0,67.0,49.0,78.0,106.0,118.0,108.0,142.0,91.0,35.0,53.0,69.0,120.0,121.0,121.0,9.0,44.0,68.0,81.0,46.0,78.0,12.0,56.0,74.0,146.0,160.0,175.0,105.0,135.0,148.0,111.0,132.0,71.0,149.0,93.0,67.0,53.0,63.0,135.0,149.0,164.0,95.0,123.0,137.0,101.0,126.0,68.0,146.0,81.0,54.0,61.0,161.0,170.0,183.0,71.0,104.0,122.0,133.0,170.0,118.0,194.0,102.0,67.0,103.0,111.0,123.0,38.0,61.0,74.0,82.0,127.0,96.0,159.0,46.0,16.0,19.0,34.0,123.0,114.0,109.0,37.0,68.0,102.0,105.0,59.0,94.0,16.0,125.0,112.0,104.0,54.0,86.0,120.0,121.0,69.0,104.0,134.0,117.0,107.0,70.0,99.0,136.0,133.0,83.0,117.0,33.0,51.0,111.0,160.0,133.0,193.0,74.0,54.0,18.0,113.0,164.0,150.0,200.0,80.0,74.0,113.0,164.0,157.0,201.0,84.0,85.0,51.0,66.0,88.0,37.0,69.0,64.0,37.0,86.0,112.0,78.0,75.0,79.0,121.0,143.0,36.0,159.0,139.0,85.0,69.0,149.0,137.0,118.0,74.0,34.0,16.0,48.0,15.0,69.0,96.0,135.0,123.0,65.0,83.0
52,Warmblut,570.0,052_150725_1.JPG,112.0,104.0,137.0,203.0,203.0,250.0,218.0,172.0,194.0,208.0,259.0,268.0,269.0,146.0,94.0,123.0,50.0,186.0,208.0,70.0,73.0,92.0,91.0,138.0,112.0,126.0,150.0,170.0,157.0,176.0,183.0,80.0,71.0,11.0,91.0,93.0,102.0,35.0,142.0,138.0,176.0,131.0,72.0,96.0,113.0,164.0,167.0,167.0,44.0,10.0,73.0,57.0,90.0,121.0,121.0,116.0,148.0,99.0,52.0,77.0,97.0,129.0,132.0,132.0,9.0,46.0,71.0,92.0,56.0,90.0,7.0,52.0,61.0,161.0,179.0,198.0,104.0,138.0,152.0,120.0,147.0,81.0,179.0,88.0,57.0,49.0,54.0,155.0,172.0,192.0,98.0,131.0,146.0,115.0,144.0,80.0,177.0,81.0,50.0,54.0,175.0,187.0,205.0,75.0,113.0,130.0,144.0,183.0,127.0,221.0,99.0,60.0,122.0,134.0,151.0,48.0,78.0,92.0,94.0,140.0,101.0,182.0,46.0,11.0,25.0,44.0,133.0,121.0,114.0,47.0,80.0,123.0,122.0,76.0,116.0,20.0,136.0,117.0,107.0,71.0,104.0,147.0,144.0,91.0,129.0,150.0,127.0,114.0,91.0,121.0,167.0,158.0,111.0,148.0,38.0,56.0,121.0,173.0,147.0,219.0,74.0,57.0,18.0,123.0,177.0,167.0,224.0,84.0,84.0,123.0,177.0,174.0,224.0,90.0,97.0,54.0,76.0,101.0,49.0,85.0,75.0,47.0,100.0,130.0,99.0,85.0,91.0,145.0,172.0,39.0,197.0,167.0,114.0,95.0,153.0,146.0,119.0,92.0,44.0,19.0,49.0,14.0,87.0,120.0,161.0,151.0,81.0,97.0
54,Spezialrasse,355.0,054_200825_1.jpeg,81.0,87.0,118.0,150.0,152.0,196.0,181.0,147.0,169.0,181.0,225.0,246.0,257.0,121.0,78.0,89.0,36.0,151.0,169.0,60.0,66.0,72.0,72.0,116.0,101.0,99.0,122.0,139.0,146.0,170.0,182.0,66.0,59.0,9.0,72.0,79.0,90.0,34.0,118.0,113.0,150.0,120.0,60.0,82.0,95.0,159.0,173.0,180.0,39.0,10.0,62.0,55.0,78.0,108.0,102.0,93.0,124.0,90.0,33.0,57.0,73.0,127.0,139.0,145.0,5.0,44.0,63.0,88.0,46.0,80.0,12.0,49.0,58.0,125.0,141.0,159.0,96.0,127.0,143.0,99.0,122.0,65.0,144.0,74.0,52.0,44.0,47.0,115.0,131.0,149.0,87.0,117.0,133.0,90.0,117.0,64.0,142.0,63.0,41.0,41.0,137.0,147.0,163.0,57.0,90.0,107.0,120.0,156.0,107.0,185.0,82.0,47.0,97.0,106.0,122.0,45.0,72.0,86.0,85.0,127.0,93.0,163.0,44.0,12.0,23.0,40.0,125.0,128.0,132.0,33.0,70.0,96.0,114.0,55.0,90.0,18.0,126.0,123.0,123.0,55.0,91.0,118.0,136.0,68.0,101.0,138.0,132.0,130.0,72.0,104.0,136.0,147.0,86.0,118.0,34.0,51.0,122.0,168.0,138.0,206.0,81.0,56.0,17.0,134.0,182.0,161.0,224.0,96.0,82.0,141.0,190.0,174.0,232.0,106.0,96.0,49.0,63.0,92.0,42.0,75.0,62.0,45.0,87.0,116.0,79.0,72.0,81.0,127.0,151.0,36.0,171.0,138.0,91.0,73.0,136.0,124.0,107.0,78.0,40.0,16.0,51.0,17.0,72.0,99.0,134.0,134.0,70.0,83.0
58,Kleinpferd,525.0,058_200825_1.jpeg,91.0,95.0,126.0,177.0,171.0,223.0,194.0,163.0,187.0,199.0,237.0,250.0,256.0,134.0,85.0,102.0,40.0,166.0,184.0,65.0,68.0,86.0,80.0,132.0,107.0,112.0,136.0,154.0,152.0,171.0,182.0,74.0,66.0,10.0,80.0,88.0,97.0,36.0,131.0,120.0,161.0,118.0,68.0,92.0,106.0,155.0,160.0,164.0,43.0,10.0,67.0,59.0,81.0,109.0,109.0,97.0,131.0,85.0,44.0,68.0,86.0,119.0,125.0,130.0,8.0,46.0,65.0,94.0,46.0,76.0,14.0,54.0,65.0,137.0,153.0,172.0,101.0,134.0,151.0,108.0,138.0,77.0,166.0,85.0,61.0,53.0,53.0,123.0,139.0,159.0,93.0,124.0,141.0,96.0,127.0,70.0,157.0,71.0,49.0,51.0,143.0,151.0,168.0,63.0,100.0,118.0,127.0,170.0,122.0,206.0,90.0,57.0,92.0,100.0,118.0,45.0,72.0,87.0,80.0,128.0,97.0,170.0,41.0,10.0,25.0,42.0,111.0,103.0,103.0,38.0,78.0,108.0,126.0,54.0,87.0,20.0,109.0,93.0,89.0,62.0,101.0,131.0,149.0,68.0,97.0,122.0,102.0,94.0,80.0,114.0,150.0,161.0,87.0,116.0,37.0,55.0,113.0,165.0,142.0,210.0,74.0,54.0,19.0,117.0,171.0,162.0,219.0,84.0,79.0,123.0,175.0,173.0,224.0,94.0,94.0,53.0,70.0,101.0,40.0,71.0,69.0,49.0,91.0,119.0,89.0,80.0,87.0,137.0,160.0,34.0,177.0,154.0,99.0,86.0,151.0,139.0,114.0,86.0,42.0,19.0,53.0,18.0,80.0,105.0,150.0,139.0,77.0,91.0
58,Kleinpferd,525.0,058_200825_2.jpeg,92.0,102.0,136.0,176.0,180.0,214.0,195.0,171.0,192.0,206.0,225.0,234.0,242.0,143.0,89.0,106.0,44.0,168.0,185.0,65.0,72.0,87.0,88.0,122.0,105.0,114.0,135.0,153.0,136.0,151.0,163.0,76.0,66.0,14.0,78.0,86.0,95.0,39.0,132.0,127.0,154.0,119.0,69.0,89.0,104.0,139.0,139.0,144.0,46.0,15.0,68.0,63.0,79.0,109.0,110.0,102.0,123.0,84.0,42.0,63.0,82.0,101.0,101.0,106.0,7.0,53.0,67.0,100.0,41.0,75.0,13.0,44.0,60.0,139.0,153.0,172.0,91.0,121.0,138.0,108.0,140.0,74.0,164.0,86.0,57.0,35.0,46.0,129.0,142.0,161.0,78.0,108.0,124.0,100.0,136.0,75.0,165.0,75.0,43.0,44.0,141.0,149.0,166.0,62.0,95.0,112.0,119.0,165.0,109.0,197.0,87.0,49.0,97.0,105.0,122.0,34.0,62.0,78.0,79.0,132.0,92.0,170.0,45.0,10.0,21.0,40.0,100.0,86.0,85.0,38.0,82.0,108.0,131.0,55.0,92.0,20.0,101.0,80.0,75.0,58.0,102.0,129.0,151.0,68.0,102.0,115.0,90.0,81.0,77.0,117.0,148.0,164.0,87.0,120.0,34.0,50.0,95.0,153.0,124.0,196.0,61.0,43.0,17.0,94.0,154.0,140.0,200.0,66.0,67.0,99.0,159.0,152.0,206.0,76.0,82.0,60.0,71.0,107.0,35.0,71.0,72.0,49.0,92.0,122.0,90.0,76.0,82.0,136.0,160.0,38.0,201.0,154.0,104.0,82.0,137.0,124.0,101.0,78.0,40.0,18.0,45.0,16.0,77.0,114.0,146.0,157.0,71.0,83.0
59,Spezialrasse,399.0,059_200825_1.jpeg,75.0,105.0,132.0,158.0,155.0,202.0,186.0,171.0,200.0,217.0,227.0,248.0,254.0,135.0,96.0,92.0,36.0,154.0,165.0,62.0,71.0,93.0,85.0,132.0,111.0,111.0,140.0,160.0,152.0,175.0,183.0,71.0,60.0,18.0,63.0,81.0,90.0,36.0,135.0,122.0,160.0,122.0,69.0,97.0,113.0,151.0,158.0,160.0,42.0,9.0,66.0,73.0,79.0,104.0,116.0,101.0,133.0,90.0,41.0,69.0,89.0,115.0,122.0,125.0,7.0,45.0,65.0,104.0,47.0,75.0,16.0,47.0,64.0,139.0,158.0,179.0,104.0,144.0,160.0,110.0,138.0,77.0,155.0,79.0,55.0,47.0,51.0,123.0,142.0,163.0,93.0,131.0,146.0,95.0,126.0,68.0,149.0,62.0,39.0,50.0,144.0,155.0,174.0,73.0,116.0,135.0,126.0,166.0,114.0,195.0,87.0,58.0,95.0,106.0,124.0,44.0,80.0,96.0,83.0,129.0,94.0,171.0,43.0,21.0,29.0,48.0,104.0,97.0,95.0,41.0,78.0,104.0,141.0,61.0,88.0,21.0,103.0,84.0,76.0,69.0,106.0,132.0,169.0,81.0,104.0,117.0,91.0,79.0,89.0,122.0,152.0,185.0,102.0,125.0,43.0,62.0,109.0,159.0,135.0,208.0,75.0,64.0,20.0,118.0,167.0,160.0,224.0,94.0,95.0,121.0,170.0,169.0,229.0,104.0,110.0,51.0,63.0,108.0,40.0,68.0,66.0,64.0,87.0,110.0,81.0,65.0,73.0,134.0,150.0,28.0,205.0,159.0,105.0,88.0,160.0,146.0,129.0,96.0,48.0,20.0,58.0,17.0,89.0,112.0,152.0,170.0,95.0,108.0
59,Spezialrasse,399.0,059_200825_2.jpeg,77.0,99.0,129.0,160.0,157.0,206.0,189.0,169.0,196.0,213.0,233.0,255.0,259.0,134.0,93.0,96.0,35.0,151.0,169.0,60.0,70.0,91.0,84.0,133.0,113.0,112.0,139.0,159.0,156.0,181.0,187.0,71.0,58.0,20.0,64.0,78.0,92.0,37.0,134.0,122.0,164.0,125.0,71.0,98.0,114.0,159.0,169.0,170.0,44.0,7.0,65.0,67.0,75.0,108.0,115.0,101.0,137.0,92.0,42.0,70.0,89.0,123.0,132.0,133.0,7.0,44.0,64.0,100.0,41.0,78.0,15.0,48.0,65.0,142.0,161.0,182.0,106.0,145.0,160.0,110.0,135.0,74.0,155.0,84.0,54.0,49.0,54.0,127.0,146.0,168.0,97.0,134.0,148.0,96.0,124.0,66.0,148.0,69.0,40.0,53.0,152.0,163.0,183.0,76.0,118.0,136.0,130.0,167.0,114.0,196.0,97.0,59.0,100.0,110.0,130.0,45.0,81.0,95.0,86.0,130.0,94.0,172.0,52.0,21.0,28.0,47.0,115.0,110.0,106.0,41.0,78.0,104.0,137.0,59.0,94.0,22.0,114.0,99.0,90.0,68.0,105.0,130.0,165.0,78.0,109.0,129.0,108.0,96.0,89.0,120.0,151.0,180.0,100.0,130.0,43.0,61.0,116.0,165.0,138.0,213.0,86.0,65.0,19.0,126.0,176.0,164.0,230.0,104.0,98.0,128.0,176.0,171.0,233.0,110.0,110.0,50.0,63.0,105.0,34.0,72.0,65.0,60.0,80.0,113.0,82.0,62.0,73.0,128.0,152.0,38.0,202.0,159.0,108.0,89.0,160.0,147.0,132.0,94.0,47.0,20.0,57.0,15.0,89.0,114.0,150.0,167.0,93.0,107.0
60,Kaltblut,575.0,060_200825_1.jpeg,88.0,84.0,121.0,170.0,166.0,220.0,192.0,153.0,177.0,188.0,246.0,269.0,277.0,129.0,76.0,99.0,37.0,159.0,180.0,65.0,73.0,83.0,79.0,132.0,106.0,113.0,139.0,155.0,163.0,191.0,203.0,72.0,64.0,11.0,77.0,86.0,95.0,40.0,137.0,129.0,173.0,131.0,69.0,94.0,106.0,178.0,193.0,199.0,50.0,8.0,69.0,49.0,87.0,120.0,121.0,111.0,146.0,99.0,40.0,66.0,82.0,141.0,153.0,159.0,12.0,47.0,71.0,89.0,50.0,88.0,12.0,56.0,65.0,152.0,172.0,190.0,114.0,155.0,172.0,112.0,139.0,74.0,160.0,91.0,62.0,55.0,54.0,140.0,161.0,178.0,106.0,146.0,163.0,101.0,131.0,69.0,154.0,80.0,51.0,52.0,166.0,179.0,196.0,72.0,117.0,136.0,134.0,177.0,121.0,205.0,101.0,60.0,114.0,128.0,144.0,57.0,93.0,109.0,87.0,136.0,96.0,170.0,51.0,12.0,26.0,42.0,142.0,142.0,143.0,43.0,77.0,110.0,117.0,65.0,106.0,18.0,146.0,138.0,134.0,68.0,102.0,136.0,140.0,82.0,121.0,159.0,147.0,142.0,85.0,114.0,152.0,150.0,99.0,138.0,45.0,64.0,129.0,185.0,152.0,222.0,92.0,67.0,20.0,143.0,200.0,181.0,240.0,110.0,101.0,149.0,206.0,193.0,247.0,119.0,115.0,57.0,68.0,98.0,38.0,76.0,69.0,41.0,93.0,124.0,86.0,77.0,85.0,132.0,159.0,41.0,172.0,155.0,103.0,82.0,166.0,155.0,137.0,102.0,42.0,16.0,64.0,20.0,83.0,109.0,151.0,137.0,82.0,104.0
61,Warmblut,593.0,061_200825_1.jpeg,99.0,102.0,140.0,178.0,176.0,225.0,205.0,176.0,202.0,217.0,250.0,273.0,283.0,146.0,95.0,112.0,34.0,179.0,195.0,63.0,75.0,80.0,78.0,127.0,109.0,119.0,145.0,166.0,155.0,183.0,197.0,78.0,65.0,14.0,88.0,93.0,99.0,40.0,124.0,116.0,158.0,124.0,75.0,101.0,118.0,161.0,177.0,185.0,46.0,9.0,65.0,73.0,87.0,114.0,108.0,97.0,131.0,92.0,43.0,70.0,91.0,124.0,137.0,145.0,6.0,49.0,70.0,113.0,49.0,82.0,13.0,50.0,58.0,140.0,159.0,181.0,101.0,140.0,159.0,106.0,131.0,68.0,168.0,82.0,55.0,49.0,47.0,128.0,146.0,169.0,93.0,130.0,148.0,95.0,123.0,65.0,165.0,69.0,43.0,44.0,150.0,162.0,182.0,65.0,106.0,126.0,127.0,166.0,113.0,212.0,88.0,51.0,107.0,118.0,139.0,48.0,83.0,101.0,87.0,133.0,95.0,187.0,45.0,10.0,27.0,47.0,123.0,123.0,124.0,41.0,82.0,113.0,145.0,63.0,100.0,23.0,124.0,114.0,112.0,66.0,107.0,138.0,170.0,78.0,112.0,140.0,126.0,119.0,88.0,124.0,160.0,184.0,100.0,134.0,41.0,61.0,118.0,170.0,141.0,229.0,75.0,56.0,21.0,131.0,186.0,170.0,248.0,94.0,89.0,139.0,194.0,185.0,257.0,105.0,106.0,55.0,72.0,119.0,44.0,77.0,70.0,64.0,96.0,123.0,100.0,81.0,86.0,156.0,177.0,37.0,202.0,166.0,116.0,91.0,157.0,145.0,126.0,99.0,47.0,21.0,61.0,20.0,87.0,119.0,159.0,168.0,84.0,101.0
61,Warmblut,593.0,061_200825_2.jpeg,90.0,97.0,130.0,176.0,174.0,229.0,204.0,165.0,192.0,206.0,261.0,287.0,294.0,141.0,85.0,107.0,37.0,172.0,191.0,64.0,75.0,90.0,86.0,140.0,114.0,121.0,149.0,168.0,172.0,202.0,212.0,78.0,59.0,17.0,74.0,92.0,102.0,36.0,140.0,131.0,179.0,136.0,70.0,98.0,114.0,185.0,202.0,206.0,49.0,11.0,71.0,61.0,90.0,123.0,127.0,116.0,157.0,109.0,46.0,74.0,94.0,153.0,167.0,170.0,14.0,47.0,72.0,96.0,57.0,96.0,13.0,56.0,64.0,165.0,187.0,208.0,116.0,158.0,175.0,119.0,140.0,75.0,164.0,94.0,61.0,55.0,53.0,153.0,174.0,195.0,107.0,148.0,165.0,108.0,132.0,70.0,159.0,81.0,49.0,54.0,185.0,201.0,221.0,76.0,121.0,142.0,146.0,182.0,124.0,214.0,107.0,63.0,132.0,147.0,167.0,59.0,96.0,112.0,96.0,142.0,97.0,181.0,55.0,13.0,28.0,47.0,162.0,163.0,160.0,48.0,81.0,118.0,129.0,78.0,122.0,21.0,167.0,161.0,153.0,73.0,109.0,145.0,156.0,95.0,138.0,184.0,173.0,164.0,94.0,125.0,165.0,169.0,116.0,158.0,45.0,66.0,139.0,193.0,156.0,236.0,96.0,71.0,22.0,153.0,211.0,187.0,258.0,115.0,105.0,157.0,215.0,197.0,264.0,122.0,119.0,59.0,72.0,108.0,44.0,84.0,68.0,50.0,98.0,129.0,90.0,79.0,85.0,144.0,168.0,44.0,200.0,166.0,114.0,92.0,171.0,158.0,142.0,107.0,46.0,18.0,66.0,21.0,88.0,125.0,159.0,164.0,86.0,109.0
65,Warmblut,575.0,065_200825_1.jpeg,105.0,91.0,129.0,195.0,190.0,242.0,204.0,161.0,186.0,198.0,246.0,257.0,264.0,138.0,81.0,122.0,35.0,175.0,197.0,65.0,73.0,90.0,86.0,139.0,108.0,120.0,148.0,167.0,160.0,184.0,198.0,77.0,65.0,17.0,93.0,93.0,101.0,39.0,135.0,126.0,169.0,123.0,74.0,101.0,117.0,158.0,166.0,173.0,48.0,10.0,73.0,60.0,89.0,117.0,115.0,103.0,138.0,90.0,46.0,75.0,94.0,120.0,129.0,137.0,9.0,48.0,72.0,98.0,52.0,84.0,13.0,56.0,60.0,147.0,167.0,188.0,113.0,153.0,174.0,110.0,141.0,74.0,181.0,85.0,57.0,55.0,48.0,134.0,154.0,175.0,103.0,142.0,162.0,98.0,132.0,69.0,174.0,71.0,45.0,51.0,155.0,167.0,186.0,78.0,122.0,145.0,131.0,176.0,122.0,222.0,91.0,55.0,104.0,118.0,138.0,57.0,94.0,115.0,81.0,132.0,93.0,180.0,40.0,7.0,28.0,47.0,111.0,103.0,104.0,44.0,83.0,117.0,128.0,65.0,101.0,21.0,111.0,92.0,87.0,71.0,110.0,144.0,152.0,83.0,116.0,126.0,100.0,90.0,91.0,125.0,164.0,163.0,103.0,136.0,44.0,68.0,111.0,168.0,146.0,218.0,71.0,62.0,23.0,120.0,176.0,173.0,226.0,91.0,98.0,129.0,183.0,188.0,231.0,106.0,118.0,58.0,73.0,108.0,43.0,76.0,75.0,50.0,98.0,125.0,108.0,82.0,86.0,148.0,173.0,36.0,157.0,167.0,108.0,94.0,174.0,162.0,143.0,114.0,47.0,20.0,66.0,22.0,92.0,113.0,165.0,128.0,95.0,117.0
65,Warmblut,575.0,065_200825_2.jpeg,99.0,98.0,133.0,180.0,180.0,229.0,197.0,170.0,195.0,209.0,242.0,255.0,265.0,138.0,90.0,112.0,39.0,173.0,190.0,64.0,73.0,82.0,81.0,130.0,102.0,119.0,146.0,167.0,154.0,177.0,193.0,74.0,64.0,13.0,86.0,88.0,95.0,36.0,126.0,119.0,158.0,117.0,73.0,99.0,116.0,151.0,158.0,167.0,41.0,9.0,68.0,64.0,83.0,110.0,109.0,100.0,131.0,86.0,46.0,73.0,94.0,115.0,122.0,132.0,5.0,45.0,71.0,100.0,49.0,80.0,12.0,55.0,56.0,142.0,163.0,184.0,111.0,149.0,170.0,106.0,131.0,69.0,166.0,79.0,53.0,50.0,44.0,131.0,151.0,173.0,99.0,137.0,158.0,97.0,125.0,68.0,164.0,68.0,41.0,46.0,148.0,162.0,182.0,76.0,119.0,141.0,127.0,165.0,117.0,210.0,86.0,51.0,102.0,118.0,138.0,57.0,93.0,114.0,82.0,124.0,90.0,173.0,39.0,7.0,27.0,48.0,106.0,97.0,100.0,45.0,80.0,116.0,133.0,64.0,99.0,22.0,108.0,87.0,85.0,72.0,106.0,143.0,157.0,83.0,116.0,124.0,96.0,89.0,93.0,123.0,164.0,170.0,105.0,137.0,43.0,66.0,110.0,159.0,143.0,213.0,70.0,62.0,22.0,117.0,166.0,168.0,221.0,89.0,96.0,128.0,176.0,184.0,230.0,105.0,117.0,50.0,71.0,105.0,44.0,76.0,70.0,55.0,91.0,117.0,97.0,79.0,83.0,143.0,166.0,35.0,180.0,167.0,110.0,94.0,169.0,157.0,138.0,114.0,48.0,21.0,63.0,22.0,93.0,114.0,164.0,144.0,96.0,116.0
66,Kleinpferd,435.0,066_200825_2.jpeg,106.0,118.0,151.0,191.0,195.0,235.0,213.0,184.0,205.0,216.0,263.0,276.0,280.0,155.0,110.0,119.0,48.0,187.0,204.0,72.0,78.0,87.0,90.0,129.0,110.0,120.0,142.0,158.0,161.0,179.0,185.0,78.0,70.0,14.0,88.0,91.0,100.0,38.0,136.0,131.0,162.0,124.0,65.0,87.0,100.0,165.0,167.0,168.0,42.0,9.0,73.0,75.0,86.0,115.0,116.0,108.0,134.0,90.0,42.0,64.0,80.0,128.0,130.0,131.0,5.0,46.0,73.0,111.0,51.0,83.0,15.0,48.0,62.0,148.0,164.0,182.0,105.0,138.0,149.0,112.0,140.0,75.0,175.0,83.0,57.0,40.0,47.0,137.0,152.0,170.0,91.0,123.0,134.0,103.0,135.0,77.0,176.0,70.0,42.0,48.0,155.0,165.0,182.0,68.0,106.0,119.0,129.0,168.0,116.0,214.0,87.0,51.0,107.0,117.0,134.0,52.0,78.0,88.0,85.0,130.0,96.0,185.0,40.0,10.0,22.0,38.0,130.0,119.0,116.0,43.0,74.0,115.0,139.0,69.0,103.0,18.0,131.0,114.0,108.0,64.0,95.0,136.0,159.0,82.0,115.0,144.0,123.0,116.0,81.0,107.0,153.0,169.0,100.0,132.0,39.0,52.0,123.0,172.0,147.0,232.0,79.0,61.0,14.0,125.0,176.0,167.0,240.0,89.0,86.0,127.0,177.0,173.0,242.0,94.0,96.0,51.0,72.0,115.0,46.0,78.0,73.0,66.0,94.0,122.0,100.0,80.0,86.0,153.0,175.0,35.0,202.0,158.0,98.0,80.0,150.0,135.0,117.0,88.0,38.0,16.0,48.0,12.0,80.0,104.0,151.0,154.0,78.0,94.0
69,Kleinpferd,450.0,069_200825_1.jpeg,84.0,86.0,118.0,164.0,164.0,208.0,183.0,145.0,162.0,176.0,224.0,238.0,243.0,123.0,77.0,91.0,38.0,155.0,173.0,63.0,69.0,82.0,81.0,124.0,101.0,102.0,120.0,139.0,144.0,163.0,172.0,69.0,64.0,7.0,81.0,81.0,91.0,35.0,131.0,124.0,160.0,121.0,59.0,76.0,91.0,154.0,161.0,162.0,41.0,10.0,65.0,57.0,83.0,111.0,114.0,104.0,134.0,91.0,33.0,52.0,71.0,120.0,125.0,127.0,6.0,46.0,67.0,92.0,51.0,82.0,14.0,49.0,60.0,138.0,151.0,171.0,99.0,130.0,146.0,110.0,137.0,76.0,163.0,81.0,57.0,44.0,46.0,126.0,139.0,159.0,86.0,117.0,132.0,99.0,131.0,74.0,160.0,67.0,43.0,48.0,149.0,158.0,175.0,66.0,100.0,119.0,129.0,168.0,117.0,201.0,87.0,54.0,102.0,110.0,127.0,44.0,72.0,87.0,85.0,130.0,94.0,169.0,41.0,10.0,19.0,38.0,119.0,115.0,112.0,33.0,68.0,100.0,114.0,62.0,95.0,20.0,121.0,111.0,105.0,51.0,85.0,118.0,130.0,72.0,104.0,134.0,120.0,111.0,71.0,99.0,137.0,141.0,92.0,123.0,35.0,53.0,113.0,164.0,137.0,206.0,71.0,53.0,19.0,119.0,171.0,157.0,216.0,83.0,78.0,121.0,173.0,166.0,218.0,91.0,92.0,52.0,67.0,97.0,45.0,76.0,68.0,46.0,93.0,121.0,87.0,75.0,84.0,136.0,159.0,33.0,160.0,139.0,87.0,70.0,145.0,131.0,117.0,85.0,37.0,19.0,52.0,17.0,70.0,92.0,136.0,123.0,72.0,88.0
70,Kleinpferd,509.0,070_200825_1.jpeg,95.0,97.0,132.0,181.0,182.0,226.0,198.0,165.0,188.0,198.0,237.0,249.0,254.0,139.0,89.0,111.0,36.0,169.0,187.0,66.0,72.0,88.0,87.0,132.0,107.0,115.0,140.0,154.0,150.0,170.0,179.0,75.0,64.0,17.0,84.0,89.0,96.0,38.0,134.0,128.0,164.0,121.0,67.0,92.0,103.0,151.0,156.0,159.0,46.0,9.0,70.0,65.0,82.0,112.0,113.0,104.0,133.0,87.0,42.0,68.0,82.0,114.0,118.0,122.0,7.0,46.0,67.0,103.0,45.0,79.0,13.0,51.0,62.0,144.0,162.0,177.0,104.0,138.0,154.0,109.0,137.0,73.0,171.0,87.0,58.0,45.0,49.0,134.0,151.0,165.0,92.0,125.0,141.0,100.0,131.0,72.0,169.0,75.0,45.0,51.0,152.0,163.0,177.0,72.0,110.0,127.0,127.0,168.0,115.0,212.0,93.0,56.0,102.0,113.0,126.0,46.0,77.0,92.0,80.0,127.0,91.0,177.0,44.0,10.0,26.0,39.0,112.0,102.0,99.0,41.0,76.0,109.0,131.0,60.0,97.0,15.0,112.0,94.0,87.0,65.0,100.0,133.0,154.0,76.0,110.0,122.0,100.0,91.0,80.0,111.0,148.0,163.0,90.0,124.0,38.0,56.0,106.0,159.0,134.0,213.0,70.0,55.0,18.0,111.0,164.0,155.0,220.0,82.0,84.0,115.0,167.0,165.0,224.0,90.0,98.0,53.0,68.0,110.0,38.0,72.0,69.0,57.0,89.0,117.0,98.0,75.0,80.0,143.0,167.0,37.0,176.0,154.0,97.0,82.0,154.0,141.0,122.0,92.0,39.0,14.0,52.0,16.0,79.0,104.0,147.0,141.0,78.0,97.0
71,Warmblut,560.0,071_200825_1.jpeg,81.0,95.0,125.0,167.0,170.0,213.0,185.0,163.0,192.0,208.0,219.0,228.0,235.0,130.0,85.0,98.0,35.0,159.0,177.0,62.0,70.0,88.0,89.0,133.0,108.0,117.0,146.0,167.0,145.0,163.0,174.0,73.0,57.0,17.0,71.0,90.0,99.0,35.0,127.0,119.0,158.0,113.0,69.0,98.0,116.0,136.0,136.0,141.0,41.0,9.0,65.0,63.0,75.0,106.0,107.0,96.0,131.0,80.0,46.0,75.0,96.0,101.0,103.0,110.0,6.0,43.0,64.0,96.0,41.0,75.0,17.0,49.0,62.0,140.0,160.0,183.0,103.0,139.0,159.0,104.0,127.0,73.0,158.0,86.0,58.0,44.0,46.0,126.0,145.0,167.0,87.0,123.0,143.0,93.0,121.0,72.0,157.0,72.0,41.0,56.0,151.0,163.0,183.0,81.0,123.0,145.0,126.0,161.0,116.0,200.0,97.0,59.0,94.0,107.0,128.0,42.0,77.0,97.0,75.0,118.0,91.0,165.0,42.0,8.0,30.0,50.0,94.0,77.0,76.0,44.0,78.0,109.0,131.0,55.0,92.0,23.0,94.0,65.0,56.0,73.0,107.0,137.0,159.0,74.0,107.0,111.0,76.0,61.0,94.0,125.0,159.0,174.0,97.0,128.0,42.0,64.0,95.0,143.0,129.0,194.0,61.0,50.0,22.0,98.0,145.0,149.0,199.0,73.0,82.0,105.0,150.0,162.0,204.0,86.0,101.0,48.0,65.0,102.0,35.0,70.0,62.0,54.0,82.0,111.0,86.0,76.0,82.0,133.0,157.0,38.0,199.0,167.0,114.0,96.0,156.0,139.0,125.0,94.0,50.0,21.0,52.0,18.0,94.0,122.0,158.0,163.0,85.0,99.0
71,Warmblut,560.0,071_200825_2.jpeg,89.0,94.0,128.0,175.0,181.0,220.0,192.0,162.0,190.0,206.0,222.0,228.0,235.0,133.0,85.0,106.0,33.0,163.0,183.0,61.0,71.0,87.0,92.0,132.0,109.0,116.0,145.0,166.0,145.0,161.0,174.0,74.0,57.0,18.0,74.0,91.0,99.0,36.0,125.0,121.0,156.0,113.0,69.0,98.0,116.0,135.0,135.0,141.0,42.0,9.0,64.0,63.0,76.0,105.0,105.0,97.0,128.0,80.0,44.0,74.0,95.0,99.0,101.0,108.0,6.0,43.0,64.0,98.0,41.0,74.0,17.0,50.0,63.0,137.0,158.0,180.0,102.0,137.0,157.0,102.0,126.0,71.0,161.0,85.0,56.0,40.0,46.0,125.0,144.0,166.0,85.0,120.0,140.0,93.0,124.0,75.0,163.0,72.0,40.0,54.0,147.0,159.0,179.0,79.0,119.0,141.0,123.0,160.0,115.0,202.0,94.0,56.0,93.0,105.0,125.0,40.0,74.0,94.0,74.0,119.0,92.0,168.0,42.0,10.0,30.0,51.0,92.0,76.0,75.0,43.0,77.0,108.0,129.0,54.0,91.0,22.0,93.0,65.0,56.0,71.0,106.0,137.0,157.0,73.0,107.0,108.0,74.0,59.0,93.0,125.0,159.0,173.0,95.0,127.0,40.0,62.0,93.0,142.0,128.0,195.0,60.0,50.0,22.0,95.0,144.0,147.0,198.0,71.0,81.0,103.0,149.0,161.0,203.0,84.0,101.0,50.0,66.0,103.0,34.0,68.0,62.0,54.0,83.0,111.0,89.0,77.0,82.0,135.0,159.0,38.0,193.0,167.0,114.0,95.0,154.0,136.0,121.0,91.0,51.0,21.0,51.0,18.0,93.0,122.0,158.0,161.0,84.0,99.0
72,Spezialrasse,528.0,072_200825_1.jpeg,101.0,103.0,137.0,186.0,190.0,240.0,213.0,175.0,200.0,212.0,254.0,268.0,272.0,144.0,97.0,119.0,42.0,177.0,198.0,65.0,73.0,87.0,89.0,139.0,116.0,120.0,146.0,163.0,159.0,180.0,190.0,76.0,66.0,18.0,83.0,93.0,101.0,37.0,132.0,130.0,172.0,127.0,73.0,99.0,113.0,162.0,169.0,171.0,45.0,7.0,70.0,63.0,81.0,115.0,114.0,109.0,145.0,94.0,47.0,74.0,90.0,126.0,132.0,135.0,8.0,43.0,69.0,99.0,45.0,83.0,11.0,57.0,70.0,148.0,167.0,184.0,108.0,143.0,161.0,110.0,137.0,70.0,169.0,93.0,60.0,51.0,59.0,141.0,158.0,175.0,97.0,133.0,150.0,105.0,135.0,72.0,170.0,85.0,50.0,60.0,165.0,175.0,190.0,75.0,116.0,136.0,138.0,178.0,121.0,218.0,108.0,63.0,106.0,115.0,131.0,43.0,74.0,91.0,87.0,134.0,98.0,183.0,52.0,15.0,26.0,43.0,123.0,114.0,110.0,45.0,78.0,115.0,133.0,58.0,101.0,18.0,124.0,106.0,97.0,71.0,104.0,140.0,158.0,74.0,114.0,135.0,112.0,100.0,88.0,117.0,157.0,170.0,91.0,130.0,41.0,61.0,118.0,169.0,142.0,221.0,81.0,58.0,21.0,124.0,176.0,165.0,231.0,91.0,87.0,128.0,178.0,175.0,234.0,98.0,102.0,51.0,70.0,107.0,37.0,77.0,73.0,57.0,87.0,121.0,99.0,80.0,83.0,141.0,169.0,44.0,190.0,163.0,108.0,90.0,160.0,150.0,131.0,91.0,43.0,17.0,57.0,18.0,87.0,111.0,156.0,151.0,80.0,101.0
73,Kleinpferd,450.0,073_200825_1.jpeg,88.0,104.0,130.0,159.0,176.0,195.0,183.0,160.0,178.0,192.0,209.0,218.0,224.0,132.0,88.0,100.0,44.0,161.0,175.0,67.0,72.0,72.0,88.0,106.0,96.0,113.0,133.0,152.0,125.0,139.0,148.0,71.0,63.0,12.0,78.0,82.0,89.0,30.0,117.0,124.0,138.0,110.0,56.0,75.0,91.0,126.0,124.0,127.0,34.0,17.0,68.0,65.0,73.0,101.0,101.0,104.0,115.0,84.0,41.0,61.0,80.0,97.0,94.0,97.0,4.0,46.0,68.0,94.0,45.0,75.0,19.0,38.0,51.0,136.0,152.0,172.0,80.0,108.0,121.0,97.0,122.0,61.0,149.0,73.0,50.0,19.0,38.0,135.0,149.0,169.0,65.0,94.0,107.0,100.0,131.0,76.0,162.0,69.0,40.0,37.0,142.0,155.0,173.0,56.0,87.0,101.0,111.0,146.0,95.0,180.0,75.0,43.0,107.0,118.0,136.0,31.0,57.0,70.0,80.0,121.0,84.0,161.0,41.0,9.0,20.0,39.0,109.0,93.0,90.0,43.0,72.0,109.0,119.0,67.0,99.0,20.0,115.0,95.0,89.0,62.0,91.0,128.0,136.0,81.0,112.0,131.0,108.0,100.0,82.0,106.0,148.0,149.0,100.0,130.0,32.0,46.0,93.0,140.0,113.0,183.0,53.0,36.0,14.0,91.0,140.0,128.0,187.0,58.0,58.0,94.0,143.0,137.0,191.0,65.0,71.0,49.0,66.0,97.0,41.0,71.0,67.0,48.0,87.0,112.0,87.0,72.0,77.0,132.0,152.0,33.0,199.0,147.0,95.0,75.0,123.0,106.0,92.0,71.0,37.0,16.0,39.0,12.0,75.0,111.0,138.0,154.0,64.0,73.0
79,Warmblut,567.0,079_200825_1.JPG,95.0,91.0,130.0,178.0,174.0,229.0,201.0,166.0,193.0,204.0,234.0,243.0,248.0,133.0,82.0,105.0,36.0,168.0,188.0,68.0,79.0,84.0,79.0,133.0,112.0,124.0,152.0,168.0,150.0,169.0,179.0,78.0,67.0,10.0,86.0,90.0,98.0,39.0,136.0,127.0,172.0,127.0,76.0,103.0,116.0,152.0,155.0,157.0,44.0,10.0,71.0,59.0,86.0,117.0,122.0,111.0,147.0,95.0,45.0,73.0,89.0,115.0,115.0,118.0,6.0,49.0,77.0,98.0,51.0,87.0,12.0,55.0,71.0,155.0,176.0,194.0,112.0,146.0,164.0,117.0,139.0,75.0,169.0,89.0,61.0,55.0,61.0,144.0,165.0,182.0,103.0,136.0,153.0,106.0,131.0,70.0,163.0,77.0,51.0,60.0,168.0,182.0,198.0,85.0,125.0,145.0,141.0,178.0,124.0,215.0,100.0,61.0,109.0,122.0,138.0,42.0,75.0,93.0,89.0,135.0,102.0,179.0,44.0,14.0,28.0,44.0,112.0,97.0,92.0,46.0,85.0,121.0,131.0,69.0,107.0,17.0,115.0,90.0,80.0,74.0,112.0,149.0,157.0,87.0,123.0,128.0,99.0,86.0,90.0,125.0,165.0,168.0,105.0,139.0,40.0,60.0,109.0,161.0,141.0,209.0,67.0,55.0,20.0,111.0,164.0,162.0,213.0,80.0,86.0,115.0,167.0,172.0,216.0,90.0,103.0,54.0,75.0,102.0,45.0,81.0,71.0,49.0,95.0,124.0,94.0,82.0,89.0,142.0,167.0,39.0,192.0,167.0,114.0,89.0,163.0,153.0,130.0,92.0,44.0,15.0,52.0,16.0,89.0,122.0,163.0,156.0,86.0,102.0
80,Warmblut,550.0,080_200825_1.JPG,105.0,106.0,143.0,208.0,205.0,270.0,226.0,178.0,200.0,212.0,266.0,274.0,277.0,148.0,97.0,123.0,45.0,191.0,215.0,69.0,83.0,104.0,100.0,164.0,126.0,128.0,151.0,171.0,172.0,191.0,201.0,84.0,67.0,18.0,90.0,103.0,115.0,38.0,149.0,138.0,195.0,137.0,75.0,98.0,113.0,168.0,169.0,172.0,43.0,8.0,74.0,65.0,92.0,127.0,133.0,119.0,170.0,106.0,45.0,69.0,88.0,131.0,131.0,134.0,5.0,46.0,79.0,103.0,58.0,97.0,19.0,66.0,71.0,164.0,180.0,202.0,120.0,158.0,177.0,130.0,151.0,87.0,192.0,98.0,67.0,64.0,53.0,147.0,162.0,184.0,104.0,140.0,159.0,115.0,141.0,83.0,185.0,80.0,48.0,69.0,187.0,196.0,216.0,93.0,137.0,159.0,165.0,200.0,147.0,248.0,117.0,75.0,118.0,127.0,147.0,52.0,87.0,106.0,101.0,143.0,109.0,196.0,50.0,11.0,23.0,43.0,125.0,110.0,106.0,44.0,83.0,124.0,135.0,71.0,113.0,22.0,125.0,101.0,93.0,67.0,105.0,146.0,156.0,83.0,123.0,140.0,112.0,100.0,87.0,120.0,166.0,167.0,105.0,144.0,44.0,66.0,126.0,175.0,157.0,232.0,76.0,61.0,22.0,126.0,177.0,177.0,235.0,88.0,93.0,130.0,180.0,188.0,237.0,99.0,111.0,51.0,79.0,108.0,53.0,92.0,73.0,57.0,99.0,132.0,105.0,90.0,98.0,156.0,185.0,42.0,181.0,171.0,108.0,88.0,177.0,159.0,149.0,106.0,43.0,20.0,60.0,19.0,87.0,114.0,166.0,141.0,89.0,111.0
80,Warmblut,550.0,080_200825_2.JPG,106.0,108.0,146.0,210.0,210.0,270.0,226.0,178.0,202.0,215.0,268.0,275.0,279.0,151.0,100.0,124.0,45.0,193.0,216.0,68.0,83.0,105.0,103.0,163.0,125.0,126.0,151.0,171.0,173.0,190.0,201.0,85.0,66.0,18.0,91.0,104.0,115.0,39.0,147.0,139.0,192.0,134.0,72.0,98.0,114.0,167.0,168.0,171.0,43.0,8.0,72.0,68.0,92.0,124.0,132.0,120.0,166.0,103.0,43.0,68.0,88.0,130.0,129.0,133.0,5.0,47.0,79.0,107.0,57.0,94.0,17.0,64.0,70.0,163.0,180.0,200.0,120.0,157.0,177.0,130.0,151.0,88.0,194.0,97.0,67.0,60.0,53.0,149.0,164.0,184.0,104.0,140.0,160.0,117.0,143.0,85.0,189.0,81.0,50.0,68.0,185.0,194.0,212.0,92.0,135.0,158.0,163.0,197.0,145.0,247.0,114.0,75.0,118.0,126.0,145.0,53.0,87.0,107.0,99.0,140.0,108.0,196.0,48.0,10.0,26.0,45.0,126.0,111.0,108.0,42.0,79.0,121.0,134.0,71.0,111.0,21.0,124.0,100.0,92.0,66.0,105.0,145.0,158.0,84.0,121.0,138.0,109.0,96.0,86.0,121.0,166.0,170.0,104.0,140.0,44.0,67.0,125.0,174.0,156.0,233.0,75.0,61.0,23.0,124.0,176.0,176.0,235.0,87.0,91.0,129.0,179.0,188.0,238.0,99.0,110.0,51.0,80.0,111.0,53.0,90.0,73.0,60.0,99.0,130.0,106.0,89.0,98.0,158.0,186.0,40.0,181.0,171.0,108.0,88.0,177.0,160.0,149.0,108.0,45.0,20.0,61.0,21.0,86.0,113.0,166.0,141.0,89.0,110.0
81,Warmblut,595.0,081_200825_1.JPG,99.0,91.0,126.0,183.0,183.0,229.0,203.0,152.0,173.0,184.0,226.0,230.0,235.0,132.0,81.0,110.0,40.0,175.0,194.0,68.0,76.0,84.0,83.0,129.0,111.0,116.0,138.0,156.0,138.0,153.0,163.0,75.0,70.0,10.0,88.0,97.0,102.0,36.0,136.0,130.0,170.0,127.0,63.0,85.0,100.0,144.0,142.0,144.0,43.0,11.0,72.0,56.0,90.0,119.0,121.0,113.0,148.0,97.0,40.0,62.0,80.0,111.0,106.0,109.0,8.0,47.0,75.0,91.0,56.0,90.0,11.0,49.0,70.0,154.0,171.0,190.0,99.0,131.0,148.0,115.0,142.0,74.0,171.0,96.0,65.0,46.0,58.0,144.0,161.0,180.0,88.0,120.0,136.0,107.0,137.0,73.0,168.0,85.0,54.0,62.0,172.0,184.0,202.0,81.0,118.0,136.0,140.0,179.0,119.0,213.0,104.0,64.0,114.0,124.0,142.0,31.0,62.0,79.0,89.0,137.0,101.0,178.0,45.0,9.0,23.0,41.0,117.0,99.0,95.0,42.0,72.0,114.0,113.0,68.0,109.0,20.0,121.0,97.0,90.0,63.0,93.0,136.0,133.0,80.0,120.0,137.0,109.0,99.0,82.0,107.0,155.0,144.0,98.0,139.0,37.0,55.0,102.0,155.0,129.0,198.0,55.0,38.0,18.0,99.0,153.0,145.0,197.0,57.0,66.0,102.0,155.0,156.0,200.0,66.0,82.0,54.0,73.0,98.0,48.0,82.0,75.0,44.0,101.0,129.0,97.0,90.0,92.0,144.0,169.0,41.0,176.0,153.0,101.0,78.0,147.0,136.0,120.0,77.0,40.0,17.0,47.0,16.0,77.0,107.0,149.0,137.0,63.0,82.0
83,Warmblut,577.0,083_200825_1.jpeg,104.0,102.0,135.0,194.0,193.0,241.0,208.0,169.0,191.0,202.0,250.0,250.0,264.0,140.0,90.0,116.0,43.0,180.0,200.0,66.0,74.0,90.0,88.0,137.0,111.0,121.0,144.0,162.0,154.0,165.0,182.0,76.0,65.0,12.0,89.0,94.0,103.0,35.0,136.0,125.0,168.0,120.0,70.0,93.0,108.0,159.0,151.0,163.0,40.0,12.0,68.0,63.0,86.0,113.0,119.0,104.0,142.0,88.0,47.0,71.0,89.0,125.0,116.0,129.0,5.0,47.0,70.0,98.0,52.0,83.0,21.0,54.0,72.0,155.0,171.0,191.0,102.0,134.0,153.0,117.0,142.0,80.0,178.0,90.0,66.0,49.0,51.0,136.0,151.0,172.0,84.0,113.0,132.0,101.0,132.0,77.0,173.0,70.0,45.0,61.0,164.0,174.0,193.0,65.0,107.0,124.0,139.0,177.0,126.0,220.0,96.0,62.0,104.0,112.0,132.0,43.0,63.0,82.0,84.0,130.0,100.0,179.0,37.0,9.0,24.0,41.0,128.0,103.0,109.0,46.0,80.0,117.0,128.0,68.0,102.0,21.0,129.0,98.0,100.0,68.0,104.0,139.0,149.0,81.0,113.0,146.0,111.0,110.0,87.0,117.0,158.0,159.0,102.0,133.0,43.0,59.0,120.0,169.0,143.0,220.0,73.0,51.0,19.0,111.0,162.0,154.0,214.0,71.0,70.0,124.0,175.0,172.0,227.0,88.0,89.0,51.0,71.0,103.0,48.0,79.0,69.0,52.0,97.0,123.0,99.0,84.0,91.0,147.0,172.0,34.0,188.0,162.0,108.0,88.0,154.0,133.0,116.0,82.0,41.0,17.0,54.0,19.0,85.0,116.0,155.0,147.0,77.0,89.0
86,Warmblut,560.0,086_200825_1.JPG,87.0,90.0,128.0,189.0,187.0,244.0,203.0,161.0,188.0,201.0,259.0,281.0,294.0,135.0,77.0,104.0,37.0,166.0,188.0,70.0,82.0,104.0,100.0,157.0,119.0,119.0,146.0,164.0,179.0,210.0,228.0,81.0,61.0,17.0,71.0,95.0,105.0,40.0,157.0,149.0,194.0,138.0,71.0,98.0,112.0,183.0,196.0,207.0,50.0,14.0,76.0,53.0,87.0,122.0,141.0,131.0,168.0,106.0,37.0,65.0,82.0,145.0,156.0,167.0,12.0,52.0,79.0,93.0,51.0,90.0,12.0,63.0,74.0,165.0,184.0,202.0,130.0,178.0,203.0,132.0,154.0,89.0,175.0,108.0,76.0,60.0,62.0,154.0,172.0,190.0,120.0,168.0,192.0,121.0,147.0,84.0,170.0,96.0,64.0,66.0,179.0,190.0,205.0,91.0,143.0,169.0,156.0,196.0,140.0,224.0,121.0,79.0,114.0,124.0,140.0,63.0,106.0,130.0,94.0,142.0,103.0,176.0,56.0,16.0,28.0,45.0,136.0,135.0,141.0,39.0,85.0,115.0,124.0,59.0,101.0,19.0,133.0,122.0,123.0,65.0,112.0,141.0,151.0,76.0,114.0,143.0,125.0,122.0,84.0,126.0,159.0,164.0,94.0,130.0,52.0,78.0,133.0,191.0,164.0,229.0,96.0,74.0,26.0,147.0,207.0,196.0,247.0,116.0,112.0,159.0,219.0,215.0,259.0,133.0,135.0,60.0,76.0,101.0,39.0,78.0,69.0,41.0,95.0,126.0,86.0,83.0,90.0,134.0,160.0,42.0,159.0,163.0,95.0,80.0,198.0,185.0,173.0,123.0,44.0,19.0,80.0,27.0,84.0,108.0,162.0,130.0,93.0,120.0
87,Spezialrasse,460.0,087_200825_1.JPG,89.0,102.0,131.0,165.0,167.0,208.0,189.0,167.0,190.0,202.0,233.0,251.0,257.0,134.0,86.0,99.0,39.0,165.0,181.0,68.0,75.0,79.0,80.0,120.0,101.0,118.0,142.0,159.0,147.0,170.0,180.0,74.0,64.0,10.0,81.0,85.0,93.0,33.0,131.0,127.0,158.0,120.0,65.0,89.0,102.0,153.0,161.0,163.0,38.0,16.0,70.0,68.0,83.0,112.0,116.0,110.0,136.0,92.0,43.0,68.0,84.0,121.0,128.0,130.0,6.0,48.0,71.0,100.0,52.0,85.0,10.0,47.0,60.0,149.0,168.0,187.0,103.0,138.0,154.0,111.0,133.0,71.0,161.0,83.0,58.0,42.0,50.0,142.0,160.0,179.0,94.0,129.0,145.0,105.0,131.0,70.0,161.0,74.0,48.0,49.0,159.0,172.0,190.0,72.0,111.0,129.0,130.0,165.0,111.0,200.0,89.0,53.0,110.0,123.0,142.0,48.0,79.0,95.0,86.0,129.0,90.0,172.0,41.0,8.0,25.0,41.0,124.0,117.0,112.0,44.0,81.0,114.0,132.0,70.0,105.0,19.0,127.0,113.0,105.0,68.0,104.0,138.0,154.0,86.0,120.0,143.0,125.0,114.0,85.0,117.0,155.0,165.0,105.0,138.0,38.0,57.0,115.0,165.0,137.0,212.0,71.0,54.0,19.0,123.0,175.0,161.0,226.0,86.0,84.0,126.0,178.0,171.0,230.0,94.0,98.0,52.0,70.0,104.0,46.0,79.0,67.0,52.0,94.0,121.0,90.0,76.0,83.0,142.0,164.0,35.0,195.0,157.0,102.0,83.0,154.0,145.0,126.0,95.0,40.0,16.0,55.0,17.0,83.0,115.0,151.0,156.0,81.0,97.0
91,Vollblut,447.0,091_200825_1.JPG,78.0,80.0,113.0,160.0,163.0,203.0,183.0,148.0,173.0,186.0,209.0,221.0,225.0,122.0,69.0,94.0,33.0,159.0,174.0,60.0,69.0,84.0,86.0,125.0,109.0,109.0,135.0,152.0,138.0,158.0,166.0,74.0,56.0,17.0,68.0,95.0,99.0,36.0,127.0,122.0,159.0,124.0,68.0,94.0,108.0,142.0,146.0,147.0,45.0,11.0,65.0,49.0,88.0,116.0,110.0,100.0,133.0,92.0,40.0,66.0,84.0,107.0,110.0,112.0,9.0,46.0,64.0,85.0,53.0,86.0,18.0,46.0,61.0,137.0,155.0,173.0,94.0,130.0,146.0,108.0,128.0,69.0,151.0,88.0,55.0,40.0,44.0,123.0,140.0,158.0,77.0,112.0,128.0,97.0,124.0,69.0,151.0,73.0,37.0,50.0,149.0,160.0,177.0,71.0,111.0,129.0,128.0,162.0,109.0,190.0,94.0,51.0,101.0,111.0,128.0,34.0,69.0,86.0,86.0,130.0,92.0,164.0,46.0,10.0,27.0,43.0,103.0,91.0,86.0,35.0,79.0,103.0,116.0,55.0,98.0,19.0,104.0,82.0,72.0,61.0,104.0,127.0,141.0,67.0,109.0,118.0,91.0,78.0,78.0,118.0,146.0,154.0,86.0,127.0,40.0,59.0,99.0,150.0,122.0,187.0,55.0,43.0,19.0,101.0,156.0,143.0,195.0,63.0,76.0,103.0,157.0,152.0,196.0,71.0,91.0,55.0,67.0,94.0,44.0,80.0,63.0,39.0,96.0,121.0,83.0,81.0,82.0,134.0,155.0,43.0,176.0,152.0,105.0,84.0,145.0,127.0,118.0,84.0,43.0,17.0,52.0,15.0,78.0,115.0,143.0,144.0,67.0,91.0
99,Warmblut,517.0,099_100925_1.JPG,79.0,97.0,130.0,151.0,158.0,197.0,178.0,169.0,199.0,215.0,218.0,238.0,244.0,135.0,87.0,89.0,35.0,155.0,163.0,59.0,69.0,79.0,82.0,120.0,99.0,110.0,138.0,157.0,140.0,164.0,173.0,71.0,58.0,10.0,69.0,82.0,84.0,40.0,123.0,120.0,151.0,111.0,74.0,103.0,119.0,141.0,150.0,153.0,45.0,11.0,61.0,66.0,74.0,99.0,106.0,98.0,123.0,77.0,41.0,70.0,88.0,102.0,111.0,115.0,6.0,51.0,65.0,103.0,36.0,68.0,15.0,49.0,64.0,132.0,151.0,169.0,104.0,141.0,158.0,103.0,127.0,70.0,148.0,86.0,55.0,39.0,49.0,121.0,138.0,157.0,88.0,126.0,142.0,94.0,126.0,73.0,151.0,75.0,42.0,51.0,134.0,145.0,161.0,73.0,113.0,132.0,118.0,159.0,111.0,189.0,92.0,55.0,83.0,94.0,111.0,43.0,77.0,93.0,71.0,120.0,89.0,161.0,42.0,15.0,30.0,47.0,90.0,84.0,83.0,39.0,85.0,105.0,140.0,45.0,81.0,19.0,87.0,67.0,60.0,67.0,114.0,133.0,169.0,66.0,97.0,99.0,72.0,60.0,86.0,129.0,152.0,184.0,85.0,115.0,41.0,60.0,96.0,151.0,131.0,198.0,67.0,58.0,19.0,106.0,162.0,156.0,214.0,83.0,90.0,110.0,165.0,166.0,218.0,92.0,104.0,57.0,66.0,108.0,30.0,62.0,62.0,55.0,84.0,108.0,78.0,74.0,74.0,132.0,147.0,37.0,199.0,156.0,108.0,87.0,158.0,142.0,126.0,93.0,47.0,19.0,56.0,16.0,85.0,116.0,152.0,164.0,83.0,104.0
99,Warmblut,517.0,099_100925_2.JPG,70.0,92.0,126.0,143.0,143.0,196.0,188.0,160.0,186.0,202.0,233.0,264.0,275.0,130.0,80.0,83.0,34.0,155.0,165.0,60.0,73.0,82.0,78.0,131.0,118.0,113.0,139.0,159.0,163.0,194.0,205.0,73.0,55.0,14.0,61.0,88.0,95.0,40.0,129.0,121.0,166.0,137.0,68.0,94.0,110.0,178.0,198.0,204.0,47.0,12.0,65.0,61.0,87.0,114.0,117.0,106.0,143.0,106.0,40.0,66.0,86.0,144.0,160.0,165.0,10.0,51.0,70.0,98.0,53.0,85.0,12.0,54.0,69.0,150.0,171.0,192.0,108.0,147.0,164.0,109.0,130.0,70.0,143.0,86.0,59.0,53.0,60.0,139.0,159.0,180.0,100.0,138.0,155.0,99.0,123.0,66.0,139.0,74.0,47.0,48.0,166.0,181.0,200.0,65.0,106.0,126.0,134.0,170.0,117.0,192.0,96.0,59.0,123.0,134.0,154.0,45.0,79.0,95.0,96.0,143.0,105.0,176.0,54.0,24.0,27.0,46.0,152.0,158.0,158.0,43.0,80.0,110.0,129.0,71.0,107.0,21.0,157.0,156.0,152.0,68.0,106.0,136.0,155.0,87.0,123.0,173.0,169.0,163.0,88.0,122.0,156.0,170.0,108.0,143.0,41.0,61.0,134.0,186.0,150.0,220.0,91.0,68.0,21.0,151.0,207.0,181.0,247.0,112.0,100.0,157.0,214.0,193.0,256.0,120.0,114.0,58.0,68.0,103.0,43.0,76.0,62.0,49.0,96.0,120.0,74.0,77.0,82.0,135.0,152.0,37.0,201.0,156.0,110.0,83.0,156.0,145.0,126.0,88.0,45.0,18.0,61.0,20.0,83.0,121.0,150.0,167.0,79.0,98.0
R17,Vollblut,517.0,R17_18042026_1.JPG,94.0,92.0,126.0,175.0,175.0,222.0,202.0,161.0,184.0,199.0,248.0,272.0,282.0,131.0,85.0,110.0,38.0,170.0,188.0,63.0,70.0,83.0,81.0,128.0,110.0,115.0,139.0,160.0,158.0,187.0,200.0,68.0,61.0,16.0,81.0,88.0,97.0,36.0,129.0,123.0,164.0,130.0,70.0,94.0,112.0,170.0,188.0,195.0,44.0,7.0,70.0,57.0,89.0,117.0,111.0,103.0,138.0,100.0,45.0,69.0,91.0,136.0,152.0,159.0,10.0,43.0,68.0,93.0,55.0,88.0,12.0,49.0,58.0,144.0,162.0,184.0,101.0,139.0,157.0,103.0,131.0,67.0,163.0,79.0,52.0,46.0,47.0,134.0,151.0,173.0,92.0,129.0,147.0,94.0,125.0,65.0,160.0,67.0,41.0,46.0,159.0,171.0,192.0,66.0,105.0,125.0,128.0,167.0,111.0,205.0,89.0,53.0,115.0,125.0,146.0,48.0,82.0,99.0,90.0,135.0,95.0,179.0,46.0,14.0,25.0,46.0,138.0,142.0,143.0,48.0,77.0,112.0,124.0,71.0,107.0,23.0,140.0,136.0,134.0,71.0,101.0,135.0,147.0,84.0,119.0,156.0,148.0,143.0,94.0,118.0,158.0,161.0,107.0,141.0,39.0,59.0,127.0,176.0,143.0,223.0,82.0,61.0,20.0,144.0,194.0,172.0,243.0,102.0,93.0,151.0,201.0,186.0,251.0,113.0,109.0,50.0,64.0,100.0,46.0,78.0,70.0,50.0,94.0,122.0,96.0,76.0,81.0,142.0,165.0,36.0,187.0,159.0,110.0,90.0,152.0,141.0,125.0,94.0,45.0,21.0,59.0,20.0,91.0,116.0,153.0,150.0,83.0,100.0
R17,Vollblut,517.0,R17_18042026_2.JPG,90.0,91.0,127.0,178.0,175.0,226.0,207.0,162.0,184.0,197.0,256.0,284.0,296.0,132.0,82.0,108.0,38.0,169.0,190.0,62.0,74.0,90.0,85.0,137.0,119.0,115.0,139.0,158.0,170.0,202.0,217.0,71.0,61.0,18.0,79.0,91.0,103.0,38.0,134.0,124.0,170.0,136.0,71.0,94.0,109.0,180.0,201.0,210.0,45.0,9.0,70.0,57.0,88.0,120.0,119.0,106.0,146.0,105.0,41.0,65.0,84.0,145.0,164.0,172.0,11.0,47.0,72.0,95.0,54.0,90.0,15.0,51.0,64.0,147.0,164.0,183.0,108.0,150.0,170.0,109.0,138.0,72.0,168.0,85.0,57.0,52.0,52.0,132.0,149.0,169.0,99.0,140.0,159.0,95.0,128.0,67.0,161.0,70.0,43.0,50.0,163.0,174.0,192.0,71.0,115.0,136.0,135.0,176.0,118.0,212.0,98.0,58.0,115.0,124.0,142.0,51.0,89.0,107.0,94.0,143.0,102.0,185.0,52.0,17.0,24.0,43.0,143.0,150.0,154.0,45.0,80.0,112.0,126.0,65.0,105.0,20.0,145.0,144.0,145.0,68.0,103.0,135.0,148.0,79.0,117.0,158.0,152.0,150.0,88.0,118.0,155.0,160.0,99.0,135.0,44.0,65.0,136.0,188.0,153.0,232.0,92.0,67.0,21.0,156.0,209.0,187.0,256.0,115.0,103.0,165.0,219.0,202.0,266.0,127.0,120.0,54.0,67.0,101.0,44.0,80.0,71.0,48.0,96.0,126.0,95.0,78.0,86.0,142.0,168.0,40.0,179.0,159.0,106.0,84.0,160.0,146.0,136.0,97.0,43.0,19.0,65.0,21.0,88.0,113.0,155.0,143.0,84.0,103.0
R17,Vollblut,517.0,R17_18042026_3.JPG,92.0,90.0,126.0,181.0,172.0,228.0,206.0,161.0,183.0,197.0,259.0,287.0,299.0,131.0,82.0,109.0,37.0,168.0,188.0,64.0,73.0,90.0,80.0,136.0,116.0,115.0,138.0,158.0,171.0,204.0,219.0,71.0,61.0,17.0,81.0,89.0,99.0,38.0,137.0,122.0,172.0,135.0,71.0,95.0,110.0,184.0,204.0,214.0,45.0,7.0,71.0,56.0,88.0,119.0,121.0,104.0,147.0,104.0,42.0,66.0,85.0,149.0,167.0,176.0,10.0,45.0,71.0,94.0,54.0,89.0,17.0,51.0,65.0,149.0,165.0,186.0,111.0,154.0,175.0,112.0,139.0,74.0,170.0,87.0,58.0,56.0,55.0,132.0,148.0,169.0,106.0,146.0,166.0,95.0,124.0,63.0,158.0,70.0,45.0,52.0,164.0,173.0,193.0,73.0,117.0,140.0,137.0,175.0,119.0,213.0,99.0,60.0,114.0,121.0,141.0,55.0,92.0,112.0,94.0,140.0,100.0,184.0,51.0,17.0,24.0,43.0,146.0,153.0,157.0,45.0,79.0,112.0,125.0,66.0,104.0,21.0,145.0,145.0,145.0,67.0,102.0,134.0,148.0,78.0,114.0,160.0,154.0,152.0,87.0,117.0,154.0,160.0,99.0,134.0,44.0,67.0,140.0,189.0,155.0,236.0,95.0,72.0,23.0,159.0,211.0,189.0,259.0,119.0,107.0,169.0,221.0,205.0,270.0,132.0,125.0,52.0,67.0,101.0,44.0,79.0,70.0,49.0,94.0,123.0,96.0,77.0,83.0,141.0,167.0,38.0,176.0,159.0,105.0,86.0,164.0,151.0,140.0,100.0,43.0,20.0,67.0,23.0,88.0,111.0,155.0,141.0,85.0,106.0
R17,Vollblut,517.0,R17_18042026_5.JPG,105.0,107.0,144.0,192.0,198.0,231.0,212.0,170.0,192.0,203.0,254.0,271.0,279.0,149.0,100.0,127.0,45.0,182.0,203.0,64.0,78.0,88.0,93.0,127.0,112.0,115.0,140.0,159.0,157.0,180.0,192.0,75.0,65.0,22.0,86.0,92.0,102.0,38.0,128.0,127.0,155.0,122.0,65.0,89.0,104.0,157.0,168.0,174.0,45.0,8.0,71.0,65.0,83.0,114.0,112.0,108.0,129.0,92.0,38.0,63.0,82.0,122.0,130.0,136.0,11.0,45.0,73.0,103.0,49.0,85.0,12.0,43.0,57.0,141.0,159.0,180.0,98.0,134.0,151.0,101.0,133.0,67.0,172.0,79.0,52.0,34.0,45.0,135.0,152.0,172.0,86.0,122.0,140.0,97.0,133.0,71.0,175.0,71.0,41.0,44.0,150.0,163.0,182.0,67.0,106.0,125.0,118.0,161.0,105.0,207.0,84.0,47.0,108.0,119.0,139.0,46.0,78.0,95.0,81.0,129.0,91.0,181.0,43.0,9.0,25.0,44.0,124.0,121.0,122.0,44.0,71.0,110.0,126.0,66.0,103.0,21.0,127.0,116.0,113.0,67.0,94.0,134.0,147.0,81.0,116.0,143.0,127.0,121.0,88.0,109.0,154.0,158.0,102.0,137.0,38.0,57.0,112.0,165.0,136.0,220.0,74.0,55.0,19.0,123.0,175.0,162.0,233.0,90.0,85.0,130.0,181.0,175.0,239.0,101.0,102.0,53.0,67.0,110.0,39.0,74.0,74.0,58.0,91.0,121.0,105.0,75.0,82.0,146.0,172.0,38.0,183.0,159.0,103.0,81.0,150.0,139.0,124.0,93.0,44.0,19.0,57.0,19.0,85.0,106.0,151.0,141.0,81.0,98.0
R17,Vollblut,517.0,R17_18042026_7.JPG,97.0,92.0,129.0,183.0,185.0,225.0,195.0,160.0,182.0,196.0,236.0,247.0,249.0,133.0,87.0,113.0,35.0,168.0,189.0,61.0,73.0,86.0,88.0,129.0,103.0,114.0,139.0,159.0,148.0,168.0,175.0,71.0,63.0,17.0,84.0,88.0,97.0,38.0,127.0,125.0,159.0,118.0,70.0,94.0,111.0,151.0,157.0,158.0,43.0,5.0,67.0,60.0,83.0,112.0,110.0,104.0,133.0,87.0,41.0,67.0,87.0,115.0,119.0,120.0,7.0,43.0,69.0,99.0,47.0,82.0,10.0,47.0,52.0,140.0,158.0,179.0,96.0,130.0,144.0,104.0,132.0,70.0,168.0,80.0,52.0,41.0,42.0,132.0,150.0,171.0,86.0,120.0,134.0,98.0,129.0,71.0,169.0,72.0,41.0,48.0,152.0,165.0,183.0,69.0,107.0,123.0,126.0,164.0,112.0,208.0,90.0,53.0,104.0,117.0,136.0,48.0,79.0,92.0,81.0,123.0,86.0,172.0,42.0,6.0,25.0,45.0,114.0,104.0,100.0,44.0,74.0,109.0,126.0,62.0,99.0,21.0,117.0,99.0,91.0,68.0,98.0,134.0,148.0,79.0,113.0,131.0,108.0,98.0,89.0,114.0,155.0,162.0,99.0,133.0,38.0,54.0,109.0,156.0,132.0,209.0,69.0,53.0,16.0,114.0,162.0,154.0,217.0,81.0,81.0,117.0,163.0,162.0,219.0,87.0,94.0,48.0,66.0,103.0,41.0,75.0,69.0,55.0,88.0,117.0,99.0,75.0,81.0,141.0,166.0,37.0,184.0,159.0,111.0,86.0,145.0,134.0,115.0,93.0,45.0,19.0,49.0,13.0,87.0,113.0,151.0,151.0,79.0,94.0
R17,Vollblut,517.0,R17_18042026_4.JPG,93.0,99.0,132.0,175.0,181.0,212.0,195.0,164.0,186.0,201.0,231.0,247.0,254.0,136.0,93.0,109.0,42.0,169.0,187.0,64.0,73.0,83.0,88.0,119.0,105.0,117.0,141.0,161.0,143.0,165.0,176.0,72.0,64.0,16.0,80.0,88.0,96.0,34.0,125.0,124.0,149.0,119.0,66.0,89.0,107.0,146.0,153.0,158.0,40.0,7.0,68.0,62.0,81.0,111.0,109.0,104.0,126.0,90.0,44.0,68.0,88.0,113.0,119.0,124.0,7.0,42.0,70.0,96.0,50.0,84.0,13.0,41.0,54.0,145.0,163.0,184.0,91.0,126.0,142.0,103.0,130.0,68.0,162.0,77.0,49.0,31.0,41.0,137.0,155.0,175.0,78.0,113.0,129.0,98.0,129.0,72.0,165.0,68.0,37.0,41.0,152.0,166.0,185.0,64.0,101.0,118.0,119.0,155.0,103.0,195.0,81.0,44.0,112.0,125.0,144.0,41.0,73.0,88.0,83.0,125.0,90.0,171.0,42.0,9.0,24.0,44.0,120.0,111.0,110.0,47.0,72.0,114.0,124.0,71.0,108.0,21.0,126.0,110.0,106.0,70.0,95.0,138.0,145.0,87.0,123.0,141.0,121.0,114.0,91.0,112.0,158.0,159.0,107.0,142.0,38.0,54.0,106.0,153.0,129.0,204.0,65.0,49.0,17.0,113.0,161.0,152.0,215.0,78.0,79.0,119.0,166.0,163.0,220.0,88.0,93.0,47.0,67.0,101.0,43.0,76.0,70.0,55.0,88.0,117.0,94.0,76.0,81.0,139.0,163.0,37.0,196.0,159.0,108.0,86.0,143.0,130.0,115.0,89.0,43.0,18.0,52.0,16.0,86.0,112.0,152.0,154.0,79.0,94.0
R17,Vollblut,517.0,R17_18042026_6.JPG,99.0,93.0,130.0,185.0,189.0,226.0,202.0,159.0,181.0,195.0,234.0,241.0,245.0,135.0,88.0,114.0,37.0,172.0,193.0,65.0,74.0,86.0,90.0,127.0,109.0,115.0,139.0,159.0,146.0,163.0,171.0,73.0,65.0,16.0,87.0,91.0,100.0,39.0,130.0,129.0,159.0,124.0,67.0,91.0,107.0,148.0,151.0,152.0,45.0,5.0,69.0,60.0,86.0,116.0,109.0,107.0,130.0,90.0,41.0,65.0,85.0,111.0,112.0,114.0,7.0,44.0,69.0,98.0,49.0,83.0,9.0,45.0,56.0,139.0,157.0,178.0,94.0,125.0,140.0,103.0,132.0,71.0,170.0,79.0,52.0,38.0,47.0,135.0,151.0,172.0,85.0,116.0,131.0,100.0,133.0,75.0,173.0,73.0,43.0,46.0,150.0,162.0,181.0,68.0,104.0,120.0,123.0,163.0,112.0,207.0,87.0,49.0,105.0,116.0,135.0,41.0,70.0,85.0,83.0,128.0,94.0,178.0,43.0,9.0,24.0,45.0,111.0,99.0,95.0,43.0,72.0,110.0,124.0,64.0,101.0,22.0,113.0,94.0,86.0,66.0,95.0,133.0,145.0,78.0,113.0,129.0,105.0,94.0,87.0,112.0,154.0,158.0,99.0,133.0,36.0,52.0,104.0,153.0,131.0,206.0,63.0,48.0,17.0,106.0,156.0,150.0,210.0,72.0,75.0,110.0,158.0,159.0,212.0,80.0,89.0,50.0,67.0,104.0,42.0,76.0,70.0,55.0,91.0,120.0,100.0,78.0,85.0,144.0,169.0,37.0,184.0,159.0,108.0,85.0,141.0,132.0,111.0,85.0,44.0,19.0,46.0,14.0,85.0,111.0,151.0,148.0,76.0,90.0
R18,Spezialrasse,548.0,R18_18042026_3.JPG,114.0,113.0,150.0,203.0,202.0,251.0,226.0,180.0,199.0,212.0,276.0,287.0,294.0,154.0,98.0,130.0,45.0,193.0,215.0,69.0,79.0,91.0,89.0,138.0,114.0,117.0,139.0,159.0,166.0,183.0,194.0,76.0,63.0,16.0,87.0,92.0,103.0,38.0,143.0,136.0,177.0,136.0,68.0,88.0,104.0,179.0,182.0,187.0,45.0,15.0,73.0,68.0,92.0,126.0,126.0,117.0,152.0,106.0,39.0,60.0,80.0,143.0,145.0,148.0,9.0,52.0,74.0,106.0,58.0,97.0,12.0,52.0,61.0,154.0,170.0,190.0,107.0,137.0,154.0,119.0,144.0,77.0,178.0,88.0,57.0,50.0,50.0,144.0,159.0,179.0,99.0,126.0,144.0,109.0,138.0,74.0,175.0,76.0,45.0,51.0,170.0,181.0,199.0,72.0,105.0,125.0,143.0,182.0,122.0,223.0,99.0,57.0,120.0,130.0,148.0,53.0,77.0,94.0,97.0,144.0,98.0,191.0,50.0,11.0,22.0,41.0,144.0,136.0,134.0,42.0,83.0,112.0,135.0,71.0,113.0,21.0,147.0,134.0,129.0,63.0,103.0,133.0,154.0,84.0,124.0,160.0,144.0,136.0,83.0,119.0,153.0,167.0,103.0,143.0,34.0,54.0,135.0,188.0,150.0,239.0,87.0,63.0,20.0,138.0,194.0,167.0,247.0,94.0,85.0,142.0,199.0,179.0,253.0,103.0,101.0,57.0,70.0,112.0,49.0,88.0,71.0,54.0,102.0,134.0,101.0,78.0,87.0,154.0,181.0,42.0,195.0,157.0,103.0,79.0,153.0,142.0,124.0,92.0,41.0,19.0,52.0,19.0,81.0,116.0,149.0,154.0,78.0,96.0
R18,Spezialrasse,548.0,R18_18042026_4.JPG,118.0,113.0,153.0,205.0,205.0,254.0,231.0,182.0,201.0,215.0,278.0,288.0,295.0,157.0,100.0,134.0,44.0,198.0,217.0,71.0,80.0,89.0,87.0,136.0,115.0,118.0,139.0,159.0,163.0,179.0,190.0,75.0,66.0,15.0,94.0,91.0,101.0,41.0,145.0,138.0,179.0,142.0,70.0,90.0,107.0,180.0,183.0,187.0,47.0,13.0,75.0,71.0,97.0,129.0,129.0,120.0,153.0,110.0,39.0,60.0,80.0,144.0,143.0,147.0,10.0,53.0,76.0,111.0,62.0,100.0,12.0,53.0,63.0,157.0,172.0,192.0,107.0,137.0,154.0,119.0,147.0,76.0,183.0,86.0,55.0,49.0,52.0,146.0,161.0,181.0,97.0,126.0,143.0,110.0,141.0,73.0,181.0,75.0,43.0,48.0,171.0,181.0,199.0,68.0,103.0,123.0,142.0,184.0,121.0,228.0,95.0,54.0,124.0,133.0,151.0,49.0,74.0,92.0,100.0,149.0,99.0,199.0,49.0,14.0,21.0,41.0,145.0,136.0,134.0,44.0,83.0,113.0,139.0,76.0,117.0,21.0,148.0,134.0,129.0,64.0,103.0,134.0,158.0,88.0,128.0,161.0,143.0,135.0,85.0,120.0,154.0,172.0,107.0,147.0,36.0,55.0,134.0,189.0,148.0,243.0,83.0,63.0,20.0,136.0,194.0,165.0,251.0,90.0,86.0,140.0,199.0,177.0,257.0,100.0,102.0,58.0,70.0,117.0,52.0,89.0,73.0,58.0,106.0,136.0,108.0,78.0,85.0,161.0,186.0,41.0,198.0,157.0,105.0,79.0,153.0,142.0,121.0,90.0,41.0,19.0,53.0,19.0,82.0,117.0,149.0,158.0,78.0,98.0
R18,Spezialrasse,548.0,R18_18042026_5.JPG,111.0,96.0,136.0,202.0,212.0,248.0,217.0,168.0,190.0,201.0,264.0,268.0,285.0,143.0,84.0,129.0,36.0,184.0,208.0,73.0,80.0,91.0,101.0,138.0,114.0,117.0,139.0,157.0,161.0,175.0,195.0,77.0,69.0,19.0,91.0,92.0,104.0,42.0,148.0,150.0,181.0,137.0,73.0,96.0,108.0,180.0,177.0,191.0,50.0,13.0,79.0,61.0,97.0,129.0,128.0,125.0,151.0,102.0,38.0,62.0,78.0,142.0,135.0,150.0,11.0,53.0,77.0,102.0,59.0,95.0,20.0,54.0,68.0,150.0,165.0,184.0,103.0,135.0,157.0,119.0,149.0,74.0,182.0,89.0,62.0,37.0,51.0,142.0,155.0,173.0,83.0,116.0,138.0,115.0,153.0,83.0,190.0,78.0,46.0,55.0,160.0,168.0,185.0,61.0,102.0,122.0,140.0,186.0,120.0,224.0,96.0,57.0,106.0,113.0,130.0,48.0,69.0,91.0,91.0,144.0,96.0,188.0,43.0,10.0,24.0,40.0,136.0,119.0,129.0,39.0,86.0,111.0,133.0,65.0,103.0,20.0,135.0,111.0,117.0,62.0,108.0,132.0,155.0,76.0,112.0,149.0,121.0,124.0,80.0,121.0,151.0,165.0,95.0,130.0,42.0,61.0,132.0,189.0,143.0,235.0,83.0,58.0,22.0,127.0,187.0,159.0,235.0,85.0,78.0,142.0,202.0,179.0,251.0,103.0,100.0,61.0,72.0,109.0,49.0,85.0,78.0,49.0,106.0,136.0,107.0,78.0,86.0,153.0,179.0,38.0,173.0,157.0,101.0,78.0,155.0,137.0,121.0,87.0,40.0,18.0,59.0,21.0,80.0,112.0,149.0,144.0,78.0,94.0
R18,Spezialrasse,548.0,R18_18042026_6.JPG,107.0,100.0,138.0,203.0,215.0,249.0,223.0,171.0,192.0,204.0,268.0,277.0,281.0,148.0,87.0,129.0,39.0,185.0,213.0,70.0,77.0,97.0,108.0,142.0,119.0,116.0,139.0,157.0,167.0,184.0,194.0,76.0,64.0,21.0,89.0,94.0,109.0,41.0,150.0,155.0,182.0,143.0,72.0,94.0,107.0,180.0,182.0,184.0,52.0,13.0,78.0,62.0,95.0,134.0,129.0,130.0,153.0,109.0,40.0,63.0,80.0,141.0,142.0,144.0,13.0,52.0,73.0,102.0,57.0,101.0,16.0,51.0,63.0,153.0,168.0,187.0,109.0,142.0,159.0,118.0,150.0,77.0,185.0,92.0,58.0,36.0,51.0,151.0,164.0,182.0,93.0,128.0,146.0,119.0,157.0,87.0,194.0,87.0,47.0,50.0,166.0,175.0,192.0,74.0,112.0,132.0,140.0,186.0,120.0,226.0,102.0,54.0,117.0,125.0,142.0,50.0,79.0,96.0,96.0,149.0,98.0,195.0,54.0,11.0,23.0,40.0,135.0,125.0,121.0,41.0,85.0,111.0,133.0,65.0,112.0,19.0,135.0,118.0,111.0,63.0,107.0,132.0,153.0,77.0,122.0,147.0,126.0,116.0,81.0,120.0,151.0,164.0,95.0,139.0,39.0,60.0,129.0,188.0,147.0,237.0,85.0,60.0,21.0,130.0,192.0,166.0,242.0,93.0,87.0,133.0,195.0,176.0,245.0,100.0,103.0,62.0,70.0,112.0,44.0,88.0,76.0,50.0,103.0,140.0,108.0,77.0,88.0,152.0,185.0,48.0,176.0,157.0,100.0,80.0,159.0,146.0,130.0,96.0,40.0,18.0,56.0,19.0,81.0,112.0,149.0,141.0,78.0,101.0
R18,Spezialrasse,548.0,R18_18042026_7.JPG,106.0,98.0,137.0,202.0,211.0,251.0,222.0,168.0,190.0,202.0,271.0,281.0,284.0,144.0,83.0,126.0,37.0,184.0,211.0,72.0,79.0,96.0,105.0,145.0,120.0,116.0,139.0,156.0,172.0,190.0,198.0,75.0,63.0,20.0,89.0,94.0,108.0,41.0,151.0,154.0,188.0,145.0,70.0,93.0,106.0,186.0,189.0,189.0,51.0,16.0,79.0,62.0,98.0,134.0,132.0,131.0,160.0,111.0,37.0,60.0,77.0,147.0,147.0,147.0,13.0,54.0,76.0,103.0,60.0,101.0,15.0,54.0,64.0,154.0,169.0,187.0,113.0,147.0,164.0,120.0,150.0,78.0,185.0,91.0,60.0,41.0,51.0,150.0,163.0,181.0,98.0,133.0,151.0,119.0,154.0,86.0,192.0,84.0,49.0,55.0,172.0,181.0,196.0,79.0,119.0,140.0,147.0,190.0,126.0,231.0,104.0,61.0,118.0,126.0,141.0,54.0,84.0,100.0,99.0,151.0,100.0,196.0,52.0,11.0,24.0,40.0,141.0,131.0,126.0,41.0,86.0,110.0,131.0,67.0,111.0,18.0,139.0,123.0,115.0,63.0,109.0,132.0,153.0,79.0,120.0,150.0,129.0,118.0,81.0,122.0,150.0,164.0,96.0,136.0,41.0,62.0,136.0,194.0,153.0,242.0,89.0,65.0,22.0,138.0,200.0,172.0,249.0,97.0,91.0,140.0,201.0,182.0,250.0,104.0,106.0,61.0,69.0,110.0,48.0,89.0,74.0,49.0,106.0,140.0,107.0,78.0,89.0,154.0,185.0,44.0,170.0,157.0,97.0,77.0,163.0,151.0,139.0,99.0,41.0,18.0,59.0,19.0,82.0,113.0,150.0,138.0,81.0,103.0
R18,Spezialrasse,548.0,R18_18042026_1.JPG,93.0,109.0,141.0,171.0,177.0,215.0,201.0,176.0,196.0,211.0,230.0,241.0,250.0,144.0,94.0,107.0,45.0,173.0,189.0,67.0,76.0,81.0,86.0,123.0,108.0,118.0,139.0,158.0,140.0,155.0,167.0,75.0,62.0,14.0,70.0,88.0,97.0,36.0,128.0,126.0,156.0,124.0,67.0,88.0,104.0,143.0,143.0,148.0,43.0,15.0,67.0,65.0,82.0,113.0,112.0,107.0,130.0,94.0,41.0,63.0,82.0,109.0,107.0,112.0,8.0,50.0,70.0,99.0,49.0,84.0,13.0,47.0,59.0,144.0,160.0,179.0,93.0,122.0,140.0,105.0,131.0,70.0,152.0,80.0,54.0,38.0,46.0,136.0,151.0,170.0,80.0,109.0,127.0,100.0,131.0,73.0,155.0,70.0,42.0,42.0,152.0,163.0,180.0,64.0,97.0,116.0,123.0,162.0,109.0,191.0,85.0,48.0,111.0,121.0,138.0,35.0,63.0,82.0,86.0,133.0,94.0,170.0,46.0,12.0,22.0,41.0,113.0,98.0,95.0,44.0,82.0,111.0,132.0,67.0,104.0,20.0,117.0,96.0,90.0,65.0,103.0,132.0,152.0,81.0,116.0,130.0,106.0,96.0,84.0,118.0,151.0,167.0,100.0,134.0,34.0,53.0,102.0,155.0,125.0,196.0,61.0,44.0,19.0,101.0,157.0,141.0,203.0,68.0,69.0,107.0,162.0,154.0,210.0,79.0,86.0,56.0,67.0,104.0,42.0,77.0,66.0,50.0,94.0,122.0,82.0,74.0,83.0,136.0,158.0,37.0,210.0,157.0,105.0,81.0,141.0,128.0,107.0,81.0,40.0,18.0,47.0,18.0,81.0,119.0,147.0,165.0,75.0,87.0
R19,Warmblut,588.0,R19_18042026_1.JPG,86.0,83.0,121.0,178.0,180.0,226.0,195.0,153.0,178.0,191.0,233.0,244.0,245.0,126.0,76.0,107.0,32.0,165.0,186.0,62.0,76.0,92.0,94.0,140.0,114.0,119.0,145.0,164.0,158.0,178.0,185.0,76.0,61.0,21.0,75.0,96.0,106.0,39.0,135.0,132.0,170.0,127.0,72.0,98.0,114.0,158.0,164.0,163.0,45.0,6.0,70.0,53.0,89.0,119.0,118.0,113.0,144.0,95.0,44.0,70.0,89.0,121.0,125.0,124.0,7.0,45.0,71.0,91.0,53.0,87.0,10.0,54.0,64.0,152.0,171.0,191.0,108.0,145.0,162.0,113.0,137.0,72.0,165.0,89.0,61.0,48.0,54.0,145.0,163.0,182.0,98.0,134.0,152.0,107.0,135.0,73.0,165.0,80.0,51.0,54.0,165.0,177.0,195.0,78.0,119.0,140.0,137.0,174.0,119.0,209.0,97.0,59.0,112.0,123.0,141.0,47.0,81.0,98.0,88.0,132.0,94.0,173.0,44.0,9.0,26.0,45.0,120.0,109.0,102.0,45.0,78.0,114.0,122.0,68.0,106.0,20.0,122.0,102.0,89.0,70.0,104.0,139.0,146.0,83.0,119.0,136.0,111.0,95.0,90.0,119.0,159.0,159.0,102.0,138.0,41.0,63.0,114.0,163.0,138.0,208.0,69.0,54.0,23.0,119.0,170.0,161.0,216.0,82.0,85.0,120.0,169.0,170.0,216.0,90.0,101.0,51.0,69.0,97.0,46.0,80.0,70.0,46.0,95.0,123.0,93.0,80.0,85.0,139.0,164.0,38.0,175.0,164.0,111.0,88.0,162.0,152.0,131.0,98.0,45.0,19.0,56.0,18.0,89.0,116.0,156.0,146.0,83.0,101.0
R19,Warmblut,588.0,R19_18042026_2.JPG,88.0,84.0,122.0,178.0,182.0,224.0,202.0,153.0,176.0,189.0,249.0,271.0,278.0,129.0,74.0,104.0,33.0,167.0,189.0,67.0,80.0,91.0,94.0,136.0,118.0,123.0,148.0,167.0,167.0,194.0,206.0,76.0,63.0,16.0,77.0,94.0,105.0,40.0,141.0,140.0,174.0,139.0,71.0,95.0,111.0,180.0,194.0,199.0,49.0,10.0,73.0,53.0,93.0,126.0,127.0,123.0,150.0,108.0,43.0,68.0,88.0,145.0,156.0,160.0,13.0,49.0,77.0,92.0,59.0,97.0,10.0,51.0,64.0,162.0,182.0,203.0,108.0,146.0,164.0,115.0,142.0,76.0,167.0,89.0,59.0,44.0,54.0,157.0,176.0,197.0,98.0,136.0,154.0,111.0,142.0,79.0,169.0,82.0,50.0,49.0,177.0,191.0,211.0,69.0,110.0,131.0,137.0,177.0,120.0,209.0,97.0,55.0,130.0,143.0,162.0,50.0,83.0,100.0,95.0,144.0,103.0,181.0,51.0,13.0,25.0,45.0,154.0,154.0,152.0,51.0,81.0,120.0,121.0,79.0,121.0,21.0,160.0,153.0,148.0,74.0,105.0,145.0,144.0,95.0,136.0,176.0,166.0,158.0,95.0,121.0,165.0,157.0,116.0,156.0,41.0,61.0,132.0,187.0,152.0,226.0,87.0,62.0,21.0,145.0,203.0,180.0,244.0,104.0,93.0,150.0,208.0,192.0,251.0,113.0,109.0,58.0,71.0,100.0,46.0,84.0,70.0,43.0,100.0,131.0,91.0,82.0,90.0,141.0,168.0,42.0,182.0,164.0,111.0,85.0,160.0,151.0,130.0,96.0,43.0,18.0,61.0,20.0,88.0,121.0,158.0,151.0,82.0,102.0
R19,Warmblut,588.0,R19_18042026_3.JPG,85.0,70.0,109.0,172.0,178.0,221.0,195.0,137.0,160.0,173.0,242.0,262.0,270.0,117.0,66.0,101.0,24.0,155.0,183.0,66.0,79.0,88.0,94.0,138.0,120.0,122.0,148.0,166.0,170.0,198.0,210.0,77.0,67.0,18.0,84.0,95.0,108.0,39.0,135.0,136.0,172.0,137.0,70.0,95.0,110.0,180.0,195.0,201.0,48.0,5.0,71.0,51.0,89.0,125.0,122.0,119.0,149.0,107.0,43.0,69.0,87.0,145.0,158.0,163.0,13.0,44.0,75.0,90.0,55.0,97.0,13.0,55.0,66.0,158.0,178.0,197.0,110.0,149.0,167.0,111.0,139.0,71.0,169.0,89.0,60.0,45.0,53.0,153.0,171.0,191.0,97.0,136.0,154.0,108.0,140.0,77.0,173.0,81.0,48.0,49.0,175.0,188.0,206.0,69.0,110.0,131.0,136.0,177.0,120.0,214.0,99.0,55.0,128.0,140.0,158.0,50.0,84.0,102.0,94.0,142.0,102.0,184.0,53.0,12.0,26.0,44.0,154.0,155.0,154.0,49.0,73.0,118.0,114.0,75.0,120.0,20.0,158.0,153.0,148.0,73.0,98.0,143.0,137.0,91.0,134.0,173.0,164.0,157.0,92.0,113.0,162.0,149.0,110.0,152.0,41.0,62.0,133.0,185.0,152.0,229.0,90.0,62.0,21.0,147.0,201.0,181.0,246.0,108.0,94.0,153.0,206.0,194.0,252.0,117.0,110.0,53.0,70.0,99.0,43.0,84.0,74.0,46.0,95.0,131.0,98.0,81.0,90.0,139.0,172.0,45.0,162.0,164.0,110.0,85.0,161.0,149.0,131.0,96.0,43.0,17.0,62.0,21.0,87.0,112.0,156.0,139.0,82.0,101.0
R19,Warmblut,588.0,R19_18042026_4.JPG,99.0,86.0,125.0,187.0,195.0,236.0,211.0,153.0,174.0,186.0,259.0,280.0,289.0,133.0,79.0,113.0,33.0,171.0,196.0,66.0,78.0,88.0,96.0,138.0,120.0,121.0,147.0,166.0,170.0,198.0,212.0,77.0,66.0,15.0,87.0,95.0,105.0,39.0,137.0,138.0,173.0,138.0,70.0,94.0,110.0,181.0,196.0,204.0,48.0,7.0,71.0,56.0,90.0,123.0,122.0,119.0,148.0,107.0,44.0,69.0,88.0,146.0,159.0,165.0,11.0,46.0,75.0,95.0,55.0,93.0,16.0,55.0,67.0,158.0,178.0,198.0,111.0,150.0,169.0,113.0,141.0,75.0,174.0,90.0,61.0,42.0,52.0,152.0,170.0,190.0,95.0,134.0,153.0,109.0,143.0,82.0,179.0,81.0,47.0,50.0,173.0,188.0,207.0,69.0,111.0,132.0,138.0,178.0,123.0,218.0,99.0,57.0,126.0,139.0,157.0,50.0,84.0,103.0,96.0,144.0,105.0,189.0,53.0,15.0,25.0,45.0,153.0,154.0,155.0,48.0,76.0,118.0,120.0,74.0,116.0,20.0,159.0,153.0,150.0,72.0,100.0,143.0,142.0,90.0,131.0,174.0,164.0,159.0,92.0,115.0,163.0,154.0,110.0,150.0,42.0,63.0,135.0,187.0,156.0,235.0,91.0,65.0,22.0,149.0,203.0,185.0,253.0,108.0,96.0,156.0,211.0,199.0,260.0,119.0,113.0,55.0,72.0,104.0,44.0,82.0,72.0,49.0,97.0,129.0,99.0,83.0,91.0,145.0,174.0,42.0,171.0,164.0,110.0,86.0,163.0,148.0,132.0,97.0,43.0,18.0,63.0,21.0,87.0,114.0,158.0,142.0,82.0,102.0
R19,Warmblut,588.0,R19_18042026_5.JPG,94.0,98.0,136.0,184.0,182.0,228.0,202.0,170.0,195.0,208.0,239.0,249.0,256.0,138.0,87.0,112.0,36.0,176.0,194.0,68.0,79.0,91.0,88.0,134.0,111.0,120.0,146.0,164.0,152.0,171.0,183.0,77.0,63.0,17.0,81.0,95.0,104.0,40.0,138.0,131.0,168.0,126.0,72.0,98.0,112.0,153.0,155.0,159.0,43.0,12.0,72.0,65.0,89.0,119.0,120.0,110.0,139.0,93.0,42.0,68.0,85.0,114.0,114.0,120.0,5.0,51.0,73.0,104.0,51.0,86.0,11.0,49.0,63.0,149.0,166.0,186.0,106.0,142.0,161.0,115.0,140.0,75.0,171.0,89.0,60.0,48.0,53.0,139.0,156.0,175.0,97.0,133.0,151.0,106.0,133.0,71.0,167.0,78.0,49.0,52.0,157.0,168.0,186.0,77.0,119.0,139.0,134.0,172.0,117.0,211.0,94.0,55.0,106.0,116.0,134.0,45.0,79.0,98.0,88.0,133.0,94.0,179.0,43.0,8.0,26.0,44.0,110.0,95.0,94.0,44.0,84.0,114.0,136.0,63.0,102.0,20.0,110.0,86.0,79.0,69.0,109.0,139.0,160.0,78.0,114.0,124.0,95.0,84.0,87.0,123.0,158.0,173.0,97.0,133.0,42.0,62.0,110.0,162.0,136.0,212.0,64.0,52.0,21.0,112.0,165.0,157.0,218.0,76.0,84.0,118.0,170.0,170.0,224.0,89.0,102.0,53.0,71.0,106.0,47.0,82.0,70.0,53.0,97.0,126.0,96.0,81.0,86.0,148.0,171.0,39.0,188.0,164.0,107.0,85.0,161.0,151.0,131.0,98.0,44.0,18.0,57.0,18.0,87.0,117.0,157.0,154.0,82.0,102.0
R19,Warmblut,588.0,R19_18042026_6.JPG,92.0,96.0,133.0,184.0,181.0,226.0,201.0,169.0,194.0,208.0,238.0,248.0,256.0,137.0,85.0,109.0,35.0,174.0,193.0,66.0,76.0,93.0,89.0,135.0,113.0,119.0,144.0,164.0,153.0,172.0,184.0,77.0,62.0,17.0,81.0,94.0,104.0,40.0,138.0,130.0,167.0,126.0,72.0,98.0,114.0,154.0,156.0,161.0,45.0,12.0,70.0,64.0,89.0,119.0,119.0,109.0,138.0,92.0,42.0,68.0,88.0,115.0,116.0,122.0,6.0,50.0,71.0,103.0,52.0,87.0,12.0,48.0,64.0,148.0,165.0,186.0,105.0,141.0,161.0,115.0,141.0,78.0,173.0,88.0,58.0,46.0,53.0,137.0,153.0,174.0,95.0,130.0,150.0,104.0,133.0,73.0,169.0,76.0,46.0,52.0,155.0,165.0,184.0,76.0,117.0,138.0,133.0,172.0,118.0,212.0,92.0,53.0,104.0,114.0,132.0,44.0,77.0,97.0,86.0,134.0,96.0,180.0,42.0,9.0,26.0,45.0,110.0,96.0,95.0,43.0,84.0,112.0,136.0,64.0,102.0,21.0,110.0,86.0,80.0,68.0,110.0,137.0,160.0,78.0,114.0,124.0,95.0,85.0,88.0,125.0,157.0,174.0,98.0,134.0,41.0,62.0,110.0,163.0,137.0,214.0,65.0,53.0,21.0,112.0,167.0,158.0,220.0,78.0,85.0,118.0,172.0,171.0,226.0,91.0,104.0,55.0,70.0,108.0,46.0,81.0,69.0,53.0,98.0,126.0,96.0,80.0,87.0,148.0,172.0,39.0,189.0,164.0,108.0,88.0,161.0,150.0,130.0,96.0,45.0,20.0,57.0,19.0,88.0,118.0,157.0,154.0,84.0,104.0
R19,Warmblut,588.0,R19_18042026_7.JPG,89.0,97.0,133.0,180.0,171.0,230.0,202.0,166.0,195.0,208.0,243.0,256.0,261.0,136.0,87.0,106.0,36.0,174.0,191.0,66.0,78.0,93.0,82.0,141.0,116.0,117.0,146.0,164.0,161.0,181.0,192.0,77.0,60.0,17.0,77.0,96.0,105.0,38.0,138.0,122.0,172.0,126.0,69.0,98.0,113.0,159.0,163.0,166.0,43.0,10.0,69.0,63.0,89.0,117.0,122.0,104.0,146.0,94.0,39.0,68.0,87.0,122.0,125.0,129.0,6.0,47.0,72.0,101.0,53.0,86.0,17.0,54.0,70.0,148.0,167.0,187.0,113.0,151.0,170.0,117.0,138.0,78.0,169.0,91.0,63.0,59.0,58.0,131.0,151.0,170.0,104.0,139.0,157.0,99.0,123.0,66.0,157.0,74.0,50.0,59.0,160.0,172.0,190.0,82.0,126.0,147.0,140.0,175.0,125.0,215.0,99.0,62.0,102.0,112.0,130.0,47.0,82.0,100.0,88.0,131.0,99.0,179.0,42.0,11.0,30.0,47.0,115.0,104.0,102.0,40.0,80.0,110.0,132.0,62.0,98.0,20.0,113.0,91.0,83.0,69.0,109.0,138.0,160.0,77.0,112.0,126.0,99.0,87.0,88.0,123.0,158.0,173.0,97.0,130.0,44.0,65.0,117.0,166.0,145.0,217.0,71.0,58.0,22.0,121.0,172.0,167.0,226.0,85.0,90.0,126.0,176.0,179.0,230.0,96.0,108.0,51.0,70.0,105.0,48.0,81.0,66.0,54.0,95.0,122.0,91.0,83.0,88.0,147.0,168.0,37.0,183.0,164.0,105.0,86.0,170.0,157.0,142.0,100.0,47.0,19.0,61.0,20.0,88.0,114.0,158.0,149.0,86.0,107.0
R20,Warmblut,561.0,R20_18042026_1.JPG,111.0,95.0,136.0,200.0,202.0,246.0,219.0,164.0,186.0,200.0,261.0,273.0,276.0,141.0,89.0,130.0,37.0,182.0,208.0,69.0,75.0,89.0,91.0,135.0,116.0,117.0,143.0,164.0,163.0,185.0,195.0,77.0,68.0,20.0,96.0,92.0,104.0,42.0,140.0,136.0,175.0,135.0,70.0,95.0,112.0,172.0,179.0,181.0,47.0,6.0,74.0,62.0,92.0,126.0,119.0,111.0,144.0,99.0,42.0,68.0,89.0,131.0,137.0,140.0,6.0,48.0,69.0,103.0,52.0,91.0,15.0,51.0,67.0,150.0,170.0,191.0,110.0,146.0,164.0,116.0,143.0,72.0,184.0,87.0,57.0,44.0,52.0,140.0,158.0,179.0,96.0,131.0,149.0,107.0,139.0,73.0,184.0,75.0,42.0,56.0,165.0,179.0,198.0,79.0,119.0,139.0,140.0,179.0,116.0,226.0,98.0,55.0,112.0,124.0,142.0,48.0,80.0,96.0,93.0,140.0,97.0,193.0,47.0,13.0,26.0,47.0,131.0,124.0,121.0,41.0,76.0,110.0,128.0,67.0,110.0,22.0,133.0,118.0,110.0,67.0,101.0,135.0,150.0,83.0,124.0,147.0,127.0,116.0,88.0,117.0,157.0,163.0,104.0,144.0,40.0,61.0,125.0,177.0,143.0,232.0,80.0,61.0,21.0,132.0,185.0,166.0,241.0,94.0,92.0,135.0,187.0,177.0,243.0,103.0,108.0,53.0,69.0,109.0,47.0,86.0,75.0,56.0,97.0,131.0,112.0,75.0,84.0,152.0,183.0,43.0,173.0,164.0,109.0,89.0,163.0,148.0,137.0,96.0,47.0,21.0,58.0,19.0,87.0,112.0,154.0,140.0,86.0,106.0
R20,Warmblut,561.0,R20_18042026_2.JPG,104.0,85.0,125.0,193.0,191.0,243.0,208.0,154.0,179.0,192.0,260.0,276.0,278.0,131.0,79.0,118.0,34.0,171.0,199.0,70.0,75.0,89.0,87.0,139.0,111.0,116.0,143.0,163.0,168.0,194.0,203.0,74.0,67.0,16.0,92.0,89.0,102.0,40.0,146.0,137.0,184.0,138.0,70.0,97.0,113.0,182.0,193.0,193.0,47.0,7.0,74.0,54.0,93.0,129.0,126.0,114.0,156.0,103.0,41.0,68.0,89.0,142.0,152.0,153.0,8.0,46.0,70.0,94.0,55.0,96.0,17.0,55.0,65.0,156.0,175.0,196.0,120.0,159.0,177.0,120.0,146.0,76.0,180.0,92.0,62.0,52.0,49.0,141.0,160.0,181.0,106.0,144.0,161.0,108.0,138.0,73.0,176.0,77.0,45.0,59.0,175.0,187.0,206.0,87.0,131.0,152.0,148.0,186.0,124.0,226.0,107.0,63.0,117.0,128.0,147.0,60.0,95.0,112.0,95.0,141.0,95.0,186.0,50.0,9.0,27.0,47.0,139.0,137.0,132.0,42.0,77.0,110.0,121.0,68.0,111.0,21.0,139.0,128.0,119.0,68.0,103.0,136.0,145.0,83.0,124.0,152.0,135.0,123.0,89.0,120.0,157.0,158.0,104.0,144.0,44.0,66.0,135.0,186.0,153.0,234.0,89.0,68.0,23.0,145.0,198.0,179.0,246.0,107.0,101.0,147.0,199.0,189.0,247.0,114.0,117.0,53.0,68.0,101.0,47.0,88.0,72.0,48.0,97.0,132.0,104.0,76.0,86.0,145.0,177.0,44.0,163.0,164.0,107.0,89.0,174.0,158.0,152.0,110.0,48.0,21.0,64.0,21.0,89.0,113.0,156.0,134.0,90.0,112.0
R20,Warmblut,561.0,R20_18042026_4.JPG,107.0,87.0,127.0,194.0,195.0,244.0,211.0,153.0,176.0,190.0,254.0,265.0,270.0,140.0,78.0,128.0,38.0,172.0,202.0,70.0,78.0,88.0,88.0,137.0,110.0,120.0,146.0,169.0,158.0,179.0,190.0,74.0,65.0,23.0,89.0,86.0,101.0,41.0,145.0,140.0,184.0,139.0,69.0,95.0,114.0,175.0,181.0,184.0,56.0,10.0,79.0,50.0,93.0,131.0,130.0,121.0,159.0,109.0,42.0,68.0,91.0,138.0,141.0,143.0,19.0,49.0,75.0,91.0,58.0,102.0,16.0,55.0,62.0,164.0,185.0,208.0,110.0,146.0,164.0,113.0,144.0,69.0,175.0,89.0,58.0,49.0,47.0,153.0,173.0,196.0,95.0,131.0,149.0,103.0,140.0,67.0,174.0,76.0,43.0,55.0,185.0,199.0,221.0,79.0,120.0,141.0,140.0,185.0,116.0,221.0,105.0,59.0,131.0,144.0,166.0,51.0,84.0,102.0,89.0,143.0,87.0,183.0,52.0,9.0,27.0,49.0,146.0,137.0,133.0,52.0,79.0,116.0,115.0,80.0,125.0,24.0,151.0,134.0,126.0,76.0,105.0,141.0,138.0,97.0,140.0,169.0,148.0,137.0,99.0,124.0,165.0,153.0,120.0,163.0,41.0,62.0,120.0,180.0,136.0,222.0,82.0,59.0,22.0,125.0,188.0,159.0,230.0,95.0,90.0,130.0,192.0,171.0,234.0,104.0,107.0,62.0,66.0,105.0,39.0,82.0,76.0,43.0,98.0,134.0,107.0,69.0,79.0,140.0,174.0,46.0,178.0,164.0,113.0,88.0,164.0,149.0,136.0,102.0,47.0,20.0,59.0,20.0,90.0,123.0,153.0,145.0,88.0,106.0
R20,Warmblut,561.0,R20_18042026_5.JPG,110.0,61.0,98.0,201.0,200.0,240.0,199.0,111.0,131.0,143.0,229.0,232.0,233.0,112.0,56.0,127.0,24.0,154.0,190.0,67.0,79.0,94.0,97.0,140.0,114.0,120.0,147.0,169.0,156.0,176.0,187.0,76.0,72.0,23.0,103.0,91.0,104.0,40.0,146.0,143.0,181.0,138.0,69.0,95.0,114.0,168.0,173.0,177.0,52.0,6.0,76.0,44.0,93.0,129.0,132.0,125.0,158.0,108.0,41.0,68.0,90.0,132.0,134.0,137.0,16.0,44.0,76.0,76.0,59.0,100.0,16.0,52.0,64.0,166.0,187.0,209.0,105.0,141.0,159.0,118.0,152.0,74.0,188.0,91.0,59.0,43.0,48.0,157.0,177.0,198.0,89.0,124.0,143.0,110.0,149.0,75.0,186.0,79.0,44.0,55.0,184.0,199.0,219.0,76.0,115.0,136.0,142.0,187.0,118.0,225.0,103.0,59.0,130.0,145.0,165.0,45.0,77.0,96.0,92.0,143.0,91.0,181.0,50.0,10.0,27.0,49.0,142.0,132.0,128.0,50.0,69.0,117.0,87.0,81.0,125.0,23.0,149.0,131.0,123.0,75.0,95.0,143.0,107.0,98.0,141.0,165.0,143.0,132.0,97.0,113.0,165.0,120.0,120.0,161.0,39.0,60.0,117.0,173.0,134.0,209.0,75.0,54.0,21.0,121.0,177.0,156.0,209.0,86.0,84.0,126.0,180.0,168.0,210.0,96.0,101.0,56.0,68.0,91.0,43.0,84.0,82.0,38.0,98.0,134.0,117.0,72.0,81.0,134.0,172.0,43.0,129.0,164.0,114.0,86.0,159.0,143.0,128.0,96.0,47.0,20.0,55.0,19.0,88.0,113.0,153.0,111.0,84.0,101.0
R20,Warmblut,561.0,R20_18042026_6.JPG,115.0,79.0,114.0,209.0,207.0,251.0,212.0,130.0,152.0,164.0,245.0,252.0,253.0,132.0,73.0,134.0,31.0,172.0,203.0,63.0,77.0,95.0,95.0,141.0,114.0,119.0,147.0,169.0,157.0,178.0,187.0,75.0,67.0,24.0,104.0,90.0,104.0,38.0,143.0,138.0,179.0,135.0,69.0,96.0,116.0,166.0,174.0,177.0,53.0,6.0,72.0,54.0,94.0,126.0,131.0,122.0,157.0,108.0,43.0,70.0,93.0,133.0,137.0,139.0,20.0,42.0,74.0,87.0,63.0,100.0,16.0,53.0,63.0,166.0,187.0,210.0,106.0,142.0,159.0,115.0,149.0,74.0,194.0,87.0,59.0,46.0,47.0,155.0,175.0,197.0,91.0,127.0,143.0,104.0,143.0,73.0,190.0,73.0,43.0,55.0,184.0,199.0,220.0,77.0,116.0,135.0,138.0,185.0,119.0,233.0,99.0,59.0,130.0,144.0,165.0,47.0,80.0,96.0,88.0,141.0,90.0,189.0,46.0,9.0,28.0,50.0,142.0,134.0,130.0,53.0,71.0,116.0,99.0,85.0,125.0,23.0,148.0,132.0,124.0,77.0,98.0,142.0,121.0,102.0,140.0,164.0,144.0,133.0,100.0,117.0,165.0,134.0,124.0,161.0,39.0,58.0,114.0,172.0,135.0,219.0,73.0,55.0,19.0,121.0,179.0,158.0,223.0,88.0,86.0,124.0,181.0,168.0,224.0,97.0,101.0,59.0,66.0,105.0,43.0,81.0,77.0,48.0,99.0,132.0,120.0,71.0,81.0,147.0,181.0,40.0,148.0,164.0,116.0,89.0,159.0,143.0,127.0,97.0,48.0,20.0,54.0,17.0,89.0,117.0,153.0,123.0,87.0,101.0
R22,G-Pony,470.0,R22_18042026_1.JPG,81.0,95.0,130.0,158.0,162.0,204.0,184.0,161.0,185.0,199.0,224.0,239.0,244.0,132.0,84.0,98.0,35.0,158.0,173.0,58.0,73.0,80.0,84.0,124.0,104.0,111.0,134.0,154.0,145.0,165.0,172.0,71.0,53.0,17.0,68.0,84.0,93.0,38.0,120.0,120.0,153.0,115.0,66.0,90.0,106.0,146.0,152.0,153.0,42.0,11.0,63.0,63.0,77.0,106.0,108.0,105.0,131.0,86.0,38.0,61.0,81.0,112.0,115.0,116.0,8.0,48.0,69.0,100.0,45.0,79.0,9.0,48.0,59.0,139.0,155.0,176.0,98.0,133.0,147.0,101.0,122.0,64.0,148.0,79.0,52.0,42.0,50.0,134.0,150.0,170.0,89.0,124.0,138.0,97.0,122.0,67.0,151.0,73.0,44.0,50.0,152.0,162.0,181.0,69.0,109.0,126.0,123.0,157.0,107.0,192.0,89.0,53.0,103.0,113.0,131.0,42.0,74.0,88.0,78.0,122.0,87.0,164.0,42.0,11.0,24.0,43.0,116.0,105.0,100.0,42.0,77.0,107.0,128.0,63.0,100.0,20.0,116.0,97.0,89.0,64.0,101.0,129.0,151.0,77.0,111.0,131.0,106.0,95.0,84.0,117.0,149.0,166.0,97.0,131.0,41.0,58.0,105.0,155.0,128.0,201.0,69.0,53.0,17.0,109.0,162.0,150.0,212.0,81.0,83.0,112.0,164.0,159.0,215.0,88.0,96.0,52.0,65.0,104.0,37.0,71.0,62.0,52.0,85.0,112.0,85.0,71.0,76.0,133.0,154.0,37.0,192.0,153.0,105.0,80.0,147.0,138.0,119.0,88.0,43.0,19.0,52.0,14.0,82.0,115.0,146.0,158.0,79.0,96.0
R22,G-Pony,470.0,R22_18042026_3.JPG,85.0,89.0,129.0,166.0,165.0,214.0,188.0,159.0,183.0,196.0,231.0,243.0,247.0,133.0,79.0,103.0,35.0,159.0,179.0,60.0,74.0,84.0,81.0,130.0,105.0,112.0,136.0,153.0,150.0,168.0,176.0,73.0,55.0,18.0,71.0,85.0,96.0,42.0,129.0,124.0,165.0,122.0,71.0,94.0,109.0,157.0,161.0,162.0,48.0,10.0,67.0,56.0,81.0,114.0,114.0,106.0,139.0,89.0,38.0,62.0,79.0,118.0,119.0,120.0,8.0,51.0,70.0,97.0,43.0,82.0,10.0,52.0,62.0,144.0,161.0,179.0,104.0,138.0,152.0,108.0,129.0,68.0,155.0,87.0,58.0,50.0,53.0,135.0,151.0,169.0,96.0,129.0,143.0,99.0,124.0,65.0,152.0,77.0,48.0,55.0,159.0,169.0,185.0,74.0,114.0,131.0,131.0,167.0,113.0,199.0,99.0,58.0,105.0,114.0,130.0,47.0,77.0,90.0,81.0,126.0,87.0,166.0,46.0,8.0,24.0,41.0,120.0,107.0,103.0,41.0,80.0,107.0,125.0,60.0,101.0,18.0,120.0,99.0,92.0,63.0,104.0,130.0,148.0,74.0,112.0,131.0,107.0,96.0,81.0,119.0,148.0,162.0,92.0,128.0,40.0,57.0,110.0,163.0,133.0,206.0,76.0,55.0,17.0,112.0,169.0,153.0,214.0,84.0,82.0,115.0,171.0,162.0,217.0,91.0,95.0,56.0,67.0,102.0,35.0,74.0,64.0,47.0,87.0,118.0,87.0,72.0,79.0,132.0,158.0,41.0,184.0,153.0,105.0,79.0,152.0,143.0,124.0,90.0,41.0,17.0,52.0,15.0,80.0,115.0,146.0,149.0,78.0,95.0
R22,G-Pony,470.0,R22_18042026_6.JPG,80.0,89.0,122.0,160.0,155.0,202.0,190.0,155.0,179.0,195.0,236.0,259.0,268.0,126.0,77.0,95.0,35.0,157.0,174.0,60.0,71.0,84.0,76.0,123.0,110.0,112.0,136.0,156.0,156.0,182.0,193.0,70.0,55.0,14.0,68.0,84.0,95.0,35.0,130.0,117.0,159.0,128.0,67.0,91.0,108.0,169.0,184.0,190.0,42.0,12.0,65.0,56.0,85.0,113.0,117.0,103.0,139.0,101.0,42.0,66.0,85.0,138.0,151.0,156.0,9.0,46.0,68.0,91.0,55.0,87.0,15.0,44.0,63.0,151.0,168.0,189.0,101.0,135.0,152.0,110.0,131.0,71.0,152.0,81.0,57.0,47.0,52.0,135.0,153.0,173.0,95.0,127.0,143.0,95.0,119.0,62.0,143.0,66.0,44.0,49.0,164.0,176.0,195.0,68.0,104.0,122.0,130.0,163.0,109.0,190.0,90.0,55.0,118.0,129.0,147.0,47.0,76.0,91.0,92.0,135.0,96.0,170.0,47.0,16.0,24.0,44.0,145.0,148.0,148.0,45.0,79.0,110.0,122.0,74.0,108.0,21.0,149.0,145.0,142.0,68.0,103.0,133.0,145.0,88.0,121.0,163.0,156.0,150.0,88.0,119.0,153.0,160.0,108.0,140.0,36.0,54.0,129.0,177.0,142.0,215.0,85.0,62.0,19.0,143.0,194.0,168.0,235.0,102.0,89.0,148.0,200.0,180.0,243.0,111.0,103.0,53.0,65.0,96.0,45.0,78.0,63.0,45.0,93.0,119.0,81.0,72.0,81.0,133.0,155.0,35.0,191.0,153.0,108.0,84.0,149.0,137.0,122.0,86.0,43.0,18.0,54.0,19.0,84.0,119.0,147.0,156.0,80.0,93.0
R22,G-Pony,470.0,R22_18042026_2.JPG,87.0,95.0,132.0,166.0,167.0,205.0,183.0,164.0,187.0,202.0,223.0,236.0,241.0,135.0,87.0,100.0,35.0,161.0,176.0,60.0,72.0,82.0,82.0,119.0,97.0,112.0,135.0,153.0,138.0,157.0,165.0,72.0,58.0,14.0,71.0,82.0,90.0,40.0,127.0,123.0,153.0,116.0,70.0,93.0,108.0,145.0,149.0,151.0,46.0,7.0,64.0,61.0,80.0,109.0,110.0,104.0,127.0,84.0,40.0,63.0,82.0,108.0,109.0,111.0,7.0,47.0,68.0,100.0,44.0,78.0,8.0,42.0,53.0,141.0,157.0,175.0,93.0,126.0,140.0,105.0,128.0,70.0,153.0,81.0,52.0,39.0,45.0,134.0,150.0,168.0,85.0,117.0,132.0,99.0,125.0,69.0,153.0,73.0,44.0,45.0,148.0,159.0,176.0,66.0,103.0,119.0,120.0,156.0,106.0,189.0,87.0,50.0,102.0,114.0,131.0,44.0,73.0,87.0,78.0,120.0,84.0,161.0,42.0,7.0,24.0,42.0,110.0,98.0,94.0,41.0,77.0,107.0,130.0,62.0,98.0,19.0,113.0,93.0,85.0,64.0,100.0,130.0,153.0,76.0,110.0,125.0,101.0,91.0,82.0,116.0,149.0,167.0,95.0,128.0,37.0,54.0,101.0,151.0,125.0,198.0,65.0,49.0,17.0,104.0,156.0,145.0,207.0,75.0,76.0,106.0,158.0,154.0,211.0,82.0,89.0,52.0,66.0,104.0,37.0,71.0,63.0,54.0,85.0,113.0,84.0,72.0,77.0,134.0,154.0,36.0,198.0,153.0,108.0,81.0,141.0,132.0,111.0,88.0,42.0,18.0,48.0,14.0,81.0,115.0,146.0,163.0,76.0,90.0
R22,G-Pony,470.0,R22_18042026_4.JPG,86.0,87.0,116.0,163.0,164.0,208.0,186.0,150.0,175.0,189.0,232.0,252.0,260.0,121.0,75.0,94.0,32.0,156.0,172.0,64.0,69.0,80.0,79.0,123.0,103.0,114.0,140.0,158.0,149.0,173.0,184.0,69.0,60.0,8.0,73.0,81.0,89.0,31.0,130.0,125.0,160.0,123.0,64.0,89.0,106.0,164.0,177.0,181.0,38.0,13.0,66.0,56.0,83.0,111.0,117.0,109.0,138.0,97.0,45.0,71.0,89.0,135.0,146.0,150.0,7.0,42.0,67.0,86.0,54.0,86.0,11.0,50.0,62.0,153.0,172.0,191.0,100.0,133.0,148.0,111.0,131.0,73.0,153.0,82.0,56.0,45.0,51.0,144.0,163.0,181.0,90.0,123.0,138.0,104.0,127.0,71.0,152.0,72.0,45.0,46.0,163.0,177.0,194.0,60.0,95.0,112.0,131.0,164.0,115.0,193.0,88.0,53.0,118.0,130.0,147.0,47.0,75.0,89.0,90.0,130.0,94.0,166.0,44.0,14.0,26.0,44.0,143.0,143.0,142.0,46.0,76.0,112.0,118.0,75.0,110.0,19.0,148.0,142.0,137.0,71.0,102.0,137.0,143.0,92.0,125.0,161.0,152.0,145.0,90.0,118.0,156.0,157.0,110.0,143.0,35.0,52.0,127.0,172.0,141.0,210.0,81.0,60.0,18.0,139.0,186.0,166.0,227.0,97.0,87.0,143.0,191.0,176.0,234.0,105.0,100.0,48.0,66.0,92.0,47.0,79.0,63.0,44.0,91.0,117.0,80.0,74.0,81.0,131.0,152.0,35.0,186.0,153.0,106.0,86.0,147.0,136.0,112.0,85.0,43.0,17.0,52.0,17.0,85.0,118.0,148.0,154.0,79.0,93.0
R22,G-Pony,470.0,R22_18042026_5.JPG,82.0,90.0,119.0,160.0,161.0,202.0,186.0,157.0,181.0,196.0,229.0,247.0,256.0,124.0,77.0,92.0,34.0,156.0,173.0,60.0,67.0,81.0,80.0,121.0,104.0,113.0,138.0,158.0,148.0,169.0,179.0,68.0,55.0,10.0,71.0,81.0,92.0,32.0,127.0,121.0,155.0,122.0,67.0,92.0,109.0,160.0,171.0,176.0,38.0,13.0,63.0,59.0,82.0,110.0,113.0,105.0,133.0,96.0,46.0,71.0,90.0,130.0,140.0,144.0,7.0,44.0,66.0,90.0,53.0,85.0,12.0,46.0,60.0,148.0,167.0,188.0,96.0,126.0,141.0,109.0,128.0,72.0,152.0,79.0,55.0,42.0,49.0,138.0,157.0,177.0,86.0,116.0,131.0,100.0,123.0,71.0,151.0,68.0,43.0,45.0,157.0,171.0,190.0,59.0,91.0,108.0,127.0,160.0,112.0,191.0,85.0,50.0,114.0,126.0,145.0,44.0,69.0,83.0,89.0,129.0,95.0,168.0,43.0,13.0,25.0,44.0,137.0,135.0,134.0,46.0,80.0,111.0,125.0,73.0,107.0,21.0,142.0,134.0,130.0,70.0,104.0,136.0,148.0,89.0,121.0,157.0,147.0,140.0,90.0,121.0,156.0,163.0,110.0,141.0,32.0,49.0,124.0,168.0,138.0,209.0,78.0,56.0,17.0,133.0,181.0,160.0,225.0,92.0,80.0,138.0,187.0,171.0,232.0,100.0,93.0,50.0,66.0,96.0,46.0,79.0,60.0,47.0,91.0,117.0,80.0,74.0,83.0,133.0,155.0,34.0,196.0,153.0,110.0,87.0,142.0,131.0,108.0,81.0,43.0,17.0,49.0,17.0,85.0,122.0,148.0,162.0,78.0,89.0
R23,Warmblut,564.0,R23_18042026_2.JPG,84.0,100.0,131.0,166.0,164.0,211.0,192.0,166.0,191.0,209.0,238.0,258.0,268.0,137.0,84.0,103.0,42.0,168.0,184.0,64.0,77.0,86.0,81.0,127.0,109.0,126.0,154.0,177.0,155.0,179.0,191.0,75.0,59.0,18.0,72.0,91.0,100.0,34.0,131.0,122.0,160.0,123.0,69.0,96.0,117.0,160.0,171.0,177.0,43.0,16.0,69.0,62.0,86.0,116.0,120.0,110.0,141.0,98.0,50.0,78.0,101.0,130.0,138.0,144.0,13.0,49.0,73.0,95.0,57.0,93.0,11.0,47.0,61.0,166.0,191.0,214.0,103.0,137.0,156.0,110.0,134.0,69.0,157.0,83.0,55.0,47.0,52.0,156.0,180.0,203.0,95.0,129.0,147.0,99.0,126.0,64.0,152.0,72.0,45.0,49.0,179.0,200.0,221.0,69.0,107.0,126.0,128.0,167.0,109.0,197.0,89.0,50.0,131.0,151.0,172.0,47.0,78.0,95.0,86.0,133.0,91.0,170.0,42.0,9.0,28.0,51.0,150.0,144.0,144.0,58.0,83.0,124.0,125.0,90.0,129.0,23.0,163.0,151.0,147.0,85.0,110.0,152.0,149.0,111.0,150.0,181.0,165.0,159.0,108.0,130.0,174.0,167.0,133.0,172.0,38.0,57.0,118.0,172.0,137.0,213.0,74.0,56.0,20.0,127.0,184.0,162.0,228.0,90.0,86.0,134.0,192.0,176.0,237.0,101.0,103.0,57.0,69.0,103.0,45.0,81.0,68.0,46.0,98.0,125.0,88.0,76.0,82.0,140.0,162.0,39.0,209.0,166.0,115.0,90.0,156.0,147.0,125.0,94.0,46.0,19.0,56.0,19.0,91.0,129.0,157.0,167.0,85.0,101.0
R23,Warmblut,564.0,R23_18042026_6.JPG,103.0,109.0,148.0,195.0,207.0,245.0,217.0,182.0,206.0,222.0,253.0,262.0,267.0,151.0,95.0,123.0,39.0,186.0,208.0,70.0,83.0,93.0,104.0,143.0,119.0,122.0,146.0,167.0,160.0,179.0,190.0,82.0,64.0,20.0,86.0,99.0,109.0,41.0,139.0,140.0,173.0,129.0,73.0,97.0,115.0,153.0,156.0,159.0,46.0,14.0,75.0,72.0,87.0,122.0,121.0,116.0,144.0,94.0,39.0,64.0,84.0,113.0,115.0,119.0,6.0,54.0,77.0,113.0,48.0,88.0,21.0,56.0,68.0,147.0,161.0,182.0,113.0,149.0,168.0,116.0,141.0,74.0,179.0,93.0,61.0,39.0,49.0,137.0,149.0,169.0,93.0,130.0,149.0,111.0,144.0,84.0,187.0,81.0,43.0,55.0,156.0,163.0,181.0,83.0,124.0,146.0,138.0,179.0,122.0,224.0,101.0,57.0,101.0,108.0,126.0,46.0,81.0,100.0,88.0,137.0,99.0,190.0,47.0,10.0,25.0,45.0,103.0,92.0,89.0,40.0,87.0,115.0,144.0,56.0,100.0,22.0,99.0,78.0,71.0,64.0,111.0,137.0,168.0,69.0,108.0,111.0,83.0,70.0,85.0,129.0,159.0,183.0,90.0,128.0,41.0,62.0,108.0,165.0,141.0,221.0,67.0,55.0,22.0,111.0,169.0,163.0,228.0,80.0,88.0,116.0,173.0,175.0,231.0,91.0,107.0,58.0,75.0,116.0,43.0,83.0,72.0,58.0,97.0,130.0,104.0,84.0,90.0,154.0,182.0,44.0,185.0,166.0,103.0,83.0,168.0,149.0,137.0,100.0,44.0,22.0,57.0,19.0,85.0,115.0,159.0,149.0,84.0,107.0
R23,Warmblut,564.0,R23_18042026_7.JPG,101.0,107.0,145.0,194.0,205.0,246.0,217.0,179.0,205.0,220.0,252.0,262.0,267.0,148.0,92.0,121.0,37.0,187.0,208.0,70.0,83.0,94.0,104.0,145.0,120.0,122.0,148.0,168.0,161.0,180.0,191.0,82.0,65.0,20.0,88.0,100.0,110.0,40.0,142.0,143.0,177.0,131.0,72.0,98.0,115.0,156.0,158.0,161.0,45.0,15.0,76.0,73.0,92.0,124.0,125.0,121.0,149.0,97.0,40.0,66.0,85.0,117.0,118.0,122.0,7.0,54.0,78.0,113.0,55.0,92.0,19.0,58.0,72.0,151.0,166.0,186.0,117.0,153.0,173.0,120.0,145.0,76.0,182.0,92.0,64.0,42.0,55.0,142.0,156.0,175.0,99.0,136.0,157.0,115.0,148.0,84.0,190.0,81.0,48.0,59.0,162.0,169.0,186.0,87.0,128.0,151.0,143.0,184.0,125.0,229.0,100.0,60.0,103.0,110.0,127.0,46.0,81.0,102.0,90.0,140.0,101.0,193.0,43.0,10.0,27.0,46.0,107.0,94.0,92.0,41.0,87.0,116.0,144.0,62.0,102.0,21.0,101.0,79.0,71.0,66.0,113.0,140.0,170.0,74.0,111.0,113.0,84.0,70.0,86.0,130.0,160.0,184.0,94.0,129.0,42.0,65.0,111.0,168.0,143.0,225.0,65.0,56.0,23.0,114.0,172.0,165.0,230.0,80.0,90.0,119.0,175.0,178.0,234.0,93.0,109.0,58.0,76.0,117.0,49.0,85.0,74.0,59.0,103.0,132.0,106.0,85.0,91.0,159.0,184.0,40.0,181.0,166.0,101.0,83.0,174.0,157.0,144.0,102.0,45.0,21.0,60.0,21.0,85.0,114.0,161.0,147.0,87.0,110.0
R23,Warmblut,564.0,R23_18042026_3.JPG,96.0,99.0,131.0,175.0,179.0,222.0,199.0,162.0,186.0,203.0,244.0,263.0,272.0,138.0,86.0,106.0,37.0,172.0,188.0,64.0,75.0,82.0,84.0,126.0,106.0,127.0,155.0,178.0,153.0,178.0,191.0,74.0,62.0,11.0,86.0,89.0,94.0,34.0,129.0,126.0,159.0,122.0,69.0,97.0,118.0,159.0,171.0,177.0,42.0,13.0,67.0,68.0,85.0,113.0,117.0,112.0,138.0,96.0,54.0,82.0,105.0,129.0,138.0,144.0,10.0,47.0,73.0,101.0,55.0,89.0,12.0,52.0,62.0,168.0,193.0,215.0,104.0,140.0,159.0,110.0,133.0,72.0,168.0,84.0,54.0,44.0,50.0,161.0,186.0,208.0,93.0,129.0,147.0,104.0,131.0,74.0,169.0,74.0,43.0,47.0,180.0,201.0,221.0,67.0,105.0,126.0,129.0,167.0,116.0,209.0,88.0,50.0,135.0,154.0,174.0,48.0,80.0,98.0,87.0,132.0,96.0,180.0,43.0,12.0,28.0,51.0,153.0,148.0,146.0,59.0,80.0,127.0,126.0,92.0,131.0,23.0,166.0,154.0,149.0,86.0,107.0,155.0,149.0,114.0,152.0,182.0,167.0,159.0,108.0,127.0,177.0,166.0,135.0,173.0,39.0,59.0,119.0,170.0,143.0,222.0,75.0,59.0,21.0,129.0,183.0,169.0,237.0,91.0,91.0,136.0,190.0,182.0,245.0,102.0,108.0,54.0,71.0,109.0,46.0,80.0,67.0,55.0,96.0,122.0,96.0,81.0,84.0,148.0,170.0,38.0,202.0,166.0,116.0,93.0,159.0,147.0,124.0,97.0,46.0,20.0,58.0,20.0,92.0,127.0,161.0,165.0,86.0,106.0
R26,G-Pony,398.0,R26_18042026_2.JPG,82.0,86.0,120.0,153.0,154.0,198.0,178.0,147.0,169.0,180.0,224.0,238.0,242.0,124.0,77.0,98.0,36.0,157.0,169.0,57.0,69.0,74.0,73.0,117.0,98.0,104.0,127.0,142.0,145.0,165.0,172.0,69.0,58.0,16.0,75.0,85.0,90.0,35.0,116.0,110.0,149.0,113.0,62.0,84.0,97.0,151.0,158.0,160.0,41.0,10.0,61.0,56.0,82.0,105.0,105.0,96.0,128.0,86.0,35.0,58.0,73.0,118.0,123.0,125.0,8.0,46.0,65.0,91.0,50.0,78.0,13.0,47.0,58.0,133.0,150.0,168.0,102.0,134.0,147.0,99.0,123.0,60.0,148.0,78.0,54.0,44.0,46.0,122.0,139.0,156.0,91.0,122.0,135.0,90.0,117.0,58.0,146.0,65.0,42.0,49.0,148.0,160.0,176.0,73.0,109.0,124.0,121.0,157.0,101.0,189.0,85.0,53.0,101.0,111.0,127.0,49.0,77.0,89.0,78.0,122.0,82.0,161.0,38.0,9.0,23.0,38.0,120.0,114.0,111.0,37.0,70.0,99.0,115.0,63.0,95.0,17.0,121.0,108.0,102.0,59.0,92.0,121.0,136.0,76.0,107.0,133.0,116.0,108.0,75.0,104.0,138.0,146.0,92.0,123.0,37.0,52.0,111.0,161.0,130.0,203.0,69.0,56.0,16.0,116.0,168.0,151.0,213.0,81.0,82.0,119.0,170.0,159.0,216.0,88.0,94.0,52.0,63.0,97.0,43.0,71.0,65.0,46.0,92.0,114.0,88.0,72.0,74.0,135.0,153.0,32.0,166.0,142.0,95.0,73.0,145.0,132.0,123.0,87.0,38.0,15.0,50.0,14.0,74.0,100.0,136.0,131.0,72.0,90.0
R26,G-Pony,398.0,R26_18042026_7.JPG,85.0,81.0,114.0,157.0,165.0,206.0,181.0,146.0,166.0,177.0,221.0,233.0,235.0,120.0,75.0,97.0,38.0,155.0,170.0,58.0,68.0,74.0,80.0,121.0,99.0,107.0,127.0,143.0,141.0,160.0,166.0,66.0,59.0,13.0,77.0,82.0,88.0,34.0,120.0,121.0,157.0,118.0,65.0,86.0,99.0,151.0,157.0,157.0,41.0,6.0,63.0,49.0,82.0,107.0,109.0,106.0,136.0,91.0,39.0,60.0,75.0,119.0,123.0,122.0,9.0,41.0,65.0,83.0,51.0,81.0,15.0,51.0,61.0,139.0,154.0,171.0,100.0,132.0,144.0,102.0,124.0,63.0,151.0,81.0,57.0,41.0,47.0,133.0,146.0,163.0,86.0,118.0,130.0,98.0,125.0,68.0,156.0,72.0,44.0,52.0,156.0,165.0,181.0,71.0,107.0,123.0,128.0,162.0,109.0,195.0,92.0,58.0,105.0,113.0,129.0,43.0,71.0,83.0,82.0,124.0,87.0,162.0,42.0,11.0,21.0,36.0,121.0,112.0,106.0,42.0,71.0,104.0,110.0,64.0,98.0,17.0,121.0,106.0,97.0,61.0,91.0,123.0,130.0,75.0,108.0,134.0,115.0,105.0,78.0,104.0,140.0,139.0,92.0,124.0,36.0,53.0,111.0,157.0,129.0,198.0,69.0,53.0,17.0,116.0,163.0,149.0,206.0,79.0,78.0,116.0,163.0,156.0,206.0,84.0,89.0,47.0,62.0,90.0,43.0,73.0,65.0,43.0,88.0,113.0,88.0,73.0,76.0,129.0,151.0,34.0,165.0,142.0,97.0,75.0,144.0,130.0,119.0,83.0,36.0,15.0,49.0,14.0,76.0,101.0,137.0,127.0,70.0,88.0
R26,G-Pony,398.0,R26_18042026_1.JPG,76.0,87.0,119.0,143.0,149.0,186.0,169.0,147.0,168.0,182.0,208.0,223.0,226.0,122.0,78.0,89.0,36.0,151.0,163.0,58.0,68.0,70.0,74.0,110.0,94.0,105.0,126.0,144.0,135.0,153.0,159.0,68.0,57.0,13.0,71.0,82.0,88.0,35.0,111.0,110.0,140.0,108.0,60.0,81.0,96.0,139.0,144.0,144.0,40.0,10.0,60.0,58.0,77.0,102.0,98.0,94.0,117.0,81.0,37.0,58.0,76.0,106.0,110.0,110.0,6.0,44.0,63.0,92.0,45.0,75.0,12.0,45.0,53.0,129.0,146.0,165.0,93.0,123.0,135.0,94.0,116.0,58.0,141.0,75.0,51.0,37.0,42.0,123.0,138.0,157.0,82.0,112.0,123.0,89.0,115.0,61.0,144.0,66.0,40.0,40.0,139.0,150.0,168.0,62.0,97.0,111.0,111.0,147.0,98.0,179.0,78.0,45.0,99.0,110.0,127.0,43.0,70.0,82.0,74.0,116.0,81.0,155.0,38.0,6.0,22.0,39.0,111.0,103.0,98.0,38.0,69.0,100.0,116.0,61.0,95.0,19.0,113.0,99.0,91.0,59.0,90.0,121.0,136.0,73.0,106.0,127.0,109.0,98.0,77.0,104.0,139.0,148.0,92.0,124.0,35.0,49.0,100.0,148.0,122.0,191.0,62.0,48.0,15.0,104.0,154.0,141.0,201.0,72.0,73.0,105.0,154.0,148.0,202.0,77.0,84.0,50.0,62.0,97.0,39.0,69.0,62.0,48.0,86.0,110.0,83.0,71.0,75.0,131.0,149.0,34.0,177.0,142.0,96.0,74.0,135.0,124.0,106.0,82.0,38.0,17.0,45.0,12.0,74.0,103.0,135.0,142.0,68.0,84.0
R26,G-Pony,398.0,R26_18042026_3.JPG,73.0,88.0,115.0,135.0,142.0,174.0,163.0,147.0,168.0,181.0,194.0,209.0,213.0,121.0,77.0,87.0,36.0,148.0,156.0,56.0,64.0,65.0,70.0,102.0,92.0,106.0,128.0,144.0,123.0,143.0,150.0,68.0,56.0,14.0,68.0,82.0,85.0,32.0,103.0,102.0,127.0,100.0,60.0,82.0,95.0,124.0,129.0,131.0,37.0,13.0,58.0,59.0,72.0,94.0,88.0,84.0,104.0,73.0,43.0,65.0,81.0,93.0,97.0,100.0,6.0,44.0,58.0,89.0,42.0,67.0,12.0,41.0,53.0,126.0,144.0,160.0,83.0,115.0,127.0,89.0,109.0,53.0,132.0,72.0,49.0,32.0,42.0,120.0,137.0,152.0,72.0,103.0,116.0,84.0,109.0,57.0,136.0,63.0,38.0,37.0,132.0,145.0,160.0,54.0,90.0,104.0,102.0,136.0,88.0,167.0,71.0,40.0,96.0,108.0,122.0,33.0,62.0,74.0,69.0,111.0,78.0,149.0,35.0,7.0,22.0,37.0,104.0,91.0,87.0,40.0,71.0,102.0,116.0,61.0,92.0,16.0,110.0,90.0,83.0,61.0,92.0,123.0,136.0,75.0,106.0,122.0,99.0,90.0,77.0,105.0,139.0,147.0,90.0,121.0,36.0,51.0,89.0,136.0,110.0,177.0,52.0,39.0,15.0,92.0,141.0,131.0,186.0,61.0,66.0,94.0,144.0,139.0,189.0,68.0,78.0,50.0,62.0,95.0,37.0,64.0,61.0,46.0,84.0,105.0,80.0,71.0,71.0,127.0,142.0,31.0,182.0,142.0,97.0,78.0,129.0,117.0,99.0,75.0,37.0,14.0,46.0,12.0,73.0,106.0,134.0,146.0,64.0,79.0
R26,G-Pony,398.0,R26_18042026_4.JPG,71.0,81.0,110.0,142.0,151.0,190.0,174.0,143.0,165.0,177.0,214.0,231.0,236.0,118.0,71.0,84.0,31.0,142.0,159.0,58.0,66.0,74.0,81.0,120.0,104.0,105.0,126.0,141.0,145.0,166.0,173.0,68.0,54.0,13.0,62.0,82.0,89.0,33.0,120.0,121.0,155.0,119.0,63.0,84.0,97.0,153.0,161.0,162.0,43.0,10.0,62.0,52.0,74.0,105.0,107.0,104.0,134.0,91.0,39.0,60.0,75.0,122.0,128.0,129.0,11.0,42.0,62.0,83.0,42.0,79.0,14.0,50.0,65.0,136.0,151.0,167.0,103.0,136.0,149.0,100.0,121.0,64.0,137.0,87.0,57.0,40.0,52.0,130.0,144.0,159.0,89.0,122.0,136.0,96.0,123.0,69.0,143.0,79.0,45.0,54.0,153.0,162.0,176.0,73.0,110.0,127.0,124.0,159.0,108.0,181.0,100.0,59.0,102.0,109.0,123.0,42.0,71.0,84.0,80.0,125.0,91.0,157.0,51.0,15.0,22.0,36.0,121.0,116.0,112.0,39.0,73.0,100.0,114.0,53.0,95.0,16.0,120.0,109.0,102.0,58.0,94.0,120.0,135.0,64.0,104.0,130.0,115.0,105.0,74.0,107.0,136.0,147.0,80.0,119.0,37.0,54.0,111.0,160.0,133.0,195.0,80.0,57.0,18.0,118.0,170.0,154.0,209.0,89.0,83.0,120.0,172.0,162.0,212.0,93.0,94.0,52.0,62.0,92.0,31.0,69.0,60.0,42.0,82.0,111.0,74.0,72.0,76.0,119.0,142.0,42.0,167.0,142.0,93.0,76.0,148.0,135.0,126.0,83.0,37.0,16.0,52.0,16.0,74.0,102.0,136.0,136.0,69.0,90.0
R28,Warmblut,576.0,R28_18042026_3.JPG,93.0,98.0,132.0,174.0,172.0,224.0,206.0,168.0,193.0,210.0,260.0,284.0,291.0,138.0,86.0,108.0,38.0,174.0,187.0,65.0,75.0,83.0,79.0,131.0,116.0,118.0,146.0,166.0,170.0,200.0,211.0,75.0,61.0,15.0,81.0,92.0,96.0,36.0,132.0,121.0,168.0,131.0,70.0,97.0,116.0,177.0,194.0,198.0,44.0,12.0,70.0,63.0,88.0,115.0,118.0,105.0,146.0,101.0,43.0,71.0,92.0,144.0,158.0,163.0,9.0,47.0,73.0,99.0,56.0,88.0,15.0,52.0,70.0,151.0,172.0,192.0,119.0,160.0,177.0,112.0,134.0,70.0,164.0,86.0,57.0,52.0,57.0,136.0,157.0,177.0,109.0,148.0,164.0,98.0,124.0,64.0,159.0,71.0,43.0,57.0,167.0,182.0,200.0,84.0,128.0,147.0,137.0,173.0,116.0,210.0,97.0,60.0,114.0,127.0,143.0,55.0,91.0,107.0,92.0,138.0,102.0,184.0,46.0,19.0,28.0,48.0,141.0,143.0,142.0,44.0,82.0,116.0,132.0,70.0,107.0,21.0,143.0,137.0,132.0,71.0,108.0,143.0,156.0,87.0,123.0,154.0,142.0,134.0,92.0,127.0,164.0,173.0,106.0,142.0,44.0,64.0,135.0,186.0,157.0,235.0,89.0,75.0,20.0,150.0,204.0,188.0,255.0,110.0,109.0,155.0,209.0,199.0,261.0,119.0,123.0,54.0,71.0,106.0,47.0,79.0,69.0,52.0,97.0,122.0,95.0,81.0,82.0,147.0,166.0,37.0,193.0,167.0,112.0,92.0,171.0,157.0,148.0,102.0,48.0,21.0,63.0,19.0,92.0,122.0,163.0,156.0,91.0,114.0
R28,Warmblut,576.0,R28_18042026_4.JPG,99.0,99.0,138.0,192.0,200.0,244.0,216.0,166.0,187.0,199.0,263.0,280.0,286.0,144.0,86.0,122.0,40.0,185.0,205.0,69.0,87.0,94.0,101.0,145.0,120.0,126.0,149.0,168.0,171.0,196.0,207.0,80.0,64.0,22.0,84.0,100.0,109.0,39.0,145.0,146.0,181.0,139.0,70.0,92.0,107.0,177.0,186.0,190.0,48.0,13.0,80.0,62.0,98.0,129.0,137.0,134.0,162.0,113.0,40.0,62.0,81.0,144.0,149.0,151.0,17.0,52.0,88.0,101.0,68.0,105.0,14.0,57.0,67.0,169.0,187.0,207.0,117.0,157.0,175.0,121.0,146.0,72.0,177.0,91.0,61.0,45.0,54.0,164.0,181.0,200.0,103.0,143.0,162.0,118.0,149.0,78.0,182.0,83.0,49.0,54.0,186.0,199.0,217.0,80.0,124.0,145.0,145.0,186.0,122.0,224.0,99.0,58.0,133.0,146.0,163.0,54.0,91.0,109.0,97.0,146.0,99.0,190.0,47.0,11.0,23.0,41.0,151.0,144.0,140.0,51.0,82.0,127.0,127.0,87.0,128.0,20.0,155.0,141.0,135.0,72.0,104.0,149.0,147.0,100.0,141.0,169.0,151.0,142.0,91.0,119.0,168.0,159.0,119.0,160.0,45.0,66.0,130.0,186.0,151.0,233.0,79.0,64.0,21.0,138.0,197.0,179.0,247.0,97.0,99.0,143.0,202.0,191.0,251.0,107.0,116.0,59.0,77.0,109.0,52.0,89.0,78.0,49.0,107.0,136.0,105.0,85.0,88.0,154.0,179.0,41.0,183.0,167.0,107.0,80.0,173.0,161.0,144.0,107.0,41.0,18.0,65.0,20.0,87.0,118.0,163.0,147.0,88.0,113.0
R28,Warmblut,576.0,R28_18042026_5.JPG,97.0,108.0,145.0,186.0,196.0,240.0,210.0,182.0,207.0,221.0,255.0,268.0,271.0,148.0,95.0,115.0,39.0,183.0,200.0,68.0,82.0,92.0,100.0,144.0,115.0,124.0,149.0,167.0,165.0,186.0,194.0,81.0,64.0,18.0,80.0,98.0,106.0,40.0,139.0,140.0,177.0,128.0,74.0,99.0,114.0,161.0,165.0,166.0,44.0,12.0,74.0,71.0,88.0,119.0,124.0,121.0,151.0,96.0,42.0,67.0,85.0,123.0,125.0,126.0,6.0,52.0,79.0,110.0,52.0,89.0,16.0,58.0,66.0,152.0,170.0,188.0,118.0,157.0,173.0,119.0,141.0,75.0,172.0,93.0,62.0,45.0,52.0,145.0,161.0,179.0,103.0,142.0,159.0,115.0,143.0,82.0,178.0,84.0,49.0,59.0,166.0,176.0,192.0,88.0,132.0,152.0,145.0,182.0,126.0,222.0,104.0,63.0,107.0,118.0,134.0,54.0,90.0,107.0,90.0,135.0,98.0,184.0,46.0,10.0,26.0,43.0,114.0,102.0,97.0,43.0,86.0,120.0,144.0,62.0,103.0,18.0,113.0,90.0,81.0,68.0,112.0,144.0,169.0,77.0,116.0,123.0,94.0,82.0,86.0,126.0,162.0,182.0,95.0,132.0,45.0,65.0,118.0,171.0,149.0,225.0,73.0,62.0,20.0,121.0,176.0,172.0,234.0,87.0,96.0,123.0,178.0,182.0,236.0,96.0,111.0,55.0,77.0,113.0,46.0,83.0,72.0,58.0,98.0,126.0,97.0,86.0,89.0,152.0,174.0,41.0,191.0,167.0,105.0,84.0,174.0,160.0,146.0,107.0,43.0,18.0,60.0,17.0,86.0,115.0,163.0,155.0,87.0,111.0
R28,Warmblut,576.0,R28_18042026_6.JPG,90.0,107.0,144.0,180.0,192.0,225.0,205.0,179.0,201.0,216.0,238.0,249.0,254.0,147.0,90.0,112.0,37.0,182.0,197.0,67.0,84.0,91.0,102.0,135.0,116.0,125.0,148.0,167.0,153.0,172.0,181.0,83.0,65.0,21.0,80.0,100.0,108.0,39.0,133.0,137.0,163.0,124.0,72.0,95.0,111.0,145.0,146.0,149.0,43.0,18.0,72.0,75.0,89.0,121.0,120.0,120.0,139.0,95.0,41.0,64.0,83.0,108.0,107.0,110.0,6.0,57.0,79.0,113.0,55.0,94.0,16.0,49.0,62.0,150.0,167.0,187.0,106.0,143.0,159.0,115.0,142.0,71.0,172.0,85.0,52.0,35.0,50.0,147.0,162.0,181.0,92.0,131.0,148.0,115.0,147.0,81.0,181.0,79.0,41.0,49.0,159.0,170.0,188.0,79.0,122.0,140.0,133.0,175.0,114.0,213.0,89.0,46.0,110.0,120.0,139.0,44.0,81.0,98.0,89.0,139.0,95.0,185.0,41.0,11.0,24.0,42.0,107.0,90.0,85.0,43.0,89.0,119.0,145.0,70.0,113.0,20.0,108.0,82.0,74.0,65.0,111.0,141.0,167.0,83.0,126.0,122.0,91.0,79.0,85.0,126.0,161.0,180.0,102.0,144.0,43.0,62.0,103.0,162.0,133.0,214.0,56.0,55.0,19.0,103.0,165.0,155.0,220.0,72.0,91.0,107.0,167.0,166.0,223.0,83.0,108.0,61.0,76.0,117.0,50.0,88.0,75.0,57.0,106.0,135.0,100.0,84.0,87.0,157.0,179.0,43.0,203.0,167.0,108.0,83.0,158.0,145.0,127.0,96.0,42.0,19.0,53.0,16.0,84.0,121.0,158.0,165.0,82.0,106.0
R33,Vollblut,409.0,R33_18042026_2.JPG,89.0,96.0,128.0,166.0,168.0,215.0,194.0,159.0,180.0,193.0,244.0,264.0,269.0,137.0,86.0,113.0,43.0,173.0,186.0,59.0,69.0,81.0,80.0,127.0,106.0,111.0,133.0,150.0,158.0,182.0,189.0,72.0,57.0,24.0,70.0,93.0,99.0,34.0,124.0,118.0,160.0,123.0,64.0,86.0,101.0,165.0,177.0,179.0,44.0,10.0,68.0,56.0,88.0,114.0,112.0,103.0,139.0,96.0,42.0,63.0,81.0,134.0,143.0,145.0,11.0,43.0,66.0,89.0,57.0,88.0,13.0,51.0,59.0,146.0,162.0,180.0,106.0,142.0,155.0,106.0,127.0,60.0,151.0,84.0,57.0,47.0,47.0,136.0,151.0,169.0,96.0,130.0,143.0,96.0,122.0,58.0,149.0,72.0,45.0,49.0,164.0,175.0,191.0,72.0,111.0,127.0,130.0,165.0,104.0,195.0,92.0,55.0,116.0,126.0,142.0,52.0,84.0,97.0,86.0,129.0,83.0,167.0,44.0,8.0,22.0,39.0,140.0,138.0,135.0,43.0,73.0,107.0,117.0,73.0,110.0,18.0,142.0,133.0,127.0,62.0,95.0,128.0,138.0,83.0,120.0,154.0,142.0,134.0,80.0,109.0,145.0,150.0,100.0,137.0,39.0,56.0,123.0,173.0,135.0,214.0,77.0,59.0,17.0,133.0,186.0,160.0,230.0,91.0,88.0,135.0,188.0,169.0,233.0,97.0,100.0,53.0,65.0,98.0,47.0,78.0,69.0,46.0,97.0,121.0,92.0,74.0,76.0,140.0,159.0,37.0,181.0,149.0,99.0,80.0,151.0,139.0,127.0,93.0,38.0,16.0,55.0,16.0,77.0,107.0,140.0,141.0,72.0,94.0
R33,Vollblut,409.0,R33_18042026_4.JPG,86.0,96.0,130.0,169.0,173.0,214.0,190.0,162.0,185.0,199.0,218.0,228.0,234.0,133.0,82.0,104.0,35.0,168.0,182.0,64.0,74.0,85.0,87.0,129.0,108.0,110.0,132.0,151.0,140.0,159.0,169.0,74.0,58.0,19.0,72.0,95.0,100.0,38.0,128.0,121.0,158.0,117.0,66.0,89.0,104.0,134.0,135.0,139.0,42.0,13.0,68.0,62.0,84.0,109.0,109.0,97.0,130.0,84.0,36.0,59.0,78.0,97.0,99.0,104.0,5.0,49.0,67.0,98.0,47.0,77.0,20.0,49.0,64.0,131.0,146.0,165.0,101.0,138.0,154.0,105.0,130.0,68.0,156.0,86.0,60.0,41.0,44.0,116.0,128.0,147.0,82.0,118.0,135.0,93.0,124.0,69.0,156.0,69.0,41.0,54.0,141.0,148.0,164.0,79.0,121.0,138.0,125.0,163.0,110.0,197.0,91.0,57.0,88.0,94.0,111.0,38.0,74.0,91.0,78.0,125.0,90.0,167.0,39.0,8.0,23.0,41.0,87.0,74.0,74.0,36.0,80.0,102.0,128.0,49.0,84.0,20.0,83.0,59.0,55.0,58.0,102.0,123.0,151.0,60.0,92.0,95.0,63.0,54.0,77.0,117.0,143.0,165.0,78.0,110.0,42.0,60.0,92.0,145.0,123.0,191.0,51.0,44.0,18.0,95.0,148.0,145.0,197.0,65.0,78.0,101.0,152.0,156.0,201.0,77.0,94.0,54.0,66.0,102.0,42.0,72.0,66.0,49.0,94.0,117.0,88.0,80.0,82.0,140.0,159.0,35.0,166.0,149.0,90.0,76.0,155.0,135.0,130.0,91.0,41.0,20.0,55.0,16.0,76.0,101.0,143.0,134.0,73.0,94.0
R33,Vollblut,409.0,R33_18042026_5.JPG,90.0,87.0,121.0,170.0,173.0,215.0,199.0,148.0,169.0,183.0,233.0,249.0,253.0,128.0,76.0,105.0,37.0,170.0,186.0,66.0,74.0,81.0,84.0,125.0,113.0,111.0,133.0,152.0,148.0,170.0,179.0,74.0,62.0,16.0,77.0,92.0,99.0,35.0,133.0,129.0,165.0,133.0,62.0,83.0,99.0,161.0,169.0,171.0,43.0,11.0,71.0,52.0,94.0,121.0,121.0,113.0,143.0,105.0,37.0,59.0,77.0,129.0,135.0,136.0,10.0,46.0,72.0,87.0,63.0,95.0,15.0,50.0,68.0,150.0,166.0,186.0,102.0,136.0,151.0,114.0,135.0,68.0,158.0,85.0,60.0,42.0,53.0,140.0,155.0,174.0,87.0,121.0,135.0,105.0,132.0,69.0,158.0,72.0,45.0,50.0,164.0,175.0,193.0,69.0,106.0,123.0,134.0,169.0,110.0,199.0,88.0,53.0,119.0,127.0,144.0,37.0,68.0,82.0,95.0,140.0,97.0,175.0,43.0,14.0,22.0,40.0,134.0,130.0,126.0,39.0,73.0,108.0,112.0,76.0,112.0,20.0,136.0,126.0,119.0,60.0,94.0,129.0,133.0,86.0,122.0,150.0,136.0,127.0,79.0,110.0,148.0,146.0,105.0,140.0,37.0,54.0,119.0,169.0,133.0,207.0,66.0,50.0,18.0,126.0,179.0,156.0,219.0,80.0,79.0,127.0,181.0,165.0,222.0,86.0,92.0,53.0,69.0,95.0,54.0,85.0,70.0,41.0,103.0,128.0,90.0,79.0,84.0,141.0,162.0,36.0,173.0,149.0,98.0,76.0,150.0,134.0,121.0,82.0,40.0,18.0,52.0,16.0,75.0,108.0,142.0,138.0,71.0,90.0
R33,Vollblut,409.0,R33_18042026_6.JPG,79.0,89.0,122.0,161.0,165.0,202.0,182.0,151.0,174.0,189.0,205.0,214.0,219.0,125.0,77.0,101.0,33.0,160.0,174.0,62.0,73.0,83.0,86.0,123.0,107.0,107.0,129.0,148.0,133.0,150.0,159.0,72.0,58.0,23.0,70.0,92.0,99.0,36.0,124.0,117.0,150.0,114.0,61.0,85.0,100.0,128.0,130.0,132.0,41.0,12.0,67.0,59.0,84.0,108.0,107.0,96.0,124.0,83.0,34.0,57.0,75.0,94.0,94.0,98.0,7.0,47.0,65.0,94.0,50.0,78.0,20.0,46.0,63.0,130.0,145.0,163.0,94.0,126.0,141.0,101.0,126.0,63.0,152.0,80.0,57.0,37.0,43.0,115.0,128.0,146.0,74.0,106.0,121.0,89.0,121.0,64.0,153.0,63.0,38.0,48.0,137.0,144.0,160.0,69.0,105.0,121.0,117.0,155.0,101.0,189.0,81.0,49.0,90.0,97.0,113.0,32.0,63.0,79.0,76.0,122.0,84.0,163.0,35.0,8.0,24.0,42.0,89.0,77.0,75.0,36.0,73.0,97.0,120.0,56.0,88.0,20.0,87.0,66.0,59.0,58.0,96.0,119.0,143.0,66.0,96.0,99.0,72.0,62.0,77.0,112.0,138.0,157.0,84.0,113.0,35.0,52.0,87.0,138.0,112.0,182.0,45.0,39.0,17.0,90.0,141.0,131.0,188.0,58.0,69.0,94.0,144.0,141.0,191.0,69.0,84.0,52.0,62.0,98.0,43.0,71.0,66.0,47.0,93.0,115.0,90.0,73.0,76.0,137.0,155.0,32.0,176.0,149.0,96.0,76.0,139.0,120.0,107.0,77.0,42.0,19.0,45.0,14.0,77.0,107.0,137.0,143.0,68.0,83.0
R33,Vollblut,409.0,R33_18042026_3.JPG,84.0,86.0,120.0,168.0,161.0,217.0,189.0,151.0,173.0,183.0,247.0,271.0,277.0,127.0,76.0,102.0,37.0,164.0,180.0,62.0,71.0,86.0,78.0,133.0,106.0,112.0,134.0,146.0,167.0,196.0,204.0,74.0,57.0,17.0,75.0,92.0,98.0,36.0,136.0,121.0,172.0,126.0,66.0,88.0,99.0,177.0,193.0,196.0,45.0,10.0,69.0,52.0,88.0,117.0,122.0,104.0,149.0,97.0,41.0,63.0,75.0,143.0,158.0,160.0,9.0,44.0,69.0,88.0,54.0,88.0,19.0,53.0,66.0,154.0,169.0,181.0,119.0,159.0,174.0,117.0,135.0,71.0,161.0,96.0,65.0,56.0,51.0,136.0,151.0,162.0,108.0,147.0,161.0,99.0,121.0,61.0,151.0,78.0,48.0,59.0,172.0,182.0,192.0,85.0,128.0,145.0,142.0,174.0,117.0,206.0,107.0,65.0,114.0,123.0,133.0,61.0,97.0,110.0,89.0,130.0,90.0,169.0,49.0,9.0,22.0,34.0,145.0,148.0,145.0,40.0,76.0,109.0,116.0,66.0,107.0,13.0,144.0,141.0,135.0,60.0,98.0,129.0,137.0,76.0,117.0,149.0,142.0,135.0,73.0,109.0,142.0,147.0,86.0,127.0,43.0,61.0,134.0,183.0,151.0,224.0,89.0,69.0,19.0,149.0,201.0,181.0,244.0,108.0,102.0,151.0,204.0,190.0,248.0,114.0,115.0,53.0,69.0,97.0,44.0,80.0,66.0,44.0,94.0,121.0,90.0,80.0,81.0,137.0,160.0,41.0,162.0,149.0,93.0,76.0,168.0,150.0,148.0,101.0,35.0,13.0,62.0,19.0,74.0,102.0,145.0,126.0,74.0,102.0
R35,Vollblut,490.0,R35_18042026_5.JPG,79.0,93.0,123.0,154.0,159.0,201.0,180.0,159.0,183.0,199.0,218.0,233.0,238.0,126.0,76.0,90.0,32.0,158.0,174.0,65.0,72.0,78.0,81.0,123.0,102.0,114.0,138.0,157.0,143.0,163.0,171.0,72.0,60.0,11.0,71.0,88.0,96.0,35.0,125.0,123.0,159.0,118.0,66.0,90.0,106.0,145.0,149.0,151.0,40.0,18.0,69.0,64.0,82.0,113.0,109.0,103.0,134.0,88.0,42.0,66.0,85.0,111.0,114.0,116.0,6.0,51.0,70.0,97.0,49.0,84.0,11.0,49.0,59.0,139.0,157.0,175.0,100.0,135.0,149.0,105.0,128.0,68.0,149.0,81.0,54.0,42.0,47.0,132.0,149.0,167.0,89.0,123.0,138.0,99.0,128.0,70.0,152.0,72.0,43.0,52.0,154.0,166.0,182.0,76.0,116.0,133.0,129.0,166.0,113.0,193.0,92.0,53.0,102.0,114.0,130.0,43.0,76.0,91.0,83.0,129.0,92.0,165.0,42.0,7.0,24.0,43.0,108.0,97.0,93.0,41.0,84.0,111.0,130.0,62.0,100.0,19.0,110.0,90.0,82.0,65.0,107.0,135.0,153.0,76.0,113.0,122.0,96.0,85.0,84.0,124.0,154.0,169.0,94.0,130.0,39.0,57.0,105.0,159.0,133.0,199.0,63.0,49.0,17.0,109.0,165.0,155.0,210.0,76.0,81.0,112.0,168.0,163.0,213.0,84.0,95.0,56.0,70.0,101.0,43.0,79.0,66.0,47.0,96.0,123.0,81.0,80.0,86.0,137.0,159.0,39.0,191.0,156.0,104.0,84.0,149.0,138.0,123.0,90.0,43.0,19.0,50.0,14.0,84.0,119.0,152.0,159.0,77.0,95.0
R01,Warmblut,526.0,R01_080226_4.JPG,106.0,101.0,137.0,188.0,180.0,238.0,209.0,166.0,191.0,203.0,253.0,267.0,272.0,145.0,89.0,124.0,42.0,182.0,194.0,69.0,79.0,83.0,74.0,133.0,110.0,122.0,149.0,170.0,156.0,181.0,190.0,79.0,69.0,19.0,89.0,94.0,95.0,38.0,135.0,121.0,171.0,125.0,68.0,95.0,111.0,162.0,170.0,172.0,47.0,11.0,74.0,61.0,91.0,112.0,119.0,105.0,146.0,93.0,43.0,70.0,91.0,127.0,132.0,135.0,11.0,49.0,74.0,99.0,57.0,82.0,15.0,55.0,69.0,155.0,176.0,199.0,109.0,148.0,164.0,112.0,140.0,67.0,171.0,86.0,61.0,59.0,59.0,140.0,162.0,185.0,103.0,140.0,155.0,97.0,126.0,56.0,160.0,73.0,50.0,60.0,171.0,185.0,207.0,77.0,120.0,139.0,136.0,178.0,115.0,217.0,95.0,65.0,112.0,126.0,148.0,47.0,81.0,96.0,83.0,134.0,91.0,179.0,38.0,15.0,27.0,48.0,132.0,122.0,119.0,46.0,78.0,117.0,125.0,76.0,106.0,23.0,136.0,117.0,110.0,71.0,104.0,143.0,149.0,92.0,122.0,155.0,132.0,122.0,94.0,120.0,165.0,161.0,115.0,145.0,44.0,62.0,116.0,172.0,138.0,220.0,72.0,62.0,19.0,123.0,181.0,164.0,231.0,88.0,92.0,127.0,184.0,175.0,234.0,97.0,106.0,58.0,71.0,108.0,46.0,72.0,76.0,50.0,101.0,121.0,104.0,78.0,77.0,149.0,165.0,31.0,190.0,167.0,111.0,89.0,164.0,153.0,134.0,95.0,47.0,19.0,59.0,17.0,88.0,119.0,158.0,151.0,86.0,104.0
R01,Warmblut,526.0,R01_080226_5.JPG,100.0,104.0,142.0,187.0,190.0,231.0,207.0,174.0,198.0,209.0,255.0,273.0,275.0,150.0,91.0,121.0,46.0,180.0,196.0,69.0,81.0,88.0,89.0,131.0,111.0,122.0,148.0,167.0,163.0,188.0,196.0,82.0,67.0,21.0,84.0,96.0,101.0,40.0,134.0,130.0,162.0,123.0,70.0,95.0,109.0,162.0,173.0,173.0,49.0,14.0,73.0,61.0,85.0,113.0,117.0,110.0,135.0,91.0,41.0,67.0,86.0,124.0,133.0,133.0,10.0,53.0,74.0,101.0,48.0,81.0,11.0,50.0,62.0,148.0,168.0,190.0,111.0,148.0,163.0,109.0,139.0,69.0,169.0,88.0,60.0,43.0,51.0,139.0,158.0,180.0,100.0,137.0,152.0,102.0,136.0,69.0,169.0,78.0,49.0,48.0,154.0,168.0,189.0,75.0,115.0,134.0,125.0,170.0,110.0,208.0,91.0,55.0,106.0,120.0,141.0,53.0,87.0,101.0,80.0,134.0,90.0,176.0,44.0,11.0,27.0,46.0,122.0,119.0,113.0,42.0,83.0,114.0,129.0,63.0,99.0,22.0,125.0,112.0,102.0,68.0,108.0,139.0,152.0,80.0,114.0,142.0,125.0,112.0,88.0,121.0,160.0,163.0,102.0,136.0,40.0,60.0,114.0,174.0,142.0,220.0,77.0,62.0,21.0,124.0,186.0,169.0,234.0,94.0,93.0,126.0,186.0,177.0,234.0,100.0,106.0,62.0,72.0,109.0,38.0,71.0,75.0,48.0,97.0,123.0,101.0,78.0,80.0,143.0,165.0,36.0,189.0,167.0,107.0,86.0,163.0,152.0,131.0,100.0,45.0,19.0,57.0,17.0,86.0,117.0,157.0,146.0,84.0,103.0
R01,Warmblut,526.0,R01_080226_6.JPG,98.0,90.0,129.0,187.0,189.0,231.0,202.0,161.0,185.0,197.0,252.0,268.0,271.0,138.0,80.0,116.0,34.0,172.0,192.0,69.0,79.0,89.0,92.0,134.0,111.0,121.0,148.0,167.0,166.0,191.0,200.0,81.0,66.0,19.0,90.0,95.0,102.0,40.0,139.0,136.0,170.0,128.0,72.0,98.0,112.0,170.0,181.0,182.0,50.0,10.0,74.0,61.0,89.0,118.0,121.0,116.0,142.0,95.0,42.0,69.0,88.0,132.0,141.0,143.0,11.0,50.0,74.0,101.0,52.0,85.0,11.0,51.0,63.0,151.0,172.0,193.0,114.0,151.0,168.0,114.0,141.0,72.0,177.0,90.0,62.0,44.0,52.0,144.0,164.0,185.0,103.0,140.0,158.0,108.0,140.0,73.0,178.0,82.0,52.0,51.0,160.0,174.0,194.0,77.0,118.0,138.0,132.0,175.0,115.0,217.0,96.0,58.0,109.0,124.0,144.0,56.0,90.0,106.0,85.0,135.0,92.0,182.0,46.0,10.0,28.0,47.0,128.0,125.0,120.0,42.0,82.0,114.0,129.0,65.0,102.0,21.0,131.0,118.0,109.0,68.0,108.0,141.0,153.0,82.0,117.0,146.0,129.0,117.0,88.0,122.0,161.0,164.0,103.0,138.0,41.0,62.0,121.0,178.0,147.0,229.0,81.0,64.0,22.0,131.0,190.0,174.0,241.0,97.0,95.0,134.0,192.0,184.0,243.0,105.0,110.0,59.0,73.0,110.0,41.0,75.0,74.0,51.0,97.0,124.0,106.0,80.0,83.0,148.0,172.0,37.0,175.0,167.0,108.0,88.0,167.0,156.0,137.0,104.0,46.0,19.0,60.0,19.0,87.0,116.0,159.0,143.0,86.0,106.0
R01,Warmblut,526.0,R01_080226_1.JPG,98.0,98.0,132.0,176.0,176.0,221.0,198.0,166.0,188.0,204.0,229.0,240.0,244.0,137.0,87.0,114.0,36.0,172.0,187.0,66.0,75.0,79.0,78.0,123.0,106.0,125.0,150.0,173.0,140.0,161.0,170.0,77.0,64.0,16.0,88.0,91.0,95.0,35.0,124.0,119.0,153.0,116.0,71.0,95.0,115.0,140.0,145.0,147.0,40.0,11.0,70.0,67.0,82.0,107.0,107.0,100.0,127.0,85.0,51.0,76.0,99.0,106.0,110.0,113.0,5.0,46.0,70.0,102.0,48.0,77.0,9.0,49.0,61.0,150.0,171.0,194.0,95.0,129.0,144.0,105.0,127.0,64.0,165.0,81.0,56.0,46.0,52.0,142.0,162.0,186.0,87.0,120.0,135.0,98.0,123.0,63.0,163.0,72.0,46.0,48.0,159.0,174.0,196.0,66.0,104.0,121.0,124.0,160.0,107.0,205.0,85.0,52.0,111.0,127.0,148.0,36.0,68.0,83.0,81.0,125.0,90.0,176.0,39.0,10.0,25.0,48.0,116.0,102.0,97.0,50.0,81.0,121.0,131.0,74.0,107.0,24.0,125.0,104.0,94.0,75.0,105.0,145.0,152.0,92.0,124.0,143.0,118.0,106.0,98.0,124.0,168.0,168.0,114.0,146.0,38.0,55.0,101.0,150.0,125.0,204.0,59.0,46.0,18.0,105.0,156.0,147.0,212.0,71.0,75.0,108.0,159.0,157.0,214.0,79.0,89.0,51.0,71.0,107.0,44.0,73.0,70.0,56.0,91.0,115.0,101.0,78.0,80.0,146.0,166.0,33.0,206.0,167.0,117.0,93.0,145.0,136.0,108.0,83.0,45.0,20.0,48.0,14.0,90.0,127.0,157.0,169.0,79.0,91.0
R01,Warmblut,526.0,R01_080226_2.JPG,102.0,91.0,126.0,179.0,180.0,224.0,196.0,158.0,178.0,192.0,228.0,238.0,242.0,131.0,80.0,115.0,35.0,169.0,187.0,67.0,75.0,77.0,78.0,123.0,105.0,126.0,151.0,172.0,141.0,163.0,173.0,77.0,65.0,14.0,94.0,90.0,95.0,35.0,123.0,119.0,155.0,117.0,72.0,95.0,114.0,142.0,147.0,151.0,41.0,11.0,70.0,62.0,83.0,108.0,107.0,100.0,128.0,86.0,52.0,76.0,98.0,108.0,112.0,116.0,6.0,46.0,71.0,97.0,50.0,79.0,11.0,51.0,61.0,150.0,171.0,193.0,96.0,131.0,147.0,104.0,127.0,65.0,168.0,79.0,55.0,46.0,51.0,142.0,162.0,184.0,86.0,121.0,136.0,97.0,124.0,65.0,167.0,69.0,45.0,48.0,159.0,175.0,195.0,65.0,105.0,122.0,124.0,161.0,110.0,208.0,84.0,51.0,111.0,127.0,147.0,38.0,70.0,86.0,81.0,125.0,92.0,175.0,38.0,10.0,24.0,46.0,118.0,103.0,99.0,51.0,83.0,123.0,124.0,76.0,108.0,22.0,127.0,105.0,97.0,75.0,105.0,147.0,143.0,94.0,125.0,143.0,117.0,107.0,97.0,124.0,169.0,158.0,115.0,146.0,40.0,57.0,102.0,152.0,129.0,203.0,59.0,47.0,18.0,106.0,159.0,152.0,209.0,73.0,77.0,111.0,162.0,163.0,212.0,83.0,92.0,52.0,73.0,103.0,44.0,74.0,70.0,51.0,93.0,117.0,104.0,80.0,82.0,144.0,166.0,33.0,190.0,167.0,116.0,93.0,148.0,137.0,111.0,86.0,44.0,19.0,51.0,15.0,90.0,126.0,159.0,155.0,81.0,93.0
R04,G-Pony,435.0,R04_080226_1.JPG,85.0,96.0,130.0,157.0,157.0,205.0,185.0,163.0,187.0,200.0,233.0,253.0,256.0,135.0,86.0,102.0,40.0,163.0,173.0,58.0,69.0,78.0,76.0,123.0,100.0,111.0,135.0,153.0,149.0,172.0,178.0,68.0,54.0,17.0,69.0,83.0,89.0,36.0,122.0,116.0,157.0,119.0,67.0,91.0,106.0,156.0,168.0,167.0,46.0,10.0,65.0,59.0,84.0,108.0,110.0,102.0,134.0,91.0,41.0,66.0,84.0,123.0,132.0,130.0,12.0,46.0,67.0,95.0,53.0,81.0,10.0,49.0,57.0,144.0,163.0,183.0,104.0,139.0,151.0,100.0,124.0,62.0,147.0,77.0,52.0,48.0,48.0,135.0,154.0,174.0,96.0,130.0,142.0,92.0,118.0,59.0,145.0,67.0,42.0,48.0,158.0,173.0,191.0,72.0,111.0,127.0,123.0,160.0,106.0,192.0,86.0,54.0,111.0,125.0,143.0,51.0,83.0,95.0,79.0,124.0,83.0,163.0,40.0,12.0,25.0,43.0,127.0,123.0,116.0,46.0,77.0,108.0,125.0,72.0,105.0,20.0,132.0,120.0,110.0,69.0,101.0,132.0,148.0,88.0,120.0,147.0,132.0,119.0,88.0,115.0,151.0,160.0,108.0,139.0,39.0,55.0,111.0,164.0,133.0,208.0,73.0,61.0,18.0,122.0,176.0,158.0,224.0,90.0,91.0,122.0,176.0,164.0,224.0,94.0,101.0,54.0,63.0,103.0,41.0,70.0,64.0,50.0,91.0,113.0,86.0,70.0,72.0,136.0,151.0,32.0,194.0,151.0,105.0,82.0,150.0,141.0,124.0,94.0,41.0,16.0,52.0,14.0,83.0,114.0,145.0,155.0,81.0,99.0
R04,G-Pony,435.0,R04_080226_2.JPG,81.0,88.0,121.0,161.0,158.0,211.0,186.0,151.0,173.0,185.0,236.0,255.0,259.0,128.0,75.0,99.0,33.0,159.0,172.0,64.0,73.0,83.0,78.0,130.0,106.0,109.0,134.0,150.0,159.0,183.0,190.0,70.0,55.0,18.0,68.0,86.0,93.0,36.0,131.0,123.0,167.0,126.0,63.0,86.0,99.0,166.0,177.0,177.0,47.0,14.0,71.0,56.0,88.0,114.0,117.0,107.0,143.0,97.0,36.0,60.0,77.0,132.0,140.0,141.0,14.0,47.0,71.0,91.0,56.0,87.0,12.0,53.0,61.0,145.0,164.0,182.0,111.0,148.0,163.0,105.0,129.0,66.0,151.0,81.0,55.0,52.0,51.0,134.0,152.0,171.0,103.0,139.0,153.0,94.0,122.0,61.0,146.0,69.0,44.0,51.0,162.0,175.0,192.0,77.0,118.0,135.0,129.0,168.0,112.0,197.0,91.0,58.0,111.0,123.0,140.0,54.0,88.0,101.0,83.0,130.0,89.0,166.0,42.0,14.0,24.0,41.0,133.0,130.0,126.0,43.0,76.0,107.0,118.0,71.0,104.0,18.0,135.0,124.0,117.0,65.0,100.0,130.0,141.0,85.0,118.0,149.0,134.0,124.0,83.0,112.0,147.0,152.0,103.0,136.0,41.0,59.0,119.0,174.0,142.0,213.0,79.0,67.0,19.0,130.0,186.0,168.0,229.0,97.0,98.0,132.0,188.0,176.0,231.0,104.0,110.0,56.0,65.0,99.0,42.0,72.0,66.0,44.0,95.0,117.0,85.0,72.0,75.0,134.0,152.0,34.0,172.0,151.0,96.0,77.0,160.0,149.0,136.0,99.0,41.0,16.0,59.0,17.0,81.0,109.0,146.0,140.0,84.0,105.0
R04,G-Pony,435.0,R04_080226_3.JPG,72.0,83.0,112.0,153.0,159.0,190.0,177.0,148.0,173.0,188.0,200.0,215.0,224.0,119.0,74.0,85.0,30.0,147.0,164.0,62.0,67.0,82.0,88.0,118.0,107.0,107.0,132.0,151.0,134.0,154.0,167.0,70.0,57.0,13.0,66.0,85.0,94.0,35.0,123.0,122.0,147.0,119.0,65.0,90.0,105.0,133.0,139.0,146.0,43.0,9.0,66.0,56.0,79.0,108.0,101.0,98.0,118.0,86.0,40.0,66.0,84.0,98.0,105.0,112.0,8.0,43.0,63.0,89.0,44.0,76.0,14.0,42.0,58.0,128.0,144.0,164.0,89.0,124.0,141.0,98.0,123.0,69.0,147.0,76.0,50.0,31.0,45.0,120.0,135.0,154.0,76.0,111.0,128.0,93.0,124.0,75.0,152.0,67.0,38.0,41.0,132.0,142.0,160.0,64.0,102.0,119.0,112.0,150.0,105.0,181.0,79.0,44.0,93.0,101.0,118.0,32.0,66.0,84.0,79.0,123.0,95.0,162.0,42.0,13.0,26.0,44.0,92.0,83.0,85.0,37.0,74.0,103.0,121.0,54.0,88.0,20.0,91.0,72.0,69.0,62.0,100.0,127.0,146.0,68.0,100.0,106.0,81.0,74.0,81.0,114.0,147.0,160.0,88.0,118.0,37.0,55.0,91.0,140.0,122.0,182.0,55.0,44.0,18.0,97.0,147.0,144.0,193.0,70.0,75.0,105.0,154.0,157.0,201.0,83.0,92.0,50.0,66.0,96.0,37.0,70.0,62.0,47.0,85.0,112.0,78.0,75.0,81.0,128.0,149.0,35.0,176.0,151.0,100.0,84.0,141.0,128.0,112.0,83.0,44.0,19.0,52.0,17.0,81.0,109.0,146.0,147.0,77.0,92.0
R06,Warmblut,573.0,R06_080226_1.JPG,115.0,117.0,155.0,202.0,204.0,254.0,226.0,189.0,212.0,227.0,270.0,282.0,287.0,160.0,106.0,135.0,44.0,195.0,213.0,71.0,80.0,89.0,90.0,139.0,114.0,123.0,147.0,168.0,161.0,182.0,192.0,78.0,68.0,20.0,95.0,94.0,101.0,41.0,140.0,136.0,177.0,131.0,72.0,96.0,114.0,166.0,170.0,173.0,47.0,11.0,78.0,76.0,90.0,121.0,121.0,114.0,148.0,96.0,43.0,67.0,88.0,127.0,129.0,132.0,8.0,51.0,75.0,116.0,52.0,88.0,10.0,54.0,66.0,152.0,168.0,190.0,109.0,145.0,163.0,113.0,143.0,71.0,184.0,87.0,56.0,50.0,56.0,144.0,160.0,182.0,100.0,136.0,153.0,107.0,140.0,70.0,184.0,78.0,46.0,58.0,167.0,177.0,197.0,78.0,120.0,140.0,139.0,182.0,119.0,231.0,100.0,60.0,109.0,119.0,138.0,48.0,80.0,97.0,87.0,138.0,95.0,196.0,44.0,14.0,24.0,45.0,124.0,112.0,110.0,45.0,84.0,117.0,147.0,68.0,107.0,23.0,125.0,105.0,98.0,68.0,107.0,140.0,169.0,82.0,119.0,139.0,113.0,103.0,90.0,124.0,162.0,184.0,103.0,140.0,42.0,62.0,119.0,175.0,142.0,237.0,76.0,62.0,20.0,123.0,180.0,165.0,244.0,88.0,92.0,127.0,184.0,176.0,249.0,98.0,108.0,58.0,72.0,122.0,44.0,80.0,78.0,65.0,99.0,128.0,114.0,78.0,81.0,161.0,184.0,40.0,204.0,168.0,109.0,88.0,163.0,153.0,133.0,97.0,45.0,21.0,57.0,18.0,90.0,119.0,160.0,163.0,87.0,107.0
R06,Warmblut,573.0,R06_080226_3.JPG,111.0,112.0,151.0,202.0,197.0,254.0,224.0,186.0,209.0,225.0,272.0,285.0,291.0,156.0,102.0,130.0,48.0,192.0,210.0,69.0,80.0,94.0,87.0,144.0,117.0,122.0,146.0,168.0,167.0,188.0,198.0,79.0,66.0,19.0,87.0,95.0,102.0,39.0,144.0,133.0,182.0,132.0,74.0,98.0,116.0,172.0,177.0,180.0,47.0,10.0,75.0,66.0,90.0,121.0,129.0,117.0,157.0,100.0,42.0,66.0,88.0,135.0,138.0,141.0,10.0,49.0,77.0,105.0,56.0,92.0,12.0,55.0,72.0,156.0,173.0,194.0,116.0,153.0,170.0,120.0,147.0,76.0,180.0,93.0,60.0,58.0,63.0,144.0,160.0,182.0,109.0,144.0,161.0,108.0,137.0,68.0,172.0,81.0,50.0,66.0,173.0,183.0,202.0,86.0,128.0,148.0,148.0,187.0,125.0,228.0,107.0,67.0,109.0,117.0,137.0,51.0,82.0,98.0,90.0,139.0,99.0,189.0,45.0,16.0,25.0,46.0,129.0,119.0,116.0,44.0,84.0,117.0,138.0,67.0,107.0,23.0,127.0,109.0,103.0,68.0,108.0,140.0,161.0,80.0,119.0,141.0,117.0,106.0,90.0,125.0,163.0,177.0,102.0,139.0,43.0,62.0,126.0,180.0,149.0,233.0,82.0,67.0,20.0,131.0,187.0,172.0,242.0,94.0,97.0,135.0,190.0,183.0,246.0,103.0,112.0,56.0,73.0,112.0,46.0,82.0,75.0,56.0,99.0,128.0,104.0,80.0,83.0,152.0,175.0,40.0,199.0,168.0,111.0,88.0,170.0,160.0,143.0,98.0,46.0,22.0,59.0,18.0,89.0,118.0,162.0,156.0,88.0,110.0
R06,Warmblut,573.0,R06_080226_2.JPG,92.0,108.0,138.0,176.0,182.0,220.0,200.0,177.0,201.0,218.0,239.0,253.0,260.0,145.0,95.0,106.0,35.0,177.0,191.0,72.0,76.0,86.0,90.0,129.0,110.0,124.0,147.0,169.0,152.0,172.0,182.0,81.0,71.0,14.0,84.0,95.0,101.0,38.0,133.0,132.0,163.0,124.0,70.0,93.0,111.0,152.0,156.0,158.0,44.0,14.0,75.0,78.0,88.0,117.0,109.0,106.0,131.0,89.0,48.0,71.0,93.0,114.0,118.0,122.0,6.0,51.0,71.0,112.0,50.0,83.0,10.0,47.0,58.0,145.0,160.0,183.0,99.0,133.0,149.0,109.0,139.0,73.0,169.0,81.0,52.0,39.0,48.0,140.0,154.0,176.0,89.0,123.0,139.0,105.0,139.0,77.0,173.0,74.0,42.0,48.0,155.0,164.0,184.0,71.0,109.0,128.0,129.0,171.0,115.0,211.0,88.0,50.0,108.0,116.0,137.0,44.0,75.0,91.0,86.0,135.0,97.0,184.0,41.0,10.0,24.0,45.0,115.0,103.0,100.0,44.0,83.0,119.0,147.0,68.0,106.0,23.0,115.0,95.0,88.0,66.0,106.0,141.0,170.0,80.0,116.0,130.0,105.0,94.0,88.0,123.0,163.0,186.0,102.0,137.0,38.0,57.0,109.0,164.0,138.0,220.0,65.0,53.0,19.0,112.0,169.0,160.0,229.0,77.0,82.0,116.0,172.0,171.0,234.0,87.0,98.0,57.0,75.0,118.0,46.0,80.0,75.0,64.0,100.0,127.0,96.0,83.0,87.0,155.0,175.0,38.0,211.0,168.0,110.0,92.0,150.0,139.0,119.0,91.0,45.0,21.0,51.0,16.0,87.0,120.0,160.0,176.0,81.0,99.0
R06,Warmblut,573.0,R06_080226_5.JPG,101.0,105.0,138.0,180.0,191.0,216.0,201.0,176.0,201.0,218.0,230.0,242.0,250.0,144.0,94.0,110.0,43.0,176.0,191.0,69.0,74.0,81.0,91.0,115.0,103.0,123.0,150.0,172.0,135.0,156.0,167.0,74.0,63.0,10.0,82.0,86.0,93.0,37.0,131.0,133.0,153.0,121.0,71.0,97.0,116.0,141.0,143.0,148.0,44.0,12.0,72.0,65.0,86.0,114.0,111.0,108.0,126.0,88.0,49.0,76.0,99.0,105.0,107.0,113.0,8.0,46.0,72.0,100.0,52.0,83.0,17.0,39.0,59.0,150.0,171.0,193.0,91.0,126.0,143.0,105.0,131.0,72.0,163.0,77.0,50.0,25.0,43.0,143.0,162.0,184.0,74.0,111.0,128.0,102.0,134.0,81.0,171.0,68.0,37.0,45.0,154.0,170.0,191.0,66.0,105.0,123.0,118.0,156.0,106.0,195.0,79.0,44.0,110.0,126.0,146.0,34.0,68.0,84.0,81.0,126.0,95.0,173.0,37.0,11.0,27.0,49.0,112.0,96.0,94.0,50.0,82.0,121.0,134.0,75.0,110.0,23.0,120.0,95.0,88.0,77.0,109.0,148.0,159.0,94.0,127.0,137.0,108.0,98.0,99.0,128.0,170.0,175.0,116.0,148.0,39.0,56.0,97.0,148.0,126.0,198.0,55.0,45.0,17.0,100.0,153.0,148.0,206.0,69.0,77.0,106.0,158.0,160.0,212.0,81.0,93.0,53.0,71.0,106.0,44.0,76.0,68.0,54.0,93.0,118.0,91.0,79.0,84.0,143.0,164.0,35.0,224.0,168.0,120.0,96.0,143.0,125.0,110.0,84.0,48.0,20.0,49.0,15.0,93.0,132.0,163.0,180.0,83.0,94.0
R07,Vollblut,487.0,R07_080226_2.JPG,80.0,83.0,123.0,158.0,151.0,204.0,177.0,154.0,175.0,187.0,223.0,241.0,247.0,128.0,75.0,97.0,39.0,152.0,169.0,57.0,73.0,81.0,72.0,124.0,98.0,111.0,133.0,150.0,145.0,168.0,177.0,71.0,53.0,17.0,63.0,82.0,90.0,41.0,127.0,115.0,158.0,117.0,71.0,93.0,106.0,154.0,165.0,168.0,49.0,9.0,66.0,45.0,80.0,109.0,118.0,104.0,136.0,89.0,38.0,60.0,76.0,119.0,125.0,127.0,12.0,49.0,72.0,86.0,46.0,81.0,14.0,51.0,61.0,148.0,165.0,182.0,104.0,140.0,156.0,107.0,127.0,65.0,145.0,88.0,60.0,54.0,52.0,134.0,151.0,169.0,98.0,132.0,147.0,94.0,115.0,55.0,135.0,75.0,49.0,51.0,157.0,168.0,184.0,69.0,108.0,127.0,124.0,160.0,107.0,185.0,94.0,56.0,106.0,117.0,134.0,49.0,80.0,95.0,76.0,121.0,82.0,151.0,44.0,8.0,22.0,38.0,122.0,116.0,112.0,43.0,80.0,110.0,115.0,63.0,100.0,17.0,124.0,112.0,104.0,64.0,102.0,131.0,137.0,78.0,113.0,137.0,121.0,111.0,81.0,115.0,148.0,148.0,95.0,129.0,38.0,58.0,107.0,160.0,130.0,193.0,74.0,56.0,20.0,116.0,172.0,155.0,208.0,88.0,85.0,119.0,175.0,165.0,212.0,96.0,99.0,57.0,68.0,93.0,34.0,69.0,64.0,37.0,86.0,113.0,79.0,71.0,75.0,120.0,142.0,38.0,177.0,149.0,104.0,76.0,155.0,145.0,124.0,94.0,38.0,16.0,56.0,18.0,78.0,112.0,145.0,140.0,78.0,96.0
R07,Vollblut,487.0,R07_080226_5.JPG,77.0,87.0,112.0,153.0,151.0,198.0,176.0,142.0,166.0,180.0,212.0,228.0,236.0,118.0,72.0,88.0,32.0,145.0,165.0,64.0,71.0,79.0,75.0,122.0,101.0,115.0,140.0,158.0,139.0,159.0,171.0,69.0,59.0,11.0,74.0,79.0,90.0,27.0,128.0,118.0,157.0,118.0,58.0,83.0,99.0,144.0,152.0,156.0,36.0,15.0,67.0,61.0,74.0,107.0,119.0,107.0,141.0,98.0,45.0,69.0,87.0,120.0,125.0,129.0,12.0,41.0,71.0,88.0,51.0,88.0,15.0,49.0,62.0,160.0,180.0,198.0,99.0,131.0,149.0,109.0,130.0,69.0,154.0,85.0,58.0,47.0,48.0,147.0,166.0,184.0,87.0,117.0,135.0,97.0,121.0,64.0,149.0,71.0,44.0,50.0,175.0,191.0,207.0,70.0,103.0,123.0,130.0,163.0,110.0,194.0,95.0,56.0,127.0,142.0,158.0,40.0,69.0,87.0,86.0,127.0,90.0,166.0,48.0,12.0,25.0,42.0,138.0,132.0,128.0,52.0,71.0,115.0,113.0,80.0,119.0,18.0,146.0,134.0,127.0,74.0,96.0,140.0,135.0,97.0,135.0,159.0,144.0,135.0,93.0,111.0,157.0,149.0,114.0,151.0,34.0,54.0,109.0,156.0,128.0,198.0,70.0,50.0,20.0,115.0,165.0,150.0,210.0,82.0,76.0,120.0,170.0,162.0,216.0,92.0,92.0,50.0,66.0,95.0,39.0,76.0,65.0,46.0,85.0,116.0,85.0,71.0,79.0,128.0,154.0,39.0,179.0,149.0,98.0,80.0,149.0,135.0,118.0,87.0,40.0,15.0,52.0,19.0,81.0,111.0,145.0,147.0,77.0,91.0
R07,Vollblut,487.0,R07_080226_3.JPG,83.0,90.0,123.0,159.0,170.0,198.0,185.0,158.0,177.0,189.0,217.0,233.0,239.0,131.0,76.0,93.0,37.0,155.0,173.0,62.0,72.0,79.0,88.0,115.0,103.0,114.0,134.0,151.0,138.0,159.0,168.0,73.0,57.0,10.0,73.0,82.0,92.0,36.0,125.0,127.0,149.0,119.0,68.0,88.0,101.0,145.0,152.0,155.0,47.0,14.0,65.0,57.0,77.0,109.0,112.0,108.0,126.0,91.0,42.0,62.0,79.0,111.0,116.0,119.0,12.0,49.0,70.0,92.0,45.0,82.0,19.0,45.0,63.0,145.0,160.0,178.0,96.0,128.0,145.0,104.0,127.0,69.0,152.0,84.0,57.0,29.0,46.0,137.0,150.0,168.0,78.0,111.0,127.0,99.0,130.0,78.0,159.0,74.0,42.0,43.0,148.0,159.0,176.0,63.0,98.0,117.0,115.0,154.0,105.0,186.0,86.0,47.0,107.0,116.0,133.0,36.0,66.0,82.0,79.0,128.0,94.0,165.0,46.0,12.0,20.0,36.0,115.0,107.0,102.0,44.0,82.0,112.0,123.0,63.0,102.0,18.0,118.0,104.0,96.0,62.0,101.0,131.0,142.0,76.0,112.0,132.0,115.0,104.0,80.0,114.0,149.0,153.0,94.0,130.0,35.0,54.0,99.0,155.0,129.0,195.0,67.0,47.0,19.0,106.0,164.0,150.0,207.0,79.0,74.0,109.0,167.0,160.0,210.0,86.0,89.0,59.0,69.0,102.0,33.0,70.0,63.0,43.0,88.0,117.0,82.0,75.0,83.0,129.0,154.0,39.0,183.0,149.0,101.0,78.0,145.0,128.0,113.0,82.0,36.0,15.0,51.0,17.0,76.0,113.0,145.0,146.0,74.0,89.0
R07,Vollblut,487.0,R07_080226_4.JPG,84.0,88.0,121.0,157.0,155.0,194.0,184.0,153.0,174.0,190.0,207.0,221.0,230.0,125.0,79.0,95.0,38.0,153.0,170.0,56.0,70.0,76.0,72.0,110.0,101.0,117.0,141.0,161.0,126.0,146.0,158.0,69.0,57.0,11.0,69.0,79.0,87.0,34.0,118.0,109.0,143.0,115.0,69.0,92.0,111.0,133.0,140.0,146.0,40.0,9.0,60.0,52.0,76.0,103.0,110.0,99.0,126.0,91.0,48.0,71.0,91.0,104.0,108.0,112.0,8.0,43.0,68.0,86.0,48.0,80.0,14.0,40.0,62.0,155.0,175.0,194.0,87.0,118.0,136.0,104.0,123.0,65.0,145.0,79.0,55.0,38.0,50.0,142.0,162.0,181.0,76.0,106.0,123.0,92.0,115.0,61.0,140.0,65.0,41.0,46.0,163.0,180.0,198.0,62.0,95.0,114.0,118.0,149.0,99.0,177.0,83.0,49.0,121.0,136.0,153.0,27.0,56.0,74.0,83.0,123.0,90.0,159.0,43.0,14.0,24.0,43.0,125.0,116.0,112.0,52.0,75.0,116.0,114.0,80.0,114.0,20.0,136.0,121.0,113.0,74.0,98.0,139.0,135.0,98.0,131.0,151.0,132.0,123.0,94.0,116.0,159.0,152.0,117.0,149.0,33.0,52.0,97.0,141.0,115.0,180.0,57.0,39.0,19.0,101.0,149.0,136.0,191.0,68.0,66.0,107.0,155.0,149.0,198.0,79.0,83.0,49.0,66.0,91.0,40.0,73.0,62.0,43.0,84.0,111.0,79.0,70.0,76.0,124.0,146.0,34.0,193.0,149.0,110.0,81.0,137.0,125.0,107.0,74.0,40.0,17.0,49.0,17.0,80.0,117.0,143.0,154.0,74.0,84.0
R08,Vollblut,426.0,R08_080226_1.JPG,90.0,100.0,132.0,156.0,156.0,199.0,180.0,169.0,195.0,209.0,213.0,222.0,230.0,135.0,85.0,103.0,48.0,159.0,170.0,60.0,67.0,72.0,69.0,111.0,91.0,108.0,133.0,150.0,125.0,141.0,152.0,65.0,56.0,14.0,66.0,76.0,82.0,37.0,119.0,109.0,146.0,106.0,70.0,95.0,109.0,131.0,129.0,135.0,43.0,15.0,64.0,53.0,74.0,99.0,103.0,90.0,120.0,74.0,41.0,66.0,83.0,95.0,92.0,99.0,8.0,51.0,63.0,88.0,40.0,69.0,16.0,46.0,63.0,133.0,150.0,167.0,93.0,125.0,140.0,97.0,122.0,60.0,138.0,79.0,56.0,43.0,48.0,118.0,134.0,152.0,80.0,110.0,125.0,83.0,114.0,56.0,134.0,64.0,40.0,52.0,138.0,147.0,163.0,67.0,104.0,120.0,112.0,152.0,98.0,176.0,84.0,53.0,85.0,95.0,111.0,35.0,62.0,77.0,66.0,115.0,78.0,146.0,34.0,10.0,26.0,41.0,92.0,73.0,72.0,43.0,85.0,103.0,123.0,55.0,85.0,18.0,92.0,63.0,58.0,67.0,110.0,126.0,148.0,71.0,97.0,105.0,72.0,63.0,84.0,124.0,144.0,161.0,88.0,114.0,38.0,54.0,89.0,143.0,113.0,177.0,57.0,45.0,16.0,88.0,143.0,129.0,180.0,64.0,70.0,95.0,149.0,141.0,187.0,76.0,85.0,56.0,60.0,93.0,33.0,61.0,63.0,38.0,86.0,108.0,78.0,66.0,68.0,120.0,138.0,31.0,207.0,149.0,109.0,83.0,138.0,123.0,103.0,76.0,42.0,16.0,43.0,14.0,84.0,123.0,140.0,158.0,75.0,85.0
R08,Vollblut,426.0,R08_080226_2.JPG,87.0,97.0,127.0,160.0,152.0,203.0,176.0,164.0,190.0,204.0,217.0,224.0,232.0,132.0,81.0,103.0,45.0,157.0,169.0,58.0,65.0,77.0,67.0,117.0,90.0,107.0,132.0,149.0,133.0,146.0,158.0,65.0,52.0,16.0,65.0,77.0,83.0,34.0,122.0,107.0,150.0,103.0,67.0,93.0,108.0,136.0,133.0,139.0,41.0,16.0,63.0,53.0,73.0,97.0,107.0,89.0,125.0,73.0,42.0,68.0,85.0,103.0,99.0,106.0,8.0,48.0,61.0,85.0,41.0,68.0,17.0,47.0,63.0,136.0,153.0,171.0,99.0,130.0,147.0,101.0,123.0,63.0,142.0,82.0,59.0,51.0,50.0,119.0,136.0,154.0,89.0,117.0,133.0,84.0,109.0,51.0,130.0,65.0,44.0,57.0,142.0,152.0,168.0,72.0,110.0,127.0,118.0,155.0,101.0,180.0,89.0,58.0,85.0,96.0,112.0,43.0,68.0,84.0,65.0,112.0,75.0,144.0,33.0,8.0,27.0,43.0,97.0,78.0,78.0,42.0,83.0,102.0,120.0,55.0,85.0,18.0,96.0,67.0,62.0,67.0,109.0,126.0,146.0,71.0,97.0,108.0,75.0,66.0,84.0,124.0,143.0,159.0,88.0,114.0,39.0,56.0,95.0,147.0,118.0,182.0,63.0,51.0,17.0,93.0,147.0,134.0,184.0,69.0,74.0,100.0,153.0,146.0,191.0,81.0,90.0,54.0,60.0,91.0,34.0,61.0,61.0,38.0,85.0,105.0,79.0,66.0,67.0,120.0,137.0,30.0,195.0,149.0,105.0,85.0,145.0,133.0,113.0,83.0,43.0,17.0,46.0,15.0,84.0,120.0,141.0,151.0,77.0,90.0
R08,Vollblut,426.0,R08_080226_3.JPG,91.0,91.0,125.0,178.0,180.0,219.0,198.0,155.0,178.0,188.0,239.0,256.0,263.0,133.0,76.0,109.0,40.0,164.0,184.0,67.0,74.0,90.0,91.0,129.0,108.0,113.0,138.0,153.0,152.0,173.0,183.0,72.0,60.0,18.0,72.0,85.0,96.0,36.0,145.0,141.0,171.0,134.0,64.0,88.0,100.0,168.0,176.0,180.0,48.0,15.0,74.0,52.0,87.0,120.0,130.0,125.0,148.0,105.0,39.0,64.0,78.0,135.0,141.0,144.0,15.0,50.0,72.0,87.0,54.0,92.0,11.0,48.0,66.0,162.0,180.0,197.0,103.0,137.0,154.0,118.0,144.0,74.0,162.0,95.0,64.0,41.0,55.0,154.0,172.0,188.0,92.0,126.0,142.0,112.0,142.0,74.0,162.0,86.0,53.0,49.0,171.0,184.0,200.0,67.0,103.0,122.0,134.0,174.0,111.0,198.0,99.0,58.0,123.0,135.0,151.0,44.0,73.0,89.0,90.0,140.0,90.0,170.0,52.0,14.0,25.0,39.0,142.0,138.0,136.0,45.0,79.0,111.0,115.0,72.0,112.0,17.0,147.0,136.0,131.0,68.0,103.0,134.0,139.0,86.0,126.0,160.0,147.0,140.0,84.0,114.0,150.0,148.0,103.0,142.0,36.0,54.0,121.0,177.0,134.0,209.0,81.0,56.0,19.0,128.0,187.0,156.0,222.0,92.0,81.0,132.0,192.0,167.0,228.0,100.0,95.0,60.0,66.0,97.0,40.0,77.0,71.0,38.0,96.0,126.0,88.0,72.0,78.0,131.0,156.0,41.0,180.0,149.0,99.0,76.0,153.0,141.0,120.0,87.0,38.0,13.0,53.0,18.0,77.0,114.0,141.0,143.0,73.0,90.0
R08,Vollblut,426.0,R08_080226_4.JPG,87.0,92.0,124.0,166.0,173.0,202.0,197.0,158.0,181.0,193.0,224.0,240.0,249.0,132.0,79.0,96.0,40.0,163.0,177.0,63.0,68.0,83.0,88.0,117.0,111.0,113.0,137.0,154.0,139.0,159.0,171.0,71.0,58.0,9.0,72.0,84.0,92.0,36.0,132.0,131.0,156.0,131.0,67.0,90.0,104.0,153.0,161.0,167.0,45.0,13.0,66.0,55.0,86.0,114.0,115.0,110.0,130.0,99.0,45.0,69.0,86.0,119.0,125.0,131.0,9.0,48.0,66.0,89.0,52.0,84.0,15.0,40.0,67.0,151.0,171.0,189.0,92.0,124.0,141.0,110.0,134.0,74.0,155.0,84.0,57.0,29.0,52.0,144.0,162.0,180.0,77.0,109.0,125.0,104.0,134.0,79.0,159.0,74.0,44.0,48.0,158.0,174.0,191.0,63.0,97.0,115.0,124.0,160.0,107.0,187.0,86.0,51.0,118.0,130.0,147.0,28.0,57.0,73.0,91.0,139.0,102.0,173.0,48.0,19.0,25.0,42.0,129.0,122.0,122.0,44.0,80.0,111.0,120.0,72.0,108.0,18.0,136.0,124.0,120.0,68.0,103.0,135.0,142.0,89.0,123.0,152.0,136.0,130.0,86.0,116.0,153.0,153.0,107.0,141.0,34.0,52.0,110.0,162.0,130.0,199.0,67.0,47.0,18.0,116.0,171.0,151.0,211.0,78.0,72.0,122.0,178.0,163.0,219.0,87.0,87.0,56.0,68.0,98.0,43.0,76.0,64.0,42.0,95.0,120.0,81.0,77.0,83.0,134.0,154.0,35.0,192.0,149.0,105.0,83.0,142.0,127.0,113.0,74.0,39.0,15.0,50.0,17.0,78.0,117.0,145.0,152.0,72.0,86.0
R09,Vollblut,545.0,R09_080226_1.JPG,89.0,94.0,129.0,170.0,167.0,218.0,194.0,161.0,186.0,201.0,244.0,258.0,260.0,136.0,81.0,108.0,39.0,163.0,182.0,68.0,74.0,83.0,79.0,130.0,106.0,113.0,138.0,158.0,158.0,177.0,183.0,74.0,63.0,19.0,80.0,86.0,94.0,40.0,137.0,128.0,174.0,131.0,67.0,92.0,108.0,171.0,175.0,173.0,49.0,13.0,75.0,59.0,85.0,120.0,118.0,106.0,146.0,98.0,39.0,65.0,84.0,132.0,135.0,133.0,9.0,51.0,70.0,98.0,47.0,87.0,13.0,50.0,59.0,147.0,166.0,187.0,108.0,142.0,156.0,111.0,137.0,67.0,163.0,89.0,56.0,52.0,48.0,135.0,153.0,174.0,99.0,132.0,145.0,99.0,129.0,61.0,158.0,76.0,44.0,54.0,167.0,179.0,198.0,79.0,119.0,137.0,138.0,177.0,112.0,208.0,105.0,62.0,113.0,125.0,144.0,54.0,83.0,97.0,88.0,136.0,87.0,175.0,52.0,12.0,26.0,46.0,133.0,124.0,117.0,40.0,79.0,108.0,125.0,62.0,105.0,21.0,135.0,118.0,107.0,64.0,105.0,132.0,149.0,78.0,118.0,148.0,127.0,113.0,85.0,121.0,153.0,164.0,98.0,137.0,40.0,59.0,123.0,179.0,139.0,222.0,86.0,64.0,20.0,126.0,185.0,160.0,231.0,94.0,90.0,125.0,184.0,167.0,231.0,98.0,101.0,59.0,68.0,105.0,38.0,78.0,72.0,47.0,93.0,125.0,97.0,72.0,76.0,137.0,163.0,43.0,191.0,157.0,105.0,84.0,156.0,144.0,132.0,97.0,45.0,19.0,53.0,15.0,83.0,117.0,149.0,152.0,80.0,100.0
R09,Vollblut,545.0,R09_080226_2.JPG,103.0,97.0,134.0,185.0,179.0,237.0,213.0,163.0,187.0,198.0,261.0,278.0,283.0,141.0,87.0,121.0,45.0,174.0,195.0,69.0,71.0,83.0,77.0,134.0,114.0,112.0,138.0,156.0,165.0,191.0,200.0,75.0,67.0,18.0,86.0,88.0,96.0,40.0,137.0,125.0,177.0,135.0,66.0,91.0,104.0,176.0,186.0,188.0,47.0,10.0,75.0,56.0,86.0,118.0,113.0,100.0,145.0,97.0,42.0,67.0,85.0,136.0,146.0,149.0,7.0,49.0,66.0,95.0,47.0,82.0,15.0,54.0,68.0,145.0,164.0,184.0,116.0,155.0,172.0,113.0,140.0,67.0,169.0,89.0,60.0,57.0,58.0,131.0,150.0,169.0,108.0,145.0,161.0,99.0,128.0,59.0,160.0,74.0,47.0,59.0,166.0,179.0,197.0,85.0,129.0,149.0,142.0,181.0,116.0,216.0,106.0,66.0,110.0,120.0,138.0,52.0,87.0,103.0,92.0,142.0,96.0,183.0,52.0,18.0,26.0,44.0,134.0,131.0,128.0,37.0,77.0,107.0,120.0,60.0,100.0,20.0,135.0,123.0,116.0,62.0,101.0,132.0,143.0,76.0,114.0,148.0,132.0,122.0,81.0,114.0,151.0,153.0,95.0,133.0,44.0,65.0,129.0,184.0,148.0,228.0,90.0,69.0,22.0,139.0,195.0,175.0,241.0,106.0,101.0,142.0,198.0,185.0,243.0,113.0,115.0,57.0,70.0,102.0,40.0,78.0,75.0,46.0,94.0,125.0,101.0,74.0,79.0,139.0,166.0,40.0,168.0,157.0,98.0,86.0,168.0,154.0,150.0,101.0,44.0,18.0,65.0,20.0,82.0,105.0,151.0,128.0,84.0,108.0
R09,Vollblut,545.0,R09_080226_5.JPG,78.0,81.0,117.0,162.0,155.0,208.0,187.0,152.0,177.0,193.0,228.0,243.0,249.0,123.0,71.0,90.0,34.0,153.0,168.0,61.0,70.0,88.0,78.0,131.0,110.0,112.0,136.0,156.0,154.0,175.0,185.0,72.0,58.0,12.0,70.0,85.0,91.0,40.0,138.0,125.0,171.0,131.0,72.0,96.0,113.0,164.0,169.0,172.0,47.0,9.0,67.0,50.0,86.0,114.0,121.0,106.0,145.0,98.0,42.0,67.0,87.0,126.0,130.0,133.0,8.0,48.0,68.0,89.0,50.0,82.0,15.0,48.0,69.0,152.0,169.0,189.0,112.0,151.0,168.0,117.0,138.0,77.0,158.0,92.0,61.0,53.0,58.0,137.0,154.0,174.0,103.0,140.0,157.0,102.0,126.0,67.0,148.0,77.0,48.0,58.0,166.0,178.0,196.0,85.0,129.0,149.0,140.0,174.0,119.0,199.0,103.0,65.0,111.0,120.0,138.0,46.0,82.0,99.0,91.0,137.0,99.0,170.0,49.0,19.0,25.0,44.0,124.0,113.0,110.0,40.0,81.0,109.0,121.0,64.0,101.0,21.0,123.0,104.0,97.0,64.0,105.0,133.0,145.0,78.0,114.0,136.0,110.0,100.0,84.0,122.0,153.0,160.0,98.0,133.0,44.0,65.0,118.0,171.0,143.0,208.0,78.0,64.0,21.0,122.0,178.0,165.0,218.0,90.0,94.0,126.0,181.0,176.0,222.0,100.0,110.0,55.0,69.0,96.0,42.0,76.0,65.0,41.0,93.0,118.0,81.0,77.0,80.0,131.0,151.0,37.0,179.0,157.0,107.0,87.0,168.0,156.0,146.0,100.0,45.0,20.0,61.0,19.0,84.0,116.0,154.0,145.0,86.0,108.0
R10,G-Pony,450.0,R10_080226_2.JPG,95.0,96.0,128.0,171.0,168.0,213.0,192.0,159.0,181.0,193.0,224.0,237.0,245.0,132.0,83.0,113.0,36.0,163.0,181.0,60.0,68.0,77.0,74.0,118.0,102.0,106.0,129.0,146.0,138.0,159.0,172.0,68.0,56.0,18.0,78.0,84.0,90.0,34.0,118.0,111.0,146.0,112.0,63.0,87.0,100.0,136.0,143.0,149.0,39.0,13.0,66.0,62.0,74.0,101.0,101.0,92.0,120.0,82.0,38.0,62.0,79.0,102.0,109.0,117.0,5.0,46.0,64.0,95.0,41.0,72.0,9.0,46.0,58.0,127.0,143.0,161.0,97.0,131.0,150.0,97.0,121.0,60.0,154.0,79.0,53.0,46.0,51.0,118.0,134.0,152.0,90.0,123.0,142.0,89.0,115.0,56.0,150.0,70.0,45.0,45.0,134.0,144.0,160.0,68.0,106.0,126.0,116.0,152.0,100.0,192.0,85.0,50.0,90.0,99.0,116.0,40.0,73.0,92.0,77.0,120.0,84.0,166.0,43.0,11.0,24.0,40.0,95.0,89.0,90.0,38.0,76.0,100.0,124.0,50.0,84.0,18.0,94.0,78.0,74.0,61.0,100.0,123.0,146.0,64.0,96.0,107.0,85.0,77.0,78.0,113.0,141.0,157.0,82.0,113.0,38.0,58.0,97.0,147.0,122.0,195.0,62.0,49.0,20.0,105.0,155.0,145.0,205.0,76.0,79.0,113.0,162.0,159.0,211.0,88.0,97.0,50.0,63.0,100.0,36.0,67.0,65.0,50.0,85.0,109.0,94.0,71.0,73.0,133.0,155.0,35.0,160.0,146.0,92.0,78.0,149.0,141.0,124.0,92.0,40.0,18.0,57.0,19.0,78.0,102.0,141.0,129.0,76.0,96.0
R10,G-Pony,450.0,R10_080226_3.JPG,107.0,93.0,130.0,184.0,187.0,224.0,198.0,153.0,174.0,181.0,228.0,236.0,239.0,134.0,80.0,122.0,36.0,167.0,192.0,67.0,75.0,76.0,79.0,118.0,99.0,109.0,130.0,146.0,136.0,157.0,166.0,72.0,64.0,15.0,91.0,84.0,92.0,38.0,127.0,125.0,154.0,118.0,63.0,85.0,95.0,141.0,144.0,146.0,42.0,13.0,72.0,59.0,79.0,112.0,112.0,106.0,129.0,87.0,34.0,56.0,71.0,105.0,106.0,109.0,7.0,50.0,73.0,97.0,44.0,82.0,12.0,48.0,60.0,138.0,152.0,170.0,99.0,135.0,150.0,105.0,130.0,63.0,167.0,85.0,57.0,40.0,48.0,130.0,144.0,162.0,88.0,123.0,139.0,100.0,129.0,65.0,168.0,77.0,45.0,46.0,145.0,153.0,171.0,70.0,110.0,127.0,122.0,161.0,103.0,203.0,89.0,49.0,100.0,107.0,125.0,41.0,75.0,91.0,80.0,126.0,85.0,172.0,45.0,6.0,23.0,37.0,104.0,93.0,90.0,37.0,75.0,106.0,118.0,56.0,97.0,18.0,103.0,83.0,76.0,58.0,98.0,126.0,139.0,67.0,105.0,118.0,93.0,84.0,74.0,108.0,143.0,145.0,85.0,123.0,40.0,58.0,99.0,152.0,123.0,199.0,62.0,47.0,18.0,102.0,156.0,146.0,203.0,73.0,79.0,106.0,159.0,156.0,205.0,82.0,94.0,54.0,69.0,102.0,37.0,75.0,71.0,48.0,89.0,120.0,104.0,74.0,78.0,137.0,165.0,41.0,148.0,146.0,90.0,71.0,150.0,139.0,122.0,91.0,37.0,16.0,54.0,16.0,74.0,100.0,142.0,119.0,72.0,94.0
R10,G-Pony,450.0,R10_080226_4.JPG,93.0,92.0,126.0,170.0,173.0,214.0,190.0,155.0,177.0,188.0,226.0,238.0,241.0,130.0,79.0,110.0,38.0,161.0,181.0,60.0,69.0,77.0,80.0,121.0,101.0,106.0,129.0,146.0,141.0,162.0,171.0,69.0,59.0,16.0,83.0,84.0,93.0,36.0,120.0,117.0,150.0,113.0,64.0,87.0,100.0,142.0,148.0,150.0,40.0,13.0,66.0,60.0,76.0,105.0,104.0,98.0,124.0,82.0,37.0,60.0,77.0,107.0,112.0,115.0,5.0,49.0,66.0,96.0,41.0,75.0,11.0,49.0,61.0,131.0,147.0,165.0,100.0,135.0,150.0,101.0,126.0,62.0,160.0,82.0,56.0,42.0,50.0,123.0,137.0,156.0,89.0,123.0,138.0,94.0,124.0,63.0,160.0,73.0,45.0,49.0,140.0,149.0,166.0,70.0,109.0,126.0,120.0,159.0,104.0,199.0,89.0,52.0,92.0,100.0,117.0,42.0,73.0,89.0,77.0,123.0,86.0,168.0,42.0,9.0,23.0,40.0,103.0,95.0,92.0,38.0,76.0,102.0,120.0,52.0,89.0,19.0,101.0,84.0,78.0,60.0,98.0,124.0,142.0,65.0,99.0,114.0,92.0,82.0,77.0,111.0,142.0,152.0,83.0,116.0,39.0,57.0,102.0,154.0,126.0,200.0,66.0,50.0,18.0,108.0,161.0,149.0,208.0,79.0,80.0,112.0,163.0,159.0,210.0,86.0,94.0,53.0,65.0,100.0,37.0,71.0,68.0,47.0,87.0,116.0,98.0,73.0,77.0,134.0,160.0,37.0,160.0,146.0,94.0,77.0,149.0,138.0,123.0,88.0,40.0,18.0,54.0,16.0,77.0,101.0,141.0,124.0,74.0,93.0
R11,Warmblut,499.0,R11_080226_1.JPG,94.0,102.0,139.0,175.0,173.0,223.0,200.0,172.0,195.0,209.0,238.0,250.0,257.0,142.0,94.0,113.0,40.0,170.0,188.0,65.0,75.0,84.0,80.0,130.0,108.0,117.0,141.0,159.0,150.0,169.0,179.0,75.0,62.0,19.0,78.0,87.0,97.0,39.0,128.0,119.0,162.0,121.0,70.0,93.0,108.0,149.0,153.0,157.0,45.0,9.0,71.0,65.0,82.0,112.0,110.0,99.0,134.0,88.0,42.0,65.0,84.0,111.0,114.0,118.0,7.0,48.0,71.0,103.0,45.0,80.0,12.0,50.0,60.0,142.0,158.0,178.0,103.0,137.0,153.0,104.0,130.0,66.0,161.0,79.0,53.0,50.0,50.0,130.0,146.0,166.0,94.0,126.0,143.0,93.0,122.0,61.0,156.0,67.0,42.0,52.0,155.0,166.0,184.0,77.0,116.0,134.0,128.0,166.0,111.0,205.0,92.0,56.0,104.0,114.0,132.0,45.0,77.0,93.0,81.0,127.0,90.0,174.0,43.0,12.0,24.0,42.0,110.0,99.0,96.0,44.0,78.0,112.0,134.0,64.0,100.0,20.0,110.0,91.0,84.0,66.0,102.0,135.0,156.0,79.0,112.0,124.0,99.0,89.0,85.0,116.0,154.0,169.0,99.0,131.0,38.0,57.0,105.0,157.0,132.0,209.0,69.0,55.0,19.0,109.0,162.0,154.0,217.0,82.0,85.0,114.0,166.0,165.0,222.0,93.0,101.0,53.0,69.0,108.0,39.0,73.0,70.0,56.0,88.0,118.0,95.0,73.0,79.0,140.0,163.0,36.0,193.0,159.0,104.0,84.0,153.0,142.0,127.0,93.0,42.0,18.0,53.0,17.0,84.0,112.0,152.0,154.0,84.0,100.0
R11,Warmblut,499.0,R11_080226_2.JPG,95.0,110.0,140.0,172.0,169.0,216.0,198.0,171.0,196.0,210.0,231.0,242.0,250.0,145.0,95.0,114.0,42.0,172.0,188.0,65.0,75.0,78.0,74.0,121.0,106.0,115.0,141.0,160.0,141.0,160.0,172.0,75.0,62.0,18.0,78.0,87.0,95.0,33.0,118.0,110.0,148.0,112.0,62.0,88.0,104.0,134.0,137.0,143.0,40.0,15.0,69.0,70.0,76.0,104.0,103.0,94.0,124.0,83.0,40.0,66.0,84.0,102.0,104.0,110.0,8.0,48.0,70.0,103.0,46.0,77.0,10.0,47.0,59.0,135.0,155.0,174.0,97.0,129.0,146.0,98.0,124.0,60.0,155.0,74.0,51.0,47.0,51.0,125.0,145.0,164.0,89.0,120.0,137.0,88.0,117.0,57.0,150.0,64.0,42.0,47.0,146.0,160.0,176.0,71.0,108.0,126.0,117.0,157.0,103.0,195.0,82.0,49.0,100.0,112.0,129.0,39.0,70.0,87.0,76.0,124.0,88.0,170.0,38.0,11.0,27.0,45.0,103.0,91.0,91.0,41.0,76.0,110.0,130.0,64.0,97.0,19.0,106.0,85.0,79.0,67.0,102.0,136.0,154.0,82.0,112.0,119.0,93.0,84.0,85.0,117.0,154.0,168.0,100.0,130.0,37.0,55.0,95.0,148.0,125.0,199.0,59.0,49.0,18.0,98.0,152.0,145.0,206.0,73.0,78.0,105.0,158.0,158.0,213.0,85.0,95.0,54.0,69.0,108.0,38.0,70.0,69.0,55.0,89.0,115.0,94.0,73.0,77.0,140.0,160.0,33.0,199.0,159.0,103.0,84.0,146.0,138.0,117.0,87.0,45.0,18.0,50.0,17.0,83.0,115.0,151.0,158.0,82.0,95.0
R11,Warmblut,499.0,R11_080226_4.JPG,92.0,98.0,131.0,180.0,174.0,226.0,204.0,162.0,185.0,196.0,251.0,269.0,274.0,137.0,87.0,107.0,39.0,162.0,183.0,67.0,77.0,89.0,83.0,134.0,118.0,118.0,142.0,158.0,168.0,194.0,203.0,77.0,64.0,15.0,83.0,88.0,97.0,36.0,133.0,122.0,165.0,123.0,65.0,89.0,102.0,163.0,174.0,178.0,43.0,10.0,70.0,63.0,74.0,105.0,117.0,103.0,140.0,91.0,41.0,65.0,81.0,128.0,139.0,144.0,8.0,45.0,73.0,98.0,40.0,76.0,14.0,50.0,74.0,148.0,165.0,182.0,118.0,157.0,173.0,110.0,136.0,75.0,170.0,91.0,62.0,52.0,63.0,135.0,152.0,169.0,110.0,147.0,162.0,97.0,126.0,68.0,162.0,77.0,49.0,63.0,161.0,172.0,188.0,87.0,130.0,147.0,132.0,171.0,119.0,212.0,104.0,66.0,103.0,111.0,126.0,50.0,84.0,99.0,83.0,131.0,104.0,180.0,51.0,22.0,25.0,40.0,126.0,123.0,122.0,43.0,75.0,114.0,125.0,58.0,96.0,17.0,124.0,113.0,109.0,66.0,99.0,137.0,147.0,74.0,108.0,135.0,119.0,112.0,82.0,111.0,154.0,157.0,91.0,125.0,43.0,61.0,121.0,172.0,154.0,224.0,90.0,72.0,18.0,133.0,185.0,181.0,237.0,108.0,103.0,138.0,188.0,191.0,241.0,116.0,116.0,52.0,71.0,105.0,32.0,68.0,70.0,53.0,82.0,113.0,96.0,77.0,82.0,134.0,160.0,38.0,164.0,159.0,95.0,82.0,169.0,157.0,149.0,95.0,40.0,17.0,61.0,18.0,83.0,102.0,155.0,128.0,86.0,108.0
R12,G-Pony,401.0,R12_080226_1.JPG,96.0,95.0,126.0,173.0,172.0,214.0,193.0,154.0,175.0,187.0,229.0,243.0,251.0,131.0,79.0,113.0,35.0,165.0,184.0,62.0,70.0,78.0,76.0,118.0,101.0,108.0,132.0,149.0,140.0,161.0,173.0,69.0,57.0,18.0,80.0,84.0,92.0,32.0,122.0,116.0,149.0,115.0,61.0,84.0,98.0,144.0,152.0,157.0,39.0,16.0,66.0,62.0,79.0,107.0,108.0,100.0,127.0,89.0,39.0,63.0,79.0,113.0,120.0,125.0,8.0,47.0,66.0,94.0,50.0,81.0,9.0,45.0,58.0,138.0,156.0,174.0,95.0,128.0,145.0,101.0,125.0,62.0,157.0,77.0,54.0,42.0,49.0,129.0,147.0,165.0,87.0,120.0,136.0,93.0,120.0,59.0,155.0,68.0,44.0,45.0,147.0,160.0,176.0,65.0,101.0,120.0,119.0,156.0,100.0,194.0,82.0,49.0,104.0,115.0,132.0,40.0,70.0,87.0,81.0,125.0,84.0,168.0,40.0,9.0,24.0,41.0,116.0,110.0,110.0,41.0,76.0,104.0,119.0,65.0,99.0,18.0,119.0,106.0,102.0,64.0,99.0,127.0,141.0,80.0,112.0,133.0,115.0,108.0,82.0,113.0,144.0,152.0,97.0,129.0,37.0,55.0,106.0,156.0,123.0,201.0,65.0,49.0,19.0,113.0,166.0,146.0,213.0,79.0,77.0,120.0,172.0,159.0,219.0,90.0,93.0,53.0,63.0,100.0,42.0,73.0,66.0,47.0,91.0,117.0,95.0,69.0,75.0,137.0,159.0,34.0,171.0,148.0,97.0,79.0,145.0,136.0,118.0,87.0,40.0,16.0,54.0,18.0,79.0,110.0,140.0,139.0,76.0,92.0
R12,G-Pony,401.0,R12_080226_4.JPG,92.0,92.0,128.0,168.0,169.0,209.0,186.0,157.0,180.0,193.0,221.0,231.0,233.0,134.0,80.0,110.0,39.0,158.0,178.0,57.0,70.0,77.0,77.0,117.0,97.0,107.0,130.0,148.0,135.0,154.0,160.0,68.0,54.0,18.0,71.0,79.0,89.0,37.0,119.0,115.0,147.0,111.0,66.0,90.0,105.0,138.0,142.0,142.0,45.0,12.0,63.0,54.0,74.0,104.0,106.0,99.0,124.0,83.0,37.0,60.0,79.0,104.0,105.0,105.0,11.0,48.0,65.0,91.0,41.0,77.0,10.0,44.0,55.0,133.0,149.0,169.0,94.0,128.0,142.0,97.0,122.0,61.0,148.0,79.0,52.0,40.0,46.0,124.0,140.0,160.0,85.0,119.0,132.0,89.0,119.0,60.0,146.0,70.0,42.0,46.0,141.0,152.0,170.0,68.0,107.0,123.0,114.0,153.0,99.0,184.0,87.0,49.0,96.0,106.0,125.0,42.0,73.0,87.0,72.0,119.0,79.0,156.0,43.0,8.0,24.0,42.0,102.0,89.0,84.0,41.0,78.0,101.0,119.0,55.0,92.0,20.0,103.0,81.0,72.0,63.0,101.0,123.0,141.0,70.0,104.0,117.0,91.0,78.0,82.0,116.0,143.0,154.0,90.0,123.0,39.0,56.0,94.0,148.0,118.0,188.0,65.0,49.0,17.0,98.0,153.0,139.0,195.0,75.0,78.0,100.0,154.0,147.0,196.0,81.0,91.0,55.0,61.0,97.0,30.0,66.0,63.0,42.0,83.0,112.0,86.0,66.0,71.0,124.0,148.0,38.0,180.0,148.0,103.0,78.0,142.0,132.0,113.0,86.0,42.0,18.0,48.0,13.0,80.0,113.0,139.0,145.0,76.0,91.0
R12,G-Pony,401.0,R12_080226_3.JPG,90.0,98.0,128.0,163.0,166.0,199.0,186.0,157.0,182.0,193.0,219.0,236.0,244.0,133.0,80.0,103.0,37.0,161.0,175.0,60.0,68.0,75.0,77.0,109.0,99.0,107.0,132.0,148.0,134.0,156.0,167.0,68.0,54.0,13.0,74.0,81.0,87.0,33.0,116.0,111.0,137.0,110.0,60.0,85.0,99.0,136.0,144.0,150.0,40.0,18.0,63.0,63.0,75.0,100.0,100.0,93.0,113.0,81.0,39.0,64.0,81.0,104.0,110.0,117.0,8.0,49.0,65.0,95.0,44.0,73.0,12.0,39.0,55.0,131.0,149.0,168.0,88.0,123.0,139.0,94.0,119.0,63.0,148.0,73.0,49.0,33.0,43.0,122.0,139.0,158.0,77.0,112.0,127.0,86.0,117.0,64.0,148.0,63.0,38.0,39.0,136.0,148.0,166.0,60.0,97.0,114.0,106.0,145.0,96.0,180.0,74.0,42.0,98.0,109.0,126.0,36.0,68.0,84.0,74.0,121.0,86.0,162.0,39.0,11.0,26.0,42.0,108.0,101.0,102.0,41.0,77.0,103.0,121.0,61.0,93.0,19.0,110.0,94.0,91.0,65.0,102.0,128.0,145.0,76.0,106.0,125.0,105.0,99.0,82.0,115.0,145.0,156.0,95.0,125.0,38.0,55.0,97.0,149.0,122.0,192.0,61.0,47.0,17.0,105.0,160.0,145.0,205.0,76.0,76.0,112.0,166.0,157.0,212.0,86.0,91.0,55.0,63.0,101.0,36.0,65.0,61.0,46.0,88.0,111.0,85.0,71.0,75.0,132.0,151.0,32.0,183.0,148.0,98.0,80.0,140.0,128.0,112.0,84.0,42.0,16.0,53.0,16.0,80.0,114.0,142.0,147.0,76.0,91.0
R13,Warmblut,584.0,R13_080226_3.JPG,103.0,102.0,139.0,192.0,192.0,236.0,212.0,170.0,196.0,208.0,255.0,264.0,271.0,145.0,89.0,118.0,37.0,181.0,201.0,66.0,75.0,89.0,89.0,133.0,114.0,120.0,148.0,167.0,162.0,181.0,194.0,76.0,63.0,15.0,93.0,92.0,103.0,38.0,133.0,129.0,163.0,126.0,69.0,97.0,112.0,160.0,163.0,169.0,46.0,14.0,71.0,72.0,89.0,118.0,113.0,107.0,133.0,92.0,44.0,73.0,92.0,123.0,126.0,132.0,9.0,51.0,72.0,109.0,53.0,85.0,9.0,49.0,62.0,147.0,169.0,189.0,109.0,146.0,165.0,106.0,137.0,75.0,181.0,78.0,53.0,46.0,54.0,139.0,161.0,181.0,101.0,137.0,157.0,100.0,134.0,74.0,180.0,70.0,45.0,48.0,155.0,170.0,189.0,75.0,118.0,139.0,125.0,170.0,118.0,220.0,84.0,49.0,108.0,123.0,142.0,50.0,84.0,103.0,83.0,136.0,100.0,191.0,39.0,12.0,29.0,48.0,122.0,108.0,108.0,46.0,82.0,116.0,136.0,72.0,106.0,20.0,125.0,101.0,95.0,74.0,110.0,145.0,161.0,91.0,123.0,139.0,111.0,101.0,93.0,124.0,164.0,172.0,111.0,143.0,44.0,66.0,115.0,172.0,148.0,230.0,74.0,62.0,22.0,119.0,176.0,170.0,235.0,89.0,94.0,126.0,182.0,183.0,240.0,103.0,112.0,58.0,71.0,117.0,45.0,77.0,70.0,59.0,100.0,127.0,107.0,81.0,88.0,157.0,181.0,35.0,182.0,167.0,108.0,92.0,165.0,156.0,136.0,103.0,47.0,19.0,61.0,20.0,92.0,119.0,163.0,147.0,94.0,112.0
R13,Warmblut,584.0,R13_080226_2.JPG,112.0,110.0,150.0,205.0,207.0,251.0,228.0,181.0,203.0,212.0,275.0,286.0,292.0,155.0,98.0,127.0,41.0,192.0,215.0,68.0,78.0,93.0,94.0,139.0,123.0,124.0,150.0,167.0,174.0,196.0,208.0,82.0,69.0,15.0,100.0,98.0,109.0,41.0,135.0,131.0,166.0,130.0,72.0,97.0,111.0,171.0,177.0,182.0,46.0,12.0,72.0,75.0,89.0,120.0,113.0,106.0,134.0,92.0,46.0,71.0,90.0,131.0,136.0,143.0,6.0,53.0,74.0,116.0,50.0,84.0,12.0,53.0,69.0,148.0,167.0,187.0,115.0,153.0,173.0,111.0,143.0,79.0,190.0,84.0,58.0,46.0,57.0,138.0,157.0,177.0,104.0,141.0,161.0,103.0,140.0,80.0,189.0,73.0,45.0,51.0,155.0,167.0,187.0,75.0,119.0,141.0,130.0,176.0,124.0,231.0,89.0,51.0,105.0,117.0,136.0,52.0,84.0,104.0,87.0,141.0,109.0,201.0,43.0,15.0,26.0,44.0,128.0,117.0,117.0,44.0,83.0,120.0,142.0,67.0,104.0,20.0,129.0,110.0,105.0,68.0,107.0,145.0,163.0,83.0,118.0,144.0,119.0,111.0,87.0,119.0,164.0,172.0,104.0,138.0,45.0,68.0,125.0,184.0,161.0,246.0,83.0,67.0,23.0,131.0,189.0,184.0,252.0,98.0,98.0,138.0,194.0,198.0,257.0,111.0,117.0,59.0,77.0,122.0,44.0,80.0,76.0,63.0,101.0,131.0,113.0,87.0,95.0,162.0,189.0,38.0,171.0,167.0,103.0,90.0,170.0,158.0,141.0,102.0,44.0,19.0,66.0,22.0,87.0,108.0,164.0,134.0,92.0,113.0
R13,Warmblut,584.0,R13_080226_4.JPG,88.0,95.0,130.0,176.0,175.0,212.0,191.0,166.0,191.0,205.0,216.0,224.0,232.0,135.0,85.0,109.0,34.0,164.0,181.0,65.0,74.0,88.0,87.0,124.0,107.0,120.0,147.0,167.0,139.0,157.0,170.0,75.0,62.0,21.0,81.0,89.0,98.0,39.0,129.0,124.0,150.0,116.0,71.0,97.0,113.0,131.0,131.0,138.0,44.0,10.0,73.0,66.0,82.0,109.0,107.0,100.0,119.0,81.0,46.0,73.0,93.0,92.0,94.0,103.0,5.0,49.0,70.0,104.0,44.0,75.0,10.0,44.0,59.0,142.0,162.0,183.0,98.0,134.0,153.0,104.0,132.0,67.0,168.0,78.0,53.0,39.0,50.0,133.0,152.0,173.0,88.0,124.0,143.0,96.0,127.0,66.0,166.0,68.0,43.0,43.0,141.0,155.0,175.0,71.0,112.0,132.0,114.0,156.0,103.0,200.0,78.0,45.0,98.0,112.0,132.0,39.0,75.0,95.0,76.0,123.0,88.0,173.0,37.0,10.0,27.0,47.0,90.0,71.0,72.0,46.0,81.0,115.0,135.0,65.0,97.0,21.0,95.0,65.0,58.0,72.0,107.0,141.0,159.0,84.0,113.0,112.0,77.0,65.0,92.0,123.0,162.0,172.0,105.0,134.0,41.0,61.0,87.0,140.0,121.0,194.0,52.0,47.0,20.0,89.0,141.0,143.0,197.0,69.0,81.0,99.0,148.0,158.0,204.0,85.0,100.0,53.0,70.0,109.0,39.0,70.0,72.0,56.0,90.0,116.0,101.0,74.0,78.0,143.0,164.0,33.0,199.0,167.0,114.0,92.0,149.0,139.0,113.0,90.0,46.0,19.0,50.0,17.0,91.0,123.0,158.0,164.0,86.0,98.0
R13,Warmblut,584.0,R13_080226_5.JPG,86.0,94.0,127.0,173.0,174.0,212.0,190.0,163.0,190.0,206.0,217.0,225.0,233.0,133.0,82.0,105.0,33.0,163.0,180.0,64.0,72.0,87.0,87.0,126.0,107.0,117.0,146.0,166.0,139.0,157.0,170.0,74.0,59.0,18.0,78.0,88.0,97.0,37.0,128.0,124.0,152.0,117.0,69.0,97.0,114.0,133.0,133.0,140.0,44.0,12.0,70.0,65.0,81.0,109.0,107.0,101.0,122.0,83.0,45.0,74.0,94.0,97.0,98.0,107.0,7.0,47.0,67.0,100.0,46.0,76.0,9.0,46.0,59.0,140.0,161.0,181.0,98.0,134.0,153.0,103.0,130.0,69.0,164.0,78.0,53.0,41.0,50.0,133.0,153.0,173.0,89.0,126.0,144.0,97.0,127.0,69.0,163.0,70.0,44.0,44.0,142.0,157.0,174.0,71.0,112.0,131.0,116.0,157.0,107.0,199.0,80.0,47.0,99.0,113.0,131.0,39.0,76.0,95.0,77.0,124.0,90.0,171.0,38.0,10.0,29.0,49.0,93.0,75.0,76.0,44.0,81.0,112.0,132.0,64.0,96.0,21.0,97.0,67.0,60.0,72.0,109.0,140.0,159.0,83.0,113.0,112.0,76.0,65.0,93.0,126.0,160.0,174.0,103.0,132.0,42.0,61.0,90.0,143.0,124.0,194.0,54.0,48.0,20.0,92.0,145.0,144.0,198.0,70.0,81.0,101.0,152.0,159.0,204.0,85.0,100.0,54.0,68.0,107.0,39.0,70.0,68.0,53.0,90.0,115.0,95.0,74.0,80.0,140.0,162.0,33.0,200.0,167.0,115.0,95.0,150.0,141.0,114.0,91.0,49.0,20.0,51.0,17.0,92.0,126.0,159.0,166.0,86.0,98.0
R14,Vollblut,540.0,R14_080226_1.JPG,96.0,101.0,139.0,180.0,173.0,227.0,199.0,173.0,195.0,211.0,238.0,246.0,256.0,142.0,92.0,116.0,45.0,175.0,188.0,66.0,78.0,86.0,77.0,131.0,107.0,118.0,141.0,161.0,149.0,166.0,181.0,78.0,64.0,21.0,80.0,93.0,96.0,40.0,131.0,118.0,162.0,117.0,72.0,95.0,112.0,149.0,149.0,157.0,45.0,9.0,71.0,59.0,84.0,108.0,114.0,100.0,134.0,83.0,40.0,63.0,83.0,110.0,109.0,118.0,5.0,48.0,71.0,99.0,47.0,77.0,14.0,52.0,67.0,141.0,156.0,177.0,103.0,138.0,158.0,110.0,134.0,67.0,164.0,87.0,59.0,54.0,56.0,127.0,143.0,163.0,95.0,128.0,147.0,96.0,122.0,58.0,154.0,73.0,47.0,56.0,148.0,156.0,174.0,71.0,112.0,133.0,129.0,167.0,111.0,205.0,92.0,58.0,92.0,100.0,119.0,42.0,72.0,91.0,77.0,123.0,87.0,168.0,37.0,12.0,24.0,43.0,104.0,88.0,91.0,40.0,81.0,109.0,130.0,56.0,91.0,21.0,103.0,78.0,76.0,62.0,103.0,131.0,152.0,69.0,102.0,117.0,86.0,78.0,83.0,120.0,152.0,166.0,90.0,121.0,41.0,62.0,105.0,157.0,129.0,204.0,65.0,54.0,21.0,105.0,158.0,149.0,208.0,73.0,81.0,114.0,166.0,165.0,216.0,88.0,101.0,53.0,70.0,103.0,42.0,71.0,71.0,50.0,92.0,115.0,97.0,77.0,76.0,140.0,158.0,34.0,187.0,161.0,105.0,83.0,158.0,147.0,126.0,91.0,43.0,21.0,57.0,20.0,83.0,111.0,152.0,144.0,80.0,100.0
R14,Vollblut,540.0,R14_080226_3.JPG,102.0,99.0,140.0,184.0,186.0,230.0,208.0,168.0,191.0,203.0,252.0,268.0,270.0,146.0,91.0,122.0,42.0,178.0,193.0,64.0,78.0,84.0,84.0,129.0,110.0,118.0,143.0,162.0,157.0,182.0,188.0,76.0,64.0,20.0,87.0,91.0,94.0,41.0,132.0,128.0,163.0,126.0,71.0,95.0,110.0,163.0,172.0,173.0,49.0,8.0,71.0,61.0,86.0,113.0,117.0,111.0,137.0,94.0,40.0,65.0,84.0,125.0,131.0,131.0,11.0,49.0,74.0,103.0,49.0,83.0,10.0,51.0,64.0,150.0,169.0,190.0,110.0,148.0,162.0,108.0,135.0,66.0,170.0,89.0,56.0,46.0,54.0,142.0,161.0,181.0,100.0,138.0,152.0,102.0,132.0,65.0,169.0,80.0,46.0,49.0,160.0,173.0,193.0,74.0,117.0,134.0,127.0,169.0,109.0,211.0,94.0,55.0,112.0,124.0,143.0,49.0,84.0,98.0,83.0,133.0,90.0,181.0,47.0,15.0,25.0,44.0,128.0,121.0,115.0,45.0,78.0,114.0,128.0,66.0,106.0,21.0,131.0,115.0,105.0,68.0,102.0,137.0,150.0,82.0,121.0,146.0,126.0,114.0,88.0,116.0,157.0,161.0,102.0,141.0,43.0,61.0,115.0,171.0,138.0,222.0,77.0,64.0,20.0,123.0,180.0,165.0,233.0,92.0,96.0,124.0,181.0,173.0,234.0,97.0,108.0,57.0,69.0,110.0,38.0,73.0,73.0,53.0,94.0,120.0,104.0,77.0,75.0,145.0,167.0,40.0,185.0,161.0,108.0,83.0,162.0,152.0,132.0,98.0,43.0,18.0,58.0,16.0,85.0,113.0,153.0,145.0,82.0,106.0
R14,Vollblut,540.0,R14_080226_4.JPG,103.0,101.0,139.0,179.0,186.0,224.0,206.0,168.0,192.0,204.0,247.0,264.0,266.0,145.0,93.0,117.0,43.0,178.0,191.0,65.0,75.0,77.0,83.0,121.0,107.0,118.0,144.0,163.0,151.0,176.0,183.0,76.0,66.0,14.0,85.0,90.0,92.0,39.0,125.0,126.0,156.0,123.0,69.0,94.0,110.0,157.0,166.0,166.0,47.0,8.0,68.0,61.0,85.0,110.0,109.0,106.0,129.0,90.0,43.0,69.0,88.0,119.0,127.0,127.0,8.0,48.0,70.0,101.0,49.0,79.0,12.0,49.0,63.0,145.0,166.0,187.0,105.0,143.0,157.0,104.0,130.0,65.0,162.0,83.0,54.0,40.0,52.0,140.0,160.0,180.0,93.0,132.0,145.0,100.0,131.0,69.0,166.0,75.0,44.0,47.0,155.0,170.0,189.0,70.0,114.0,130.0,122.0,162.0,107.0,202.0,87.0,51.0,110.0,124.0,143.0,45.0,80.0,93.0,82.0,130.0,93.0,177.0,43.0,15.0,26.0,45.0,125.0,117.0,111.0,44.0,76.0,113.0,126.0,68.0,104.0,20.0,130.0,113.0,104.0,69.0,101.0,138.0,149.0,85.0,121.0,145.0,123.0,112.0,89.0,115.0,158.0,161.0,105.0,140.0,44.0,61.0,112.0,165.0,137.0,215.0,72.0,60.0,18.0,120.0,174.0,163.0,227.0,87.0,92.0,121.0,175.0,171.0,228.0,93.0,104.0,55.0,69.0,107.0,41.0,72.0,70.0,53.0,93.0,117.0,97.0,78.0,78.0,144.0,163.0,36.0,191.0,161.0,109.0,87.0,157.0,145.0,127.0,93.0,44.0,18.0,57.0,15.0,85.0,114.0,154.0,150.0,82.0,103.0
R15,G-Pony,455.0,R15_080226_2.JPG,90.0,94.0,125.0,158.0,153.0,197.0,181.0,155.0,180.0,195.0,218.0,238.0,245.0,129.0,82.0,101.0,37.0,157.0,171.0,61.0,65.0,71.0,64.0,108.0,94.0,102.0,127.0,147.0,132.0,158.0,169.0,65.0,57.0,11.0,74.0,77.0,83.0,35.0,118.0,108.0,143.0,112.0,62.0,87.0,103.0,140.0,151.0,155.0,41.0,12.0,64.0,59.0,77.0,103.0,101.0,90.0,117.0,81.0,37.0,62.0,82.0,105.0,116.0,120.0,6.0,45.0,62.0,92.0,44.0,73.0,11.0,43.0,57.0,128.0,146.0,167.0,93.0,132.0,149.0,96.0,119.0,61.0,145.0,75.0,51.0,44.0,50.0,117.0,135.0,156.0,88.0,125.0,141.0,85.0,110.0,54.0,138.0,64.0,42.0,43.0,134.0,146.0,165.0,64.0,105.0,124.0,111.0,147.0,97.0,180.0,78.0,45.0,92.0,103.0,122.0,39.0,75.0,92.0,75.0,118.0,83.0,158.0,38.0,10.0,26.0,45.0,104.0,100.0,99.0,37.0,73.0,99.0,120.0,57.0,89.0,21.0,105.0,90.0,85.0,62.0,98.0,123.0,144.0,72.0,102.0,119.0,99.0,89.0,82.0,114.0,143.0,159.0,92.0,122.0,42.0,61.0,100.0,148.0,121.0,191.0,63.0,50.0,20.0,111.0,161.0,149.0,207.0,82.0,83.0,116.0,165.0,160.0,213.0,92.0,99.0,50.0,61.0,97.0,38.0,68.0,62.0,48.0,85.0,109.0,84.0,68.0,72.0,129.0,148.0,33.0,178.0,147.0,98.0,82.0,148.0,140.0,123.0,91.0,45.0,20.0,59.0,18.0,82.0,108.0,142.0,143.0,81.0,98.0
R15,G-Pony,455.0,R15_080226_4.JPG,87.0,74.0,111.0,158.0,163.0,196.0,173.0,136.0,160.0,173.0,198.0,205.0,211.0,115.0,66.0,100.0,28.0,145.0,168.0,62.0,68.0,71.0,76.0,109.0,93.0,105.0,130.0,149.0,125.0,143.0,155.0,67.0,59.0,14.0,77.0,78.0,87.0,38.0,121.0,120.0,147.0,114.0,63.0,88.0,104.0,132.0,133.0,138.0,43.0,8.0,68.0,48.0,78.0,109.0,103.0,98.0,119.0,81.0,37.0,63.0,82.0,94.0,95.0,101.0,6.0,45.0,65.0,85.0,42.0,77.0,12.0,43.0,55.0,132.0,151.0,171.0,91.0,125.0,141.0,98.0,121.0,59.0,147.0,77.0,52.0,34.0,44.0,126.0,143.0,163.0,80.0,114.0,130.0,93.0,121.0,62.0,150.0,69.0,41.0,43.0,139.0,152.0,171.0,67.0,105.0,123.0,113.0,149.0,95.0,181.0,82.0,44.0,97.0,109.0,128.0,37.0,70.0,87.0,75.0,118.0,79.0,154.0,40.0,5.0,26.0,45.0,96.0,82.0,82.0,39.0,71.0,101.0,109.0,58.0,95.0,20.0,99.0,75.0,69.0,63.0,96.0,126.0,133.0,74.0,108.0,115.0,86.0,76.0,83.0,111.0,146.0,146.0,94.0,127.0,38.0,56.0,89.0,137.0,112.0,177.0,54.0,41.0,17.0,90.0,140.0,132.0,180.0,65.0,73.0,97.0,145.0,145.0,185.0,77.0,89.0,50.0,63.0,90.0,36.0,71.0,66.0,40.0,84.0,113.0,89.0,68.0,74.0,123.0,149.0,38.0,164.0,147.0,102.0,80.0,140.0,128.0,110.0,84.0,44.0,18.0,48.0,15.0,80.0,110.0,140.0,138.0,74.0,88.0
R15,G-Pony,455.0,R15_080226_5.JPG,77.0,61.0,98.0,149.0,151.0,185.0,160.0,125.0,150.0,163.0,185.0,192.0,197.0,102.0,57.0,92.0,27.0,134.0,156.0,63.0,67.0,72.0,75.0,109.0,92.0,106.0,131.0,150.0,124.0,142.0,153.0,67.0,61.0,17.0,72.0,79.0,88.0,39.0,122.0,120.0,147.0,114.0,65.0,89.0,104.0,132.0,133.0,137.0,43.0,5.0,70.0,36.0,80.0,110.0,103.0,97.0,119.0,81.0,38.0,64.0,83.0,94.0,95.0,100.0,6.0,42.0,64.0,74.0,43.0,78.0,12.0,43.0,54.0,133.0,152.0,172.0,91.0,124.0,140.0,98.0,122.0,57.0,141.0,78.0,52.0,35.0,42.0,125.0,143.0,163.0,78.0,112.0,129.0,93.0,120.0,59.0,142.0,68.0,40.0,42.0,139.0,152.0,171.0,66.0,103.0,121.0,113.0,148.0,93.0,173.0,81.0,44.0,97.0,110.0,129.0,37.0,70.0,87.0,76.0,116.0,76.0,144.0,40.0,4.0,26.0,44.0,95.0,81.0,79.0,39.0,69.0,102.0,99.0,59.0,95.0,20.0,99.0,76.0,68.0,65.0,94.0,126.0,122.0,75.0,109.0,115.0,87.0,75.0,83.0,109.0,146.0,135.0,94.0,128.0,37.0,56.0,89.0,135.0,109.0,165.0,52.0,40.0,18.0,91.0,137.0,130.0,169.0,63.0,72.0,96.0,141.0,142.0,173.0,75.0,88.0,47.0,62.0,78.0,38.0,72.0,68.0,32.0,83.0,112.0,84.0,67.0,72.0,113.0,140.0,37.0,157.0,147.0,103.0,81.0,138.0,126.0,107.0,84.0,43.0,17.0,47.0,15.0,81.0,108.0,139.0,130.0,73.0,87.0
R15,G-Pony,455.0,R15_080226_3.JPG,85.0,83.0,116.0,158.0,149.0,196.0,176.0,149.0,174.0,188.0,218.0,236.0,242.0,123.0,75.0,96.0,33.0,151.0,166.0,59.0,63.0,75.0,65.0,111.0,93.0,102.0,128.0,147.0,138.0,162.0,173.0,65.0,56.0,11.0,73.0,77.0,83.0,37.0,124.0,110.0,149.0,114.0,66.0,91.0,106.0,149.0,158.0,162.0,44.0,8.0,63.0,52.0,79.0,105.0,105.0,90.0,122.0,81.0,40.0,66.0,84.0,113.0,121.0,126.0,8.0,44.0,60.0,87.0,43.0,74.0,14.0,43.0,59.0,133.0,151.0,171.0,100.0,138.0,155.0,101.0,124.0,65.0,148.0,81.0,54.0,47.0,50.0,119.0,138.0,158.0,94.0,130.0,146.0,86.0,111.0,55.0,137.0,68.0,44.0,47.0,139.0,151.0,170.0,70.0,112.0,131.0,116.0,152.0,101.0,182.0,85.0,50.0,93.0,104.0,123.0,46.0,80.0,96.0,74.0,118.0,83.0,156.0,40.0,10.0,26.0,44.0,108.0,103.0,102.0,38.0,75.0,99.0,118.0,54.0,89.0,20.0,108.0,92.0,87.0,63.0,100.0,124.0,142.0,70.0,102.0,123.0,101.0,91.0,82.0,115.0,143.0,155.0,90.0,122.0,42.0,62.0,105.0,154.0,127.0,195.0,70.0,55.0,20.0,114.0,165.0,153.0,209.0,86.0,87.0,119.0,170.0,165.0,214.0,96.0,103.0,51.0,61.0,95.0,35.0,67.0,62.0,44.0,84.0,109.0,83.0,69.0,73.0,126.0,146.0,35.0,169.0,147.0,100.0,84.0,155.0,144.0,130.0,95.0,45.0,19.0,60.0,19.0,82.0,107.0,143.0,138.0,81.0,100.0
R15,G-Pony,455.0,R15_080226_6.JPG,81.0,68.0,104.0,152.0,157.0,183.0,166.0,132.0,156.0,169.0,185.0,193.0,200.0,109.0,64.0,92.0,29.0,140.0,160.0,60.0,65.0,72.0,77.0,104.0,93.0,104.0,130.0,149.0,118.0,137.0,149.0,67.0,61.0,12.0,74.0,79.0,86.0,38.0,118.0,117.0,138.0,110.0,65.0,90.0,105.0,123.0,127.0,132.0,44.0,4.0,64.0,42.0,79.0,106.0,98.0,93.0,109.0,76.0,39.0,65.0,84.0,86.0,89.0,96.0,5.0,42.0,61.0,80.0,42.0,73.0,14.0,39.0,56.0,128.0,148.0,168.0,86.0,118.0,135.0,95.0,120.0,60.0,144.0,75.0,51.0,28.0,43.0,121.0,138.0,158.0,72.0,105.0,122.0,90.0,120.0,65.0,146.0,65.0,37.0,40.0,130.0,144.0,162.0,61.0,97.0,114.0,105.0,141.0,92.0,171.0,73.0,39.0,91.0,104.0,122.0,30.0,62.0,79.0,71.0,114.0,81.0,148.0,36.0,7.0,26.0,45.0,88.0,74.0,74.0,38.0,68.0,100.0,104.0,57.0,91.0,20.0,93.0,70.0,64.0,63.0,92.0,126.0,127.0,74.0,105.0,108.0,81.0,71.0,83.0,108.0,145.0,141.0,93.0,124.0,35.0,53.0,80.0,127.0,107.0,164.0,45.0,36.0,18.0,84.0,130.0,127.0,168.0,58.0,67.0,91.0,136.0,140.0,174.0,71.0,84.0,47.0,62.0,85.0,37.0,69.0,66.0,38.0,83.0,109.0,84.0,70.0,74.0,119.0,143.0,34.0,166.0,147.0,107.0,83.0,132.0,118.0,100.0,76.0,44.0,18.0,46.0,16.0,80.0,109.0,140.0,137.0,71.0,82.0
